{"panel":{"width":40,"split":"v","content":[{"content":["Panel_Menu"]},{"width":-382,"split":"h","content":[{"width":227,"split":"h","content":[{"width":-241,"split":"v","content":[{"content":["Panel_Palette"]},{"content":["Panel_Color"]}]},{"width":-50,"split":"v","content":[{"content":["Panel_Preview"]},{"content":["Panel_Animation"]}]}]},{"width":40,"split":"v","content":[{"content":["Panel_Workspace"]},{"width":-269,"split":"v","content":[{"content":["Panel_Inspector"]},{"content":["Panel_Graph"]}]}]}]}]}}