{
    "panel": {
        "content": [{
            "content": [{
                "content": "Panel_Menu"
            }, {
                "content": "Panel_Animation"
            }],
            "split": "v",
            "width": -84
        }, {
            "content": [{
                "content": [{
                    "content": [{
                        "content": "Panel_Preview"
                    }, {
                        "content": "Panel_Preview"
                    }],
                    "split": "h",
                    "width": 480
                }, {
                    "content": "Panel_Graph"
                }],
                "split": "v",
                "width": -400
            }, {
                "content": [{
                    "content": "Panel_Workspace"
                }, {
                    "content": "Panel_Inspector"
                }],
                "split": "v",
                "width": 40
            }],
            "split": "h",
            "width": -360
        }],
        "split": "h",
        "width": 240
    }
}