{
    "color_picker_sample": {
        "path": "./icon/s_color_picker_sample_strip2.png",
        "subimages": 2,
        "xorigin": 0,
        "yorigin": 0,
        "slice": {
            "enabled": true,
            "left": 10,
            "right": 10,
            "top": 10,
            "bottom": 10
        }
    },
    "dialog_active": {
        "path": "./UI/s_dialog_active.png",
        "subimages": 1,
        "xorigin": 0,
        "yorigin": 0,
        "slice": {
            "enabled": true,
            "left": 8,
            "right": 8,
            "top": 8,
            "bottom": 8
        }
    },
    "dialog_bg": {
        "path": "./UI/s_dialog_bg.png",
        "subimages": 1,
        "xorigin": 0,
        "yorigin": 0,
        "slice": {
            "enabled": true,
            "left": 8,
            "right": 8,
            "top": 8,
            "bottom": 8
        }
    },
    "group_label": {
        "path": "./UI/s_group_label.png",
        "subimages": 1,
        "xorigin": 0,
        "yorigin": 0,
        "slice": {
            "enabled": true,
            "left": 7,
            "right": 7,
            "top": 7,
            "bottom": 7
        }
    },

    "workspace_horizontal": {
        "path": "./icon/s_workspace_0.png",
        "subimages": 1,
        "xorigin": 16,
        "yorigin": 16,
        "slice": null
    },
    "workspace_vertical": {
        "path": "./icon/s_workspace_1.png",
        "subimages": 1,
        "xorigin": 16,
        "yorigin": 16,
        "slice": null
    },

    "accept": {
        "path": "./icon/s_icon_accept_24.png",
        "subimages": 1,
        "xorigin": 24,
        "yorigin": 24,
        "slice": null
    },
    "add": {
        "path": "./icon/s_add_24.png",
        "subimages": 1,
        "xorigin": 24,
        "yorigin": 24,
        "slice": null
    },
    "animate_clock": {
        "path": "./icon/s_animate_clock_strip3.png",
        "subimages": 3,
        "xorigin": 16,
        "yorigin": 16,
        "slice": null
    },
    "animate_node_go": {
        "path": "./icon/s_animate_node_go.png",
        "subimages": 1,
        "xorigin": 10,
        "yorigin": 10,
        "slice": null
    },
    "animation_setting": {
        "path": "./icon/s_animation_setting.png",
        "subimages": 1,
        "xorigin": 24,
        "yorigin": 24,
        "slice": null
    },
    "animation_timing": {
        "path": "./icon/s_animation_timing.png",
        "subimages": 1,
        "xorigin": 24,
        "yorigin": 24,
        "slice": null
    },
    "arrow": {
        "path": "./icon/s_arrow_16_strip4.png",
        "subimages": 4,
        "xorigin": 16,
        "yorigin": 16,
        "slice": null
    },
    "button_path_icon": {
        "path": "./icon/s_button_path_icon.png",
        "subimages": 1,
        "xorigin": 24,
        "yorigin": 24,
        "slice": null
    },
    "button_path_not_found_icon": {
        "path": "./icon/s_button_path_not_found_icon.png",
        "subimages": 1,
        "xorigin": 24,
        "yorigin": 24,
        "slice": null
    },
    "cache": {
        "path": "./icon/s_cache.png",
        "subimages": 1,
        "xorigin": 24,
        "yorigin": 24,
        "slice": null
    },
    "circle": {
        "path": "./icon/s_circle_12.png",
        "subimages": 1,
        "xorigin": 12,
        "yorigin": 12,
        "slice": null
    },
    "color_picker_dropper": {
        "path": "./icon/s_color_picker_dropper.png",
        "subimages": 1,
        "xorigin": 24,
        "yorigin": 24,
        "slice": null
    },
    "file": {
        "path": "./icon/s_file.png",
        "subimages": 1,
        "xorigin": 24,
        "yorigin": 24,
        "slice": null
    },
    "fill": {
        "path": "./icon/s_fill_16.png",
        "subimages": 1,
        "xorigin": 16,
        "yorigin": 16,
        "slice": null
    },
    "folder": {
        "path": "./icon/s_folder_24.png",
        "subimages": 1,
        "xorigin": 24,
        "yorigin": 24,
        "slice": null
    },
    "folder_add": {
        "path": "./icon/s_folder_add_strip2.png",
        "subimages": 2,
        "xorigin": 24,
        "yorigin": 24,
        "slice": null
    },
    "folder_content": {
        "path": "./icon/s_folder_content_strip2.png",
        "subimages": 2,
        "xorigin": 24,
        "yorigin": 24,
        "slice": null
    },
    "gear": {
        "path": "./icon/s_gear_24.png",
        "subimages": 1,
        "xorigin": 24,
        "yorigin": 24,
        "slice": null
    },
    "grad_blend": {
        "path": "./icon/s_grad_blend.png",
        "subimages": 1,
        "xorigin": 24,
        "yorigin": 24,
        "slice": null
    },
    "graph": {
        "path": "./icon/s_graph.png",
        "subimages": 1,
        "xorigin": 24,
        "yorigin": 24,
        "slice": null
    },
    "group": {
        "path": "./icon/s_group_24.png",
        "subimages": 1,
        "xorigin": 24,
        "yorigin": 24,
        "slice": null
    },
    "group_s": {
        "path": "./icon/s_group_16.png",
        "subimages": 1,
        "xorigin": 16,
        "yorigin": 16,
        "slice": null
    },
    "hamburger": {
        "path": "./icon/s_hamburger.png",
        "subimages": 1,
        "xorigin": 24,
        "yorigin": 24,
        "slice": null
    },
    "junc_visible": {
        "path": "./icon/s_junc_visible_strip2.png",
        "subimages": 2,
        "xorigin": 16,
        "yorigin": 16,
        "slice": null
    },
    "loading": {
        "path": "./icon/s_loading.png",
        "subimages": 1,
        "xorigin": 64,
        "yorigin": 64,
        "slice": null
    },
    "loop": {
        "path": "./icon/s_loop_16.png",
        "subimages": 1,
        "xorigin": 16,
        "yorigin": 16,
        "slice": null
    },
    "minus": {
        "path": "./icon/s_minus_24.png",
        "subimages": 1,
        "xorigin": 24,
        "yorigin": 24,
        "slice": null
    },
    "node_processor": {
        "path": "./icon/s_node_processor.png",
        "subimages": 1,
        "xorigin": 16,
        "yorigin": 16,
        "slice": null
    },
    "padding_link": {
        "path": "./icon/s_padding_link_strip2.png",
        "subimages": 2,
        "xorigin": 24,
        "yorigin": 24,
        "slice": null
    },
    "refresh": {
        "path": "./icon/s_refresh_24.png",
        "subimages": 1,
        "xorigin": 24,
        "yorigin": 24,
        "slice": null
    },
    "refresh_s": {
        "path": "./icon/s_refresh_16.png",
        "subimages": 1,
        "xorigin": 16,
        "yorigin": 16,
        "slice": null
    },
    "scroll_box_arrow": {
        "path": "./icon/s_scroll_box_arrow.png",
        "subimages": 1,
        "xorigin": 24,
        "yorigin": 24,
        "slice": null
    },
    "search": {
        "path": "./icon/s_search_16.png",
        "subimages": 1,
        "xorigin": 16,
        "yorigin": 16,
        "slice": null
    },
    "sequence_control": {
        "path": "./icon/s_sequence_control_strip7.png",
        "subimages": 7,
        "xorigin": 24,
        "yorigin": 24,
        "slice": null
    },
    "sort": {
        "path": "./icon/s_sort_24.png",
        "subimages": 1,
        "xorigin": 24,
        "yorigin": 24,
        "slice": null
    },
    "text_bullet": {
        "path": "./icon/s_text_bullet_strip2.png",
        "subimages": 2,
        "xorigin": 24,
        "yorigin": 24,
        "slice": null
    },
    "text_slider": {
        "path": "./icon/s_slider.png",
        "subimages": 1,
        "xorigin": 24,
        "yorigin": 24,
        "slice": null
    },
    "timeline_clock": {
        "path": "./icon/s_timeline_clock.png",
        "subimages": 1,
        "xorigin": 12,
        "yorigin": 12,
        "slice": null
    },
    "timeline_graph": {
        "path": "./icon/s_timeline_graph.png",
        "subimages": 1,
        "xorigin": 16,
        "yorigin": 16,
        "slice": null
    },
    "view_mode": {
        "path": "./icon/s_view_mode_strip2.png",
        "subimages": 2,
        "xorigin": 24,
        "yorigin": 24,
        "slice": null
    },
    "icon_delete": {
        "path": "./icon/s_delete_16.png",
        "subimages": 1,
        "xorigin": 16,
        "yorigin": 16,
        "slice": null
    },
    "inspector_area": {
        "path": "./inspector/s_inspector_area_strip2.png",
        "subimages": 2,
        "xorigin": 72,
        "yorigin": 72,
        "slice": null
    },
    "inspector_padding": {
        "path": "./inspector/s_inspector_padding.png",
        "subimages": 1,
        "xorigin": 96,
        "yorigin": 96,
        "slice": null
    },
    "inspector_text_halign": {
        "path": "./inspector/s_inspector_text_halign_strip3.png",
        "subimages": 3,
        "xorigin": 24,
        "yorigin": 24,
        "slice": null
    },
    "inspector_text_valign": {
        "path": "./inspector/s_inspector_text_valign_strip3.png",
        "subimages": 3,
        "xorigin": 24,
        "yorigin": 24,
        "slice": null
    },
    "prop_gradient": {
        "path": "./inspector/s_prop_gradient_strip2.png",
        "subimages": 2,
        "xorigin": 20,
        "yorigin": 32,
        "slice": null
    },
    "prop_keyframe": {
        "path": "./inspector/s_prop_keyframe_strip3.png",
        "subimages": 3,
        "xorigin": 16,
        "yorigin": 16,
        "slice": null
    },
    "prop_on_end": {
        "path": "./inspector/s_prop_on_end_strip3.png",
        "subimages": 3,
        "xorigin": 16,
        "yorigin": 16,
        "slice": null
    },
    "prop_selecting": {
        "path": "./inspector/s_prop_selecting.png",
        "subimages": 1,
        "xorigin": 0,
        "yorigin": 0,
        "slice": {
            "enabled": true,
            "left": 23,
            "right": 23,
            "top": 23,
            "bottom": 23
        }
    },
    "rotator_bg": {
        "path": "./inspector/s_rotator_bg.png",
        "subimages": 1,
        "xorigin": 80,
        "yorigin": 80,
        "slice": null
    },
    "rotator_knob": {
        "path": "./inspector/s_rotator_knob_strip2.png",
        "subimages": 2,
        "xorigin": 20,
        "yorigin": 20,
        "slice": null
    },
    "icon_24": {
        "path": "./meta/s_icon_24.png",
        "subimages": 1,
        "xorigin": 24,
        "yorigin": 24,
        "slice": null
    },
    "icon_32": {
        "path": "./meta/s_icon_32.png",
        "subimages": 1,
        "xorigin": 32,
        "yorigin": 32,
        "slice": null
    },
    "icon_64": {
        "path": "./meta/s_icon_64.png",
        "subimages": 1,
        "xorigin": 64,
        "yorigin": 64,
        "slice": null
    },
    "node_draw_area": {
        "path": "./node/s_node_draw_area.png",
        "subimages": 1,
        "xorigin": 20,
        "yorigin": 20,
        "slice": null
    },
    "node_draw_path": {
        "path": "./node/s_node_draw_path.png",
        "subimages": 1,
        "xorigin": 20,
        "yorigin": 20,
        "slice": null
    },
    "node_junctions_array": {
        "path": "./node/s_node_junctions_array_strip12.png",
        "subimages": 12,
        "xorigin": 16,
        "yorigin": 16,
        "slice": null
    },
    "node_junctions_array_hover": {
        "path": "./node/s_node_junctions_array_hover_strip12.png",
        "subimages": 12,
        "xorigin": 16,
        "yorigin": 16,
        "slice": null
    },
    "node_junctions_single": {
        "path": "./node/s_node_junctions_single_strip12.png",
        "subimages": 12,
        "xorigin": 16,
        "yorigin": 16,
        "slice": null
    },
    "node_junctions_single_hover": {
        "path": "./node/s_node_junctions_single_hover_strip12.png",
        "subimages": 12,
        "xorigin": 16,
        "yorigin": 16,
        "slice": null
    },
    "node_pin_bg": {
        "path": "./node/s_node_pin.png",
        "subimages": 1,
        "xorigin": 0,
        "yorigin": 0,
        "slice": {
            "enabled": true,
            "left": 15,
            "right": 15,
            "top": 15,
            "bottom": 15
        }
    },
    "node_pin_bg_active": {
        "path": "./node/s_node_pin_active.png",
        "subimages": 2,
        "xorigin": 20,
        "yorigin": 20,
        "slice": {
            "enabled": true,
            "left": 19,
            "right": 19,
            "top": 19,
            "bottom": 19
        }
    },
    "node_active": {
        "path": "./node/s_node_active.png",
        "subimages": 1,
        "xorigin": 0,
        "yorigin": 0,
        "slice": {
            "enabled": true,
            "left": 7,
            "right": 7,
            "top": 7,
            "bottom": 7
        }
    },
    "node_bg": {
        "path": "./node/s_node_bg.png",
        "subimages": 1,
        "xorigin": 0,
        "yorigin": 0,
        "slice": {
            "enabled": true,
            "left": 7,
            "right": 7,
            "top": 7,
            "bottom": 7
        }
    },
    "node_bg_name": {
        "path": "./node/s_node_bg_name.png",
        "subimages": 1,
        "xorigin": 0,
        "yorigin": 0,
        "slice": {
            "enabled": true,
            "left": 7,
            "right": 7,
            "top": 7,
            "bottom": 7
        }
    },
    "node_error": {
        "path": "./node/s_node_error.png",
        "subimages": 1,
        "xorigin": 15,
        "yorigin": 15,
        "slice": {
            "enabled": true,
            "left": 15,
            "right": 15,
            "top": 15,
            "bottom": 15
        }
    },
    "node_frame_bg": {
        "path": "./node/s_node_frame_bg.png",
        "subimages": 1,
        "xorigin": 0,
        "yorigin": 0,
        "slice": {
            "enabled": true,
            "left": 7,
            "right": 7,
            "top": 7,
            "bottom": 7
        }
    },
    "node_junction_name_bg": {
        "path": "./node/s_node_junction_name_bg.png",
        "subimages": 1,
        "xorigin": 0,
        "yorigin": 0,
        "slice": {
            "enabled": true,
            "left": 15,
            "right": 15,
            "top": 15,
            "bottom": 15
        }
    },
    "node_resize": {
        "path": "./node/s_node_resize.png",
        "subimages": 1,
        "xorigin": 16,
        "yorigin": 16,
        "slice": null
    },
    "node_state": {
        "path": "./node/s_node_state_strip2.png",
        "subimages": 2,
        "xorigin": 12,
        "yorigin": 12,
        "slice": null
    },
    "icon_curve_connection": {
        "path": "./icon/s_icon_curve_connection_strip3.png",
        "subimages": 3,
        "xorigin": 24,
        "yorigin": 24,
        "slice": null
    },
    "icon_minimap": {
        "path": "./icon/s_icon_minimap_strip2.png",
        "subimages": 2,
        "xorigin": 24,
        "yorigin": 24,
        "slice": null
    },
    "menu_separator": {
        "path": "./UI/s_menu_separator.png",
        "subimages": 1,
        "xorigin": 3,
        "yorigin": 3,
        "slice": {
            "enabled": true,
            "left": 0,
            "right": 0,
            "top": 0,
            "bottom": 0
        }
    },
    "noti_icon_error": {
        "path": "./icon/s_noti_icon_error_strip2.png",
        "subimages": 2,
        "xorigin": 20,
        "yorigin": 20,
        "slice": null
    },
    "noti_icon_warning": {
        "path": "./icon/s_noti_icon_warning_strip2.png",
        "subimages": 2,
        "xorigin": 20,
        "yorigin": 20,
        "slice": null
    },
    "noti_icon_log": {
        "path": "./icon/s_noti_icon_log_strip2.png",
        "subimages": 2,
        "xorigin": 20,
        "yorigin": 20,
        "slice": null
    },
    "noti_icon_file_load": {
        "path": "./icon/s_noti_icon_file_load.png",
        "subimages": 1,
        "xorigin": 20,
        "yorigin": 20,
        "slice": null
    },
    "noti_icon_file_save": {
        "path": "./icon/s_noti_icon_file_save.png",
        "subimages": 1,
        "xorigin": 20,
        "yorigin": 20,
        "slice": null
    },
    "icon_center_canvas": {
        "path": "./icon/s_icon_center_canvas.png",
        "subimages": 1,
        "xorigin": 24,
        "yorigin": 24,
        "slice": null
    },
    "icon_grid": {
        "path": "./icon/s_icon_grid_strip2.png",
        "subimages": 2,
        "xorigin": 24,
        "yorigin": 24,
        "slice": null
    },
    "icon_grid_setting": {
        "path": "./icon/s_icon_grid_setting.png",
        "subimages": 1,
        "xorigin": 24,
        "yorigin": 24,
        "slice": null
    },
    "icon_preview_export": {
        "path": "./icon/s_icon_preview_export.png",
        "subimages": 1,
        "xorigin": 24,
        "yorigin": 24,
        "slice": null
    },
    "icon_reset_when_preview": {
        "path": "./icon/s_icon_reset_when_preview_strip2.png",
        "subimages": 2,
        "xorigin": 24,
        "yorigin": 24,
        "slice": null
    },
    "icon_split_view": {
        "path": "./icon/s_icon_split_view_strip3.png",
        "subimages": 3,
        "xorigin": 24,
        "yorigin": 24,
        "slice": null
    },
    "icon_active_split": {
        "path": "./icon/s_panel_active_split.png",
        "subimages": 1,
        "xorigin": 24,
        "yorigin": 24,
        "slice": null
    },
    "icon_splash_show_on_start": {
        "path": "./icon/s_icon_spalsh_show_on_start_strip2.png",
        "subimages": 2,
        "xorigin": 24,
        "yorigin": 24,
        "slice": null
    },
    "menu_button": {
        "path": "./UI/s_menu_button.png",
        "subimages": 1,
        "xorigin": 0,
        "yorigin": 0,
        "slice": {
            "enabled": true,
            "left": 3,
            "right": 3,
            "top": 3,
            "bottom": 3
        }
    },
    "menu_button_mask": {
        "path": "./UI/s_menu_white.png",
        "subimages": 1,
        "xorigin": 0,
        "yorigin": 0,
        "slice": {
            "enabled": true,
            "left": 5,
            "right": 5,
            "top": 5,
            "bottom": 5
        }
    },
    "toolbar_shadow": {
        "path": "./UI/s_toolbar_shadow.png",
        "subimages": 1,
        "xorigin": 6,
        "yorigin": 6,
        "slice": null
    },
    "ui_panel_active": {
        "path": "./UI/s_ui_panel_active.png",
        "subimages": 1,
        "xorigin": 0,
        "yorigin": 0,
        "slice": {
            "enabled": true,
            "left": 4,
            "right": 4,
            "top": 4,
            "bottom": 4
        }
    },
    "ui_panel_bg": {
        "path": "./UI/s_ui_panel_bg_strip2.png",
        "subimages": 2,
        "xorigin": 0,
        "yorigin": 0,
        "slice": {
            "enabled": true,
            "left": 4,
            "right": 4,
            "top": 4,
            "bottom": 4
        }
    },
    "ui_panel_bg_dark": {
        "path": "./UI/s_ui_panel_bg_dark.png",
        "subimages": 1,
        "xorigin": 0,
        "yorigin": 0,
        "slice": {
            "enabled": true,
            "left": 4,
            "right": 4,
            "top": 4,
            "bottom": 4
        }
    },
    "ui_scrollbar": {
        "path": "./UI/s_ui_scroll_bar.png",
        "subimages": 1,
        "xorigin": 0,
        "yorigin": 0,
        "slice": {
            "enabled": true,
            "left": 1,
            "right": 1,
            "top": 1,
            "bottom": 1
        }
    },
    "cursor_path_add": {
        "path": "./preview/s_cursor_path_add.png",
        "subimages": 1,
        "xorigin": 0,
        "yorigin": 0,
        "slice": null
    },
    "cursor_path_anchor": {
        "path": "./preview/s_cursor_path_anchor.png",
        "subimages": 1,
        "xorigin": 0,
        "yorigin": 0,
        "slice": null
    },
    "cursor_path_move": {
        "path": "./preview/s_cursor_path_move.png",
        "subimages": 1,
        "xorigin": 0,
        "yorigin": 0,
        "slice": null
    },
    "cursor_path_remove": {
        "path": "./preview/s_cursor_path_remove.png",
        "subimages": 1,
        "xorigin": 0,
        "yorigin": 0,
        "slice": null
    },
    "anchor": {
        "path": "./preview/s_anchor.png",
        "subimages": 1,
        "xorigin": 20,
        "yorigin": 20,
        "slice": null
    },
    "anchor_rotate": {
        "path": "./preview/s_anchor_rotate_strip2.png",
        "subimages": 2,
        "xorigin": 24,
        "yorigin": 24,
        "slice": null
    },
    "anchor_scale": {
        "path": "./preview/s_anchor_scale_strip2.png",
        "subimages": 2,
        "xorigin": 24,
        "yorigin": 24,
        "slice": null
    },
    "anchor_scale_hori": {
        "path": "./preview/s_anchor_scale_hori_strip2.png",
        "subimages": 2,
        "xorigin": 24,
        "yorigin": 24,
        "slice": null
    },
    "anchor_selector": {
        "path": "./preview/anchor_selector_strip3.png",
        "subimages": 3,
        "xorigin": 18,
        "yorigin": 18,
        "slice": null
    },
    "preview_crosshair": {
        "path": "./preview/s_preview_crosshair.png",
        "subimages": 1,
        "xorigin": 14,
        "yorigin": 14,
        "slice": null
    },
    "timeline_ease": {
        "path": "./timeline/s_timeline_ease_strip4.png",
        "subimages": 4,
        "xorigin": 24,
        "yorigin": 24,
        "slice": null
    },
    "timeline_elastic": {
        "path": "./timeline/s_timeline_elastic.png",
        "subimages": 1,
        "xorigin": 16,
        "yorigin": 4,
        "slice": {
            "enabled": true,
            "left": 0,
            "right": 0,
            "top": 0,
            "bottom": 0
        }
    },
    "timeline_keyframe": {
        "path": "./timeline/s_timeline_keyframes_strip4.png",
        "subimages": 4,
        "xorigin": 16,
        "yorigin": 16,
        "slice": null
    },
    "timeline_keyframe_selecting": {
        "path": "./timeline/s_timeline_keyframe_selecting.png",
        "subimages": 1,
        "xorigin": 20,
        "yorigin": 20,
        "slice": null
    },
    "timeline_key_halign": {
        "path": "./inspector/s_inspector_obj_halign_strip3.png",
        "subimages": 3,
        "xorigin": 24,
        "yorigin": 24,
        "slice": null
    },
    "canvas_tools_bucket": {
        "path": "./tool/s_canvas_tools_bucket.png",
        "subimages": 1,
        "xorigin": 24,
        "yorigin": 24,
        "slice": null
    },
    "canvas_tools_ellip": {
        "path": "./tool/s_canvas_tools_ellip.png",
        "subimages": 1,
        "xorigin": 24,
        "yorigin": 24,
        "slice": null
    },
    "canvas_tools_ellip_fill": {
        "path": "./tool/s_canvas_tools_ellip_fill.png",
        "subimages": 1,
        "xorigin": 24,
        "yorigin": 24,
        "slice": null
    },
    "canvas_tools_eraser": {
        "path": "./tool/s_canvas_tools_eraser.png",
        "subimages": 1,
        "xorigin": 24,
        "yorigin": 24,
        "slice": null
    },
    "canvas_tools_pencil": {
        "path": "./tool/s_canvas_tools_pencil.png",
        "subimages": 1,
        "xorigin": 24,
        "yorigin": 24,
        "slice": null
    },
    "canvas_tools_rect": {
        "path": "./tool/s_canvas_tools_rect.png",
        "subimages": 1,
        "xorigin": 24,
        "yorigin": 24,
        "slice": null
    },
    "canvas_tools_rect_fill": {
        "path": "./tool/s_canvas_tools_rect_fill.png",
        "subimages": 1,
        "xorigin": 24,
        "yorigin": 24,
        "slice": null
    },
    "control_edit": {
        "path": "./tool/s_control_edit.png",
        "subimages": 1,
        "xorigin": 24,
        "yorigin": 24,
        "slice": null
    },
    "control_pin": {
        "path": "./tool/s_control_pin.png",
        "subimages": 1,
        "xorigin": 24,
        "yorigin": 24,
        "slice": null
    },
    "control_unpin": {
        "path": "./tool/s_control_unpin.png",
        "subimages": 1,
        "xorigin": 24,
        "yorigin": 24,
        "slice": null
    },
    "path_tools_add": {
        "path": "./tool/s_path_tools_add.png",
        "subimages": 1,
        "xorigin": 24,
        "yorigin": 24,
        "slice": null
    },
    "path_tools_anchor": {
        "path": "./tool/s_path_tools_anchor.png",
        "subimages": 1,
        "xorigin": 24,
        "yorigin": 24,
        "slice": null
    },
    "splice_draw": {
        "path": "./tool/s_splice_draw.png",
        "subimages": 1,
        "xorigin": 24,
        "yorigin": 24,
        "slice": null
    },
    "button": {
        "path": "./widget/s_button_strip3.png",
        "subimages": 3,
        "xorigin": 0,
        "yorigin": 0,
        "slice": {
            "enabled": true,
            "left": 7,
            "right": 7,
            "top": 7,
            "bottom": 7
        }
    },
    "button_hide": {
        "path": "./widget/s_button_hide_strip3.png",
        "subimages": 3,
        "xorigin": 0,
        "yorigin": 0,
        "slice": {
            "enabled": true,
            "left": 7,
            "right": 7,
            "top": 7,
            "bottom": 7
        }
    },
    "button_hide_fill": {
        "path": "./widget/s_button_hide_fill_strip3.png",
        "subimages": 3,
        "xorigin": 0,
        "yorigin": 0,
        "slice": {
            "enabled": true,
            "left": 7,
            "right": 7,
            "top": 7,
            "bottom": 7
        }
    },
    "button_left": {
        "path": "./widget/s_button_left_strip3.png",
        "subimages": 3,
        "xorigin": 0,
        "yorigin": 0,
        "slice": {
            "enabled": true,
            "left": 7,
            "right": 7,
            "top": 7,
            "bottom": 7
        }
    },
    "button_lime": {
        "path": "./widget/s_button_lime_strip3.png",
        "subimages": 3,
        "xorigin": 0,
        "yorigin": 0,
        "slice": {
            "enabled": true,
            "left": 7,
            "right": 7,
            "top": 7,
            "bottom": 7
        }
    },
    "button_middle": {
        "path": "./widget/s_button_middle_strip3.png",
        "subimages": 3,
        "xorigin": 0,
        "yorigin": 0,
        "slice": {
            "enabled": true,
            "left": 7,
            "right": 7,
            "top": 7,
            "bottom": 7
        }
    },
    "button_right": {
        "path": "./widget/s_button_right_strip3.png",
        "subimages": 3,
        "xorigin": 0,
        "yorigin": 0,
        "slice": {
            "enabled": true,
            "left": 7,
            "right": 7,
            "top": 7,
            "bottom": 7
        }
    },
    "checkbox": {
        "path": "./widget/s_checkbox_strip4.png",
        "subimages": 4,
        "xorigin": 0,
        "yorigin": 0,
        "slice": {
            "enabled": true,
            "left": 7,
            "right": 7,
            "top": 7,
            "bottom": 7
        }
    },
    "slider": {
        "path": "./widget/s_slider_strip5.png",
        "subimages": 5,
        "xorigin": 0,
        "yorigin": 0,
        "slice": {
            "enabled": true,
            "left": 4,
            "right": 4,
            "top": 4,
            "bottom": 4
        }
    },
    "textbox": {
        "path": "./widget/s_textbox_strip4.png",
        "subimages": 4,
        "xorigin": 0,
        "yorigin": 0,
        "slice": {
            "enabled": true,
            "left": 5,
            "right": 5,
            "top": 5,
            "bottom": 5
        }
    }
}