{
	"name": "2D Light",
	"outputs": [
		{
			"name": "Surface out",
			"visible": true,
			"tooltip": "",
			"type": 4
		},
		{
			"name": "Light only",
			"visible": true,
			"tooltip": "",
			"type": 4
		}
	],
	"tooltip": "",
	"inputs": [
		{
			"name": "Surface in",
			"visible": true,
			"tooltip": "",
			"type": 4
		},
		{
			"name": "Light shape",
			"visible": false,
			"tooltip": "",
			"type": 0
		},
		{
			"name": "Center",
			"visible": false,
			"tooltip": "",
			"type": 1
		},
		{
			"name": "Range",
			"visible": false,
			"tooltip": "",
			"type": 1
		},
		{
			"name": "Intensity",
			"visible": false,
			"tooltip": "",
			"type": 1
		},
		{
			"name": "Color",
			"visible": false,
			"tooltip": "",
			"type": 3
		},
		{
			"name": "Start",
			"visible": false,
			"tooltip": "",
			"type": 0
		},
		{
			"name": "Finish",
			"visible": false,
			"tooltip": "",
			"type": 0
		},
		{
			"name": "Sweep",
			"visible": false,
			"tooltip": "",
			"type": 0
		},
		{
			"name": "Sweep end",
			"visible": false,
			"tooltip": "",
			"type": 0
		},
		{
			"name": "Banding",
			"visible": false,
			"tooltip": "",
			"type": 0
		},
		{
			"name": "Attenuation",
			"visible": false,
			"tooltip": "Control how light fade out over distance.",
			"type": 0
		},
		{
			"name": "Radial banding",
			"visible": false,
			"tooltip": "",
			"type": 0
		},
		{
			"name": "Radial start",
			"visible": false,
			"tooltip": "",
			"type": 0
		},
		{
			"name": "Radial band ratio",
			"visible": false,
			"tooltip": "",
			"type": 1
		},
		{
			"name": "Active",
			"visible": false,
			"tooltip": "",
			"type": 2
		}
	],
	"node": "Node_2D_light"
}