{
	"name": "3D Cone",
	"outputs": [
		{
			"name": "Surface out",
			"visible": true,
			"tooltip": "",
			"type": 4
		},
		{
			"name": "3D object",
			"visible": true,
			"tooltip": "",
			"type": 10
		},
		{
			"name": "Normal pass",
			"visible": true,
			"tooltip": "",
			"type": 4
		}
	],
	"tooltip": "",
	"inputs": [
		{
			"name": "Dimension",
			"visible": false,
			"tooltip": "",
			"type": 0
		},
		{
			"name": "Render position",
			"visible": false,
			"tooltip": "",
			"type": 1
		},
		{
			"name": "Render rotation",
			"visible": false,
			"tooltip": "",
			"type": 1
		},
		{
			"name": "Render scale",
			"visible": false,
			"tooltip": "",
			"type": 1
		},
		{
			"name": "Object scale",
			"visible": false,
			"tooltip": "",
			"type": 1
		},
		{
			"name": "Light direction",
			"visible": false,
			"tooltip": "",
			"type": 1
		},
		{
			"name": "Light height",
			"visible": false,
			"tooltip": "",
			"type": 1
		},
		{
			"name": "Light intensity",
			"visible": false,
			"tooltip": "",
			"type": 1
		},
		{
			"name": "Light color",
			"visible": false,
			"tooltip": "",
			"type": 3
		},
		{
			"name": "Ambient color",
			"visible": false,
			"tooltip": "",
			"type": 3
		},
		{
			"name": "Object rotation",
			"visible": false,
			"tooltip": "",
			"type": 1
		},
		{
			"name": "Object position",
			"visible": false,
			"tooltip": "",
			"type": 1
		},
		{
			"name": "Projection",
			"visible": false,
			"tooltip": "",
			"type": 0
		},
		{
			"name": "Field of view",
			"visible": false,
			"tooltip": "",
			"type": 1
		},
		{
			"name": "Sides",
			"visible": false,
			"tooltip": "",
			"type": 0
		},
		{
			"name": "Textures base",
			"visible": true,
			"tooltip": "",
			"type": 4
		},
		{
			"name": "Textures side",
			"visible": true,
			"tooltip": "",
			"type": 4
		},
		{
			"name": "Scale view with dimension",
			"visible": false,
			"tooltip": "",
			"type": 2
		}
	],
	"node": "Node_3D_Cone"
}