{
	"name": "3D Object",
	"outputs": [
		{
			"name": "Surface out",
			"visible": true,
			"tooltip": "",
			"type": 4
		},
		{
			"name": "3D object",
			"visible": true,
			"tooltip": "",
			"type": 10
		},
		{
			"name": "Normal pass",
			"visible": true,
			"tooltip": "",
			"type": 4
		}
	],
	"inputs": [
		{
			"name": "Path",
			"visible": true,
			"tooltip": "",
			"type": 5
		},
		{
			"name": "Generate",
			"visible": false,
			"tooltip": "",
			"type": 19
		},
		{
			"name": "Dimension",
			"visible": false,
			"tooltip": "",
			"type": 0
		},
		{
			"name": "Render position",
			"visible": false,
			"tooltip": "",
			"type": 1
		},
		{
			"name": "Render rotation",
			"visible": false,
			"tooltip": "",
			"type": 1
		},
		{
			"name": "Render scale",
			"visible": false,
			"tooltip": "",
			"type": 1
		},
		{
			"name": "Light direction",
			"visible": false,
			"tooltip": "",
			"type": 1
		},
		{
			"name": "Light height",
			"visible": false,
			"tooltip": "",
			"type": 1
		},
		{
			"name": "Light intensity",
			"visible": false,
			"tooltip": "",
			"type": 1
		},
		{
			"name": "Light color",
			"visible": false,
			"tooltip": "",
			"type": 3
		},
		{
			"name": "Ambient color",
			"visible": false,
			"tooltip": "",
			"type": 3
		},
		{
			"name": "Object scale",
			"visible": false,
			"tooltip": "",
			"type": 1
		},
		{
			"name": "Flip UV",
			"visible": false,
			"tooltip": "Flip UV axis, can be use to fix some texture mapping error.",
			"type": 2
		},
		{
			"name": "Object rotation",
			"visible": false,
			"tooltip": "",
			"type": 1
		},
		{
			"name": "Object position",
			"visible": false,
			"tooltip": "",
			"type": 1
		},
		{
			"name": "Projection",
			"visible": false,
			"tooltip": "",
			"type": 0
		},
		{
			"name": "Field of view",
			"visible": false,
			"tooltip": "",
			"type": 1
		},
		{
			"name": "Scale view with dimension",
			"visible": false,
			"tooltip": "",
			"type": 2
		}
	],
	"tooltip": "",
	"node": "Node_3D_Obj"
}