{
	"name": "3D Plane",
	"outputs": [
		{
			"name": "Surface out",
			"visible": true,
			"tooltip": "",
			"type": 4
		},
		{
			"name": "3D object",
			"visible": true,
			"tooltip": "",
			"type": 10
		}
	],
	"tooltip": "",
	"inputs": [
		{
			"name": "Surface in",
			"visible": true,
			"tooltip": "",
			"type": 4
		},
		{
			"name": "Render position",
			"visible": false,
			"tooltip": "",
			"type": 1
		},
		{
			"name": "Object rotation",
			"visible": false,
			"tooltip": "",
			"type": 1
		},
		{
			"name": "Render scale",
			"visible": false,
			"tooltip": "",
			"type": 1
		},
		{
			"name": "Output dimension",
			"visible": false,
			"tooltip": "",
			"type": 0
		},
		{
			"name": "Constant dimension",
			"visible": false,
			"tooltip": "",
			"type": 0
		},
		{
			"name": "Object position",
			"visible": false,
			"tooltip": "",
			"type": 1
		},
		{
			"name": "Object scale",
			"visible": false,
			"tooltip": "",
			"type": 1
		},
		{
			"name": "Projection",
			"visible": false,
			"tooltip": "",
			"type": 0
		},
		{
			"name": "Field of view",
			"visible": false,
			"tooltip": "",
			"type": 1
		},
		{
			"name": "Texture scale",
			"visible": false,
			"tooltip": "",
			"type": 1
		},
		{
			"name": "Texture shift",
			"visible": false,
			"tooltip": "",
			"type": 1
		}
	],
	"node": "Node_3D_Plane"
}