{
	"name": "3D Repeat",
	"outputs": [
		{
			"name": "Surface out",
			"visible": true,
			"tooltip": "",
			"type": 4
		},
		{
			"name": "3D objects",
			"visible": true,
			"tooltip": "",
			"type": 10
		},
		{
			"name": "Normal pass",
			"visible": true,
			"tooltip": "",
			"type": 4
		}
	],
	"tooltip": "",
	"inputs": [
		{
			"name": "Dimension",
			"visible": false,
			"tooltip": "",
			"type": 0
		},
		{
			"name": "Object position",
			"visible": false,
			"tooltip": "",
			"type": 1
		},
		{
			"name": "Object rotation",
			"visible": false,
			"tooltip": "",
			"type": 1
		},
		{
			"name": "Object scale",
			"visible": false,
			"tooltip": "",
			"type": 1
		},
		{
			"name": "Render position",
			"visible": false,
			"tooltip": "",
			"type": 1
		},
		{
			"name": "Render scale",
			"visible": false,
			"tooltip": "",
			"type": 1
		},
		{
			"name": "Light direction",
			"visible": false,
			"tooltip": "",
			"type": 1
		},
		{
			"name": "Light height",
			"visible": false,
			"tooltip": "",
			"type": 1
		},
		{
			"name": "Light intensity",
			"visible": false,
			"tooltip": "",
			"type": 1
		},
		{
			"name": "Light color",
			"visible": false,
			"tooltip": "",
			"type": 3
		},
		{
			"name": "Ambient color",
			"visible": false,
			"tooltip": "",
			"type": 3
		},
		{
			"name": "3D object",
			"visible": true,
			"tooltip": "",
			"type": 10
		},
		{
			"name": "Repeat",
			"visible": false,
			"tooltip": "Amount of copies to be generated.",
			"type": 0
		},
		{
			"name": "Repeat position",
			"visible": false,
			"tooltip": "",
			"type": 1
		},
		{
			"name": "Repeat rotation",
			"visible": false,
			"tooltip": "",
			"type": 1
		},
		{
			"name": "Repeat scale",
			"visible": false,
			"tooltip": "",
			"type": 1
		},
		{
			"name": "Repeat pattern",
			"visible": false,
			"tooltip": "",
			"type": 0
		},
		{
			"name": "Axis",
			"visible": false,
			"tooltip": "",
			"type": 0
		},
		{
			"name": "Radius",
			"visible": false,
			"tooltip": "",
			"type": 1
		},
		{
			"name": "Rotation",
			"visible": false,
			"tooltip": "",
			"type": 0
		},
		{
			"name": "Projection",
			"visible": false,
			"tooltip": "",
			"type": 0
		},
		{
			"name": "Field of view",
			"visible": false,
			"tooltip": "",
			"type": 1
		},
		{
			"name": "Scale view with dimension",
			"visible": false,
			"tooltip": "",
			"type": 2
		}
	],
	"node": "Node_3D_Repeat"
}