{
	"name": "4 Points Gradient",
	"outputs": [
		{
			"name": "Surface out",
			"visible": true,
			"tooltip": "",
			"type": 4
		}
	],
	"tooltip": "",
	"inputs": [
		{
			"name": "Dimension",
			"visible": false,
			"tooltip": "",
			"type": 0
		},
		{
			"name": "Center 1",
			"visible": false,
			"tooltip": "",
			"type": 1
		},
		{
			"name": "Color 1",
			"visible": false,
			"tooltip": "",
			"type": 3
		},
		{
			"name": "Center 2",
			"visible": false,
			"tooltip": "",
			"type": 1
		},
		{
			"name": "Color 2",
			"visible": false,
			"tooltip": "",
			"type": 3
		},
		{
			"name": "Center 3",
			"visible": false,
			"tooltip": "",
			"type": 1
		},
		{
			"name": "Color 3",
			"visible": false,
			"tooltip": "",
			"type": 3
		},
		{
			"name": "Center 4",
			"visible": false,
			"tooltip": "",
			"type": 1
		},
		{
			"name": "Color 4",
			"visible": false,
			"tooltip": "",
			"type": 3
		},
		{
			"name": "Use palette",
			"visible": false,
			"tooltip": "",
			"type": 2
		},
		{
			"name": "Palette",
			"visible": false,
			"tooltip": "",
			"type": 3
		}
	],
	"node": "Node_Gradient_Points"
}