{
	"name": "Add Fluid",
	"outputs": [
		{
			"name": "Fluid Domain",
			"visible": true,
			"tooltip": "",
			"type": 15
		}
	],
	"inputs": [
		{
			"name": "Fluid Domain",
			"visible": true,
			"tooltip": "",
			"type": 15
		},
		{
			"name": "Fluid brush",
			"visible": true,
			"tooltip": "",
			"type": 4
		},
		{
			"name": "Position",
			"visible": false,
			"tooltip": "",
			"type": 1
		},
		{
			"name": "Active",
			"visible": false,
			"tooltip": "",
			"type": 2
		},
		{
			"name": "Inherit velocity",
			"visible": false,
			"tooltip": "",
			"type": 1
		},
		{
			"name": "Density",
			"visible": false,
			"tooltip": "",
			"type": 1
		}
	],
	"tooltip": "",
	"node": "Node_Fluid_Add"
}