{
	"name": "Alpha Cutoff",
	"outputs": [
		{
			"name": "Surface out",
			"visible": true,
			"tooltip": "",
			"type": 4
		}
	],
	"inputs": [
		{
			"name": "Surface in",
			"visible": true,
			"tooltip": "",
			"type": 4
		},
		{
			"name": "Minimum",
			"visible": false,
			"tooltip": "Any pixel with less alpha (more transparent) than this will be removed.",
			"type": 1
		},
		{
			"name": "Mask",
			"visible": true,
			"tooltip": "",
			"type": 4
		},
		{
			"name": "Mix",
			"visible": false,
			"tooltip": "",
			"type": 1
		},
		{
			"name": "Active",
			"visible": false,
			"tooltip": "",
			"type": 2
		}
	],
	"tooltip": "",
	"node": "Node_Alpha_Cutoff"
}