{
	"name": "Animation",
	"outputs": [
		{
			"name": "Surface out",
			"visible": true,
			"tooltip": "",
			"type": 4
		}
	],
	"inputs": [
		{
			"name": "Path",
			"visible": true,
			"tooltip": "",
			"type": 5
		},
		{
			"name": "Padding",
			"visible": false,
			"tooltip": "",
			"type": 0
		},
		{
			"name": "Stretch frame",
			"visible": false,
			"tooltip": "",
			"type": 2
		},
		{
			"name": "Frame duration",
			"visible": false,
			"tooltip": "",
			"type": 0
		},
		{
			"name": "Animation end",
			"visible": false,
			"tooltip": "",
			"type": 0
		},
		{
			"name": "Set animation length to match",
			"visible": false,
			"tooltip": "",
			"type": 19
		}
	],
	"tooltip": "",
	"node": "Node_Image_Animated"
}