{
	"name": "Apply Force",
	"outputs": [
		{
			"name": "Object",
			"visible": true,
			"tooltip": "",
			"type": 14
		}
	],
	"tooltip": "",
	"inputs": [
		{
			"name": "Object",
			"visible": true,
			"tooltip": "",
			"type": 14
		},
		{
			"name": "Force type",
			"visible": false,
			"tooltip": "",
			"type": 0
		},
		{
			"name": "Position",
			"visible": false,
			"tooltip": "",
			"type": 1
		},
		{
			"name": "Torque",
			"visible": false,
			"tooltip": "",
			"type": 1
		},
		{
			"name": "Apply frame",
			"visible": false,
			"tooltip": "Frame index to apply force.",
			"type": 0
		},
		{
			"name": "Force",
			"visible": false,
			"tooltip": "",
			"type": 1
		},
		{
			"name": "Scope",
			"visible": false,
			"tooltip": "",
			"type": 0
		},
		{
			"name": "Strength",
			"visible": false,
			"tooltip": "",
			"type": 1
		},
		{
			"name": "Range",
			"visible": false,
			"tooltip": "",
			"type": 1
		}
	],
	"node": "Node_Rigid_Force_Apply"
}