{
	"name": "Apply Velocity",
	"outputs": [
		{
			"name": "Fluid Domain",
			"visible": true,
			"tooltip": "",
			"type": 15
		}
	],
	"tooltip": "",
	"inputs": [
		{
			"name": "Fluid Domain",
			"visible": true,
			"tooltip": "",
			"type": 15
		},
		{
			"name": "Brush",
			"visible": true,
			"tooltip": "",
			"type": 4
		},
		{
			"name": "Position",
			"visible": false,
			"tooltip": "",
			"type": 1
		},
		{
			"name": "Velocity",
			"visible": false,
			"tooltip": "",
			"type": 1
		},
		{
			"name": "Active",
			"visible": false,
			"tooltip": "",
			"type": 2
		}
	],
	"node": "Node_Fluid_Apply_Velocity"
}