{
	"name": "Array Remove",
	"outputs": [
		{
			"name": "Array",
			"visible": true,
			"tooltip": "",
			"type": 11
		}
	],
	"tooltip": "",
	"inputs": [
		{
			"name": "Array",
			"visible": true,
			"tooltip": "",
			"type": 11
		},
		{
			"name": "Type",
			"visible": false,
			"tooltip": "",
			"type": 0
		},
		{
			"name": "Index",
			"visible": false,
			"tooltip": "",
			"type": 0
		},
		{
			"name": "Value",
			"visible": true,
			"tooltip": "",
			"type": 11
		}
	],
	"node": "Node_Array_Remove"
}