{
	"name": "ASE File In",
	"outputs": [
		{
			"name": "Output",
			"visible": true,
			"tooltip": "",
			"type": 4
		},
		{
			"name": "Content",
			"visible": true,
			"tooltip": "",
			"type": 8
		},
		{
			"name": "Path",
			"visible": true,
			"tooltip": "",
			"type": 5
		},
		{
			"name": "Palette",
			"visible": true,
			"tooltip": "",
			"type": 3
		}
	],
	"tooltip": "",
	"inputs": [
		{
			"name": "Path",
			"visible": true,
			"tooltip": "",
			"type": 5
		},
		{
			"name": "Generate layers",
			"visible": false,
			"tooltip": "",
			"type": 19
		},
		{
			"name": "Current tag",
			"visible": false,
			"tooltip": "",
			"type": 7
		}
	],
	"node": "Node_ASE_File_Read"
}