{
	"name": "Blend",
	"outputs": [
		{
			"name": "Surface out",
			"visible": true,
			"tooltip": "",
			"type": 4
		}
	],
	"tooltip": "",
	"inputs": [
		{
			"name": "Background",
			"visible": true,
			"tooltip": "",
			"type": 4
		},
		{
			"name": "Foreground",
			"visible": true,
			"tooltip": "",
			"type": 4
		},
		{
			"name": "Blend mode",
			"visible": false,
			"tooltip": "",
			"type": 0
		},
		{
			"name": "Opacity",
			"visible": false,
			"tooltip": "",
			"type": 1
		},
		{
			"name": "Mask",
			"visible": true,
			"tooltip": "",
			"type": 4
		},
		{
			"name": "Fill mode",
			"visible": false,
			"tooltip": "",
			"type": 0
		},
		{
			"name": "Output dimension",
			"visible": false,
			"tooltip": "",
			"type": 0
		},
		{
			"name": "Constant dimension",
			"visible": false,
			"tooltip": "",
			"type": 0
		},
		{
			"name": "Active",
			"visible": false,
			"tooltip": "",
			"type": 2
		},
		{
			"name": "Preserve alpha",
			"visible": false,
			"tooltip": "",
			"type": 2
		},
		{
			"name": "Horizontal Align",
			"visible": false,
			"tooltip": "",
			"type": 0
		},
		{
			"name": "Vertical Align",
			"visible": false,
			"tooltip": "",
			"type": 0
		}
	],
	"node": "Node_Blend"
}