{
	"name": "Bloom",
	"outputs": [
		{
			"name": "Surface out",
			"visible": true,
			"tooltip": "",
			"type": 4
		}
	],
	"tooltip": "",
	"inputs": [
		{
			"name": "Surface in",
			"visible": true,
			"tooltip": "",
			"type": 4
		},
		{
			"name": "Size",
			"visible": false,
			"tooltip": "Bloom blur radius.",
			"type": 1
		},
		{
			"name": "Tolerance",
			"visible": false,
			"tooltip": "How bright a pixel should be to start blooming.",
			"type": 1
		},
		{
			"name": "Strength",
			"visible": false,
			"tooltip": "Blend intensity.",
			"type": 1
		},
		{
			"name": "Bloom mask",
			"visible": true,
			"tooltip": "",
			"type": 4
		},
		{
			"name": "Mask",
			"visible": true,
			"tooltip": "",
			"type": 4
		},
		{
			"name": "Mix",
			"visible": false,
			"tooltip": "",
			"type": 1
		},
		{
			"name": "Active",
			"visible": false,
			"tooltip": "",
			"type": 2
		}
	],
	"node": "Node_Bloom"
}