{
	"name": "Cache Array",
	"outputs": [
		{
			"name": "Cache array",
			"visible": true,
			"tooltip": "",
			"type": 4
		}
	],
	"inputs": [
		{
			"name": "Surface in",
			"visible": true,
			"tooltip": "",
			"type": 4
		},
		{
			"name": "Start frame",
			"visible": false,
			"tooltip": "Frame index to start caching, set to -1 to start at the first frame.",
			"type": 0
		},
		{
			"name": "Stop frame",
			"visible": false,
			"tooltip": "Frame index to stop caching (inclusive), set to -1 to stop at the last frame.",
			"type": 0
		},
		{
			"name": "Step",
			"visible": false,
			"tooltip": "Cache every N frames, set to 1 to cache every frame.",
			"type": 0
		}
	],
	"tooltip": "",
	"node": "Node_Cache_Array"
}