{
	"name": "Camera",
	"outputs": [
		{
			"name": "Surface out",
			"visible": true,
			"tooltip": "",
			"type": 4
		}
	],
	"tooltip": "",
	"inputs": [
		{
			"name": "Background",
			"visible": true,
			"tooltip": "",
			"type": 4
		},
		{
			"name": "Focus area",
			"visible": false,
			"tooltip": "",
			"type": 0
		},
		{
			"name": "Zoom",
			"visible": false,
			"tooltip": "",
			"type": 1
		},
		{
			"name": "Oversample mode",
			"visible": false,
			"tooltip": "How to deal with pixel outside the surface.\n    - Empty: Use empty pixel\n    - Clamp: Repeat edge pixel\n    - Repeat: Repeat texture.",
			"type": 0
		},
		{
			"name": "Fix background",
			"visible": false,
			"tooltip": "",
			"type": 2
		},
		{
			"name": "Element 0",
			"visible": true,
			"tooltip": "",
			"type": 4
		},
		{
			"name": "Parallax 0",
			"visible": false,
			"tooltip": "",
			"type": 1
		}
	],
	"node": "Node_Camera"
}