{
	"name": "Canvas",
	"outputs": [
		{
			"name": "Surface out",
			"visible": true,
			"tooltip": "",
			"type": 4
		},
		{
			"name": "Preview",
			"visible": true,
			"tooltip": "",
			"type": 4
		}
	],
	"tooltip": "",
	"inputs": [
		{
			"name": "Dimension",
			"visible": false,
			"tooltip": "",
			"type": 0
		},
		{
			"name": "Color",
			"visible": false,
			"tooltip": "",
			"type": 3
		},
		{
			"name": "Brush size",
			"visible": false,
			"tooltip": "",
			"type": 0
		},
		{
			"name": "Fill threshold",
			"visible": false,
			"tooltip": "",
			"type": 1
		},
		{
			"name": "Fill type",
			"visible": false,
			"tooltip": "",
			"type": 0
		},
		{
			"name": "Draw preview overlay",
			"visible": false,
			"tooltip": "",
			"type": 2
		},
		{
			"name": "Brush",
			"visible": true,
			"tooltip": "",
			"type": 4
		},
		{
			"name": "Surface amount",
			"visible": false,
			"tooltip": "",
			"type": 0
		},
		{
			"name": "Background",
			"visible": true,
			"tooltip": "",
			"type": 4
		},
		{
			"name": "Background alpha",
			"visible": false,
			"tooltip": "",
			"type": 1
		},
		{
			"name": "Render background",
			"visible": false,
			"tooltip": "",
			"type": 2
		}
	],
	"node": "Node_Canvas"
}