{
	"name": "Cast Shadow",
	"outputs": [
		{
			"name": "Surface out",
			"visible": true,
			"tooltip": "",
			"type": 4
		},
		{
			"name": "Light mask",
			"visible": true,
			"tooltip": "",
			"type": 4
		}
	],
	"inputs": [
		{
			"name": "Background",
			"visible": true,
			"tooltip": "",
			"type": 4
		},
		{
			"name": "Solid",
			"visible": true,
			"tooltip": "",
			"type": 4
		},
		{
			"name": "Light Position",
			"visible": false,
			"tooltip": "",
			"type": 1
		},
		{
			"name": "Soft light radius",
			"visible": false,
			"tooltip": "",
			"type": 1
		},
		{
			"name": "Light density",
			"visible": false,
			"tooltip": "",
			"type": 0
		},
		{
			"name": "Light type",
			"visible": false,
			"tooltip": "",
			"type": 0
		},
		{
			"name": "Ambient color",
			"visible": false,
			"tooltip": "",
			"type": 3
		},
		{
			"name": "Light color",
			"visible": false,
			"tooltip": "",
			"type": 3
		},
		{
			"name": "Light radius",
			"visible": false,
			"tooltip": "",
			"type": 1
		},
		{
			"name": "Render solid",
			"visible": false,
			"tooltip": "",
			"type": 2
		},
		{
			"name": "Use BG color",
			"visible": false,
			"tooltip": "If checked, background color will be used as shadow caster.",
			"type": 2
		},
		{
			"name": "BG threshold",
			"visible": false,
			"tooltip": "",
			"type": 1
		},
		{
			"name": "Light intensity",
			"visible": false,
			"tooltip": "",
			"type": 1
		},
		{
			"name": "Banding",
			"visible": false,
			"tooltip": "",
			"type": 0
		},
		{
			"name": "Attenuation",
			"visible": false,
			"tooltip": "Control how light fade out over distance.",
			"type": 0
		},
		{
			"name": "Ambient occlusion",
			"visible": false,
			"tooltip": "",
			"type": 0
		},
		{
			"name": "Ambient occlusion strength",
			"visible": false,
			"tooltip": "",
			"type": 1
		},
		{
			"name": "Active",
			"visible": false,
			"tooltip": "",
			"type": 2
		}
	],
	"tooltip": "",
	"node": "Node_Shadow_Cast"
}