{
	"name": "Cellular Noise",
	"outputs": [
		{
			"name": "Surface out",
			"visible": true,
			"tooltip": "",
			"type": 4
		}
	],
	"tooltip": "",
	"inputs": [
		{
			"name": "Dimension",
			"visible": false,
			"tooltip": "",
			"type": 0
		},
		{
			"name": "Position",
			"visible": false,
			"tooltip": "",
			"type": 1
		},
		{
			"name": "Scale",
			"visible": false,
			"tooltip": "",
			"type": 1
		},
		{
			"name": "Seed",
			"visible": false,
			"tooltip": "",
			"type": 1
		},
		{
			"name": "Type",
			"visible": false,
			"tooltip": "",
			"type": 0
		},
		{
			"name": "Contrast",
			"visible": false,
			"tooltip": "",
			"type": 1
		},
		{
			"name": "Pattern",
			"visible": false,
			"tooltip": "",
			"type": 0
		},
		{
			"name": "Middle",
			"visible": false,
			"tooltip": "",
			"type": 1
		},
		{
			"name": "Radial scale",
			"visible": false,
			"tooltip": "",
			"type": 1
		},
		{
			"name": "Radial shatter",
			"visible": false,
			"tooltip": "",
			"type": 1
		}
	],
	"node": "Node_Cellular"
}