{
	"name": "Checker",
	"outputs": [
		{
			"name": "Surface out",
			"visible": true,
			"tooltip": "",
			"type": 4
		}
	],
	"inputs": [
		{
			"name": "Dimension",
			"visible": false,
			"tooltip": "",
			"type": 0
		},
		{
			"name": "Amount",
			"visible": false,
			"tooltip": "",
			"type": 1
		},
		{
			"name": "Angle",
			"visible": false,
			"tooltip": "",
			"type": 0
		},
		{
			"name": "Position",
			"visible": false,
			"tooltip": "",
			"type": 0
		},
		{
			"name": "Color 1",
			"visible": false,
			"tooltip": "",
			"type": 3
		},
		{
			"name": "Color 2",
			"visible": false,
			"tooltip": "",
			"type": 3
		}
	],
	"tooltip": "",
	"node": "Node_Checker"
}