{
	"name": "Color Data",
	"outputs": [
		{
			"name": "Red",
			"visible": true,
			"tooltip": "",
			"type": 1
		},
		{
			"name": "Green",
			"visible": true,
			"tooltip": "",
			"type": 1
		},
		{
			"name": "Blue",
			"visible": true,
			"tooltip": "",
			"type": 1
		},
		{
			"name": "Hue",
			"visible": true,
			"tooltip": "",
			"type": 1
		},
		{
			"name": "Saturation",
			"visible": true,
			"tooltip": "",
			"type": 1
		},
		{
			"name": "Value",
			"visible": true,
			"tooltip": "",
			"type": 1
		},
		{
			"name": "Brightness",
			"visible": true,
			"tooltip": "",
			"type": 1
		}
	],
	"inputs": [
		{
			"name": "Color",
			"visible": true,
			"tooltip": "",
			"type": 3
		},
		{
			"name": "Normalize",
			"visible": false,
			"tooltip": "",
			"type": 2
		}
	],
	"tooltip": "",
	"node": "Node_Color_Data"
}