{
	"name": "Colorize",
	"outputs": [
		{
			"name": "Surface out",
			"visible": true,
			"tooltip": "",
			"type": 4
		}
	],
	"tooltip": "",
	"inputs": [
		{
			"name": "Surface in",
			"visible": true,
			"tooltip": "",
			"type": 4
		},
		{
			"name": "Gradient",
			"visible": false,
			"tooltip": "",
			"type": 3
		},
		{
			"name": "Gradient shift",
			"visible": false,
			"tooltip": "",
			"type": 1
		},
		{
			"name": "Mask",
			"visible": true,
			"tooltip": "",
			"type": 4
		},
		{
			"name": "Mix",
			"visible": false,
			"tooltip": "",
			"type": 1
		},
		{
			"name": "Active",
			"visible": false,
			"tooltip": "",
			"type": 2
		},
		{
			"name": "Multiply alpha",
			"visible": false,
			"tooltip": "",
			"type": 2
		}
	],
	"node": "Node_Colorize"
}