{
	"name": "Color Adjust",
	"outputs": [
		{
			"name": "Surface out",
			"visible": true,
			"tooltip": "",
			"type": 4
		}
	],
	"tooltip": "",
	"inputs": [
		{
			"name": "Surface in",
			"visible": true,
			"tooltip": "",
			"type": 4
		},
		{
			"name": "Brightness",
			"visible": false,
			"tooltip": "",
			"type": 1
		},
		{
			"name": "Contrast",
			"visible": false,
			"tooltip": "",
			"type": 1
		},
		{
			"name": "Hue",
			"visible": false,
			"tooltip": "",
			"type": 1
		},
		{
			"name": "Saturation",
			"visible": false,
			"tooltip": "",
			"type": 1
		},
		{
			"name": "Value",
			"visible": false,
			"tooltip": "",
			"type": 1
		},
		{
			"name": "Blend",
			"visible": false,
			"tooltip": "",
			"type": 3
		},
		{
			"name": "Blend alpha",
			"visible": false,
			"tooltip": "",
			"type": 1
		},
		{
			"name": "Mask",
			"visible": true,
			"tooltip": "",
			"type": 4
		},
		{
			"name": "Alpha",
			"visible": false,
			"tooltip": "",
			"type": 1
		},
		{
			"name": "Exposure",
			"visible": false,
			"tooltip": "",
			"type": 1
		},
		{
			"name": "Active",
			"visible": false,
			"tooltip": "",
			"type": 2
		}
	],
	"node": "Node_Color_adjust"
}