{
	"name": "Composite",
	"outputs": [
		{
			"name": "Surface out",
			"visible": true,
			"tooltip": "",
			"type": 4
		}
	],
	"tooltip": "",
	"inputs": [
		{
			"name": "Padding",
			"visible": false,
			"tooltip": "",
			"type": 0
		},
		{
			"name": "Output dimension",
			"visible": false,
			"tooltip": "",
			"type": 0
		},
		{
			"name": "Dimension",
			"visible": false,
			"tooltip": "",
			"type": 0
		},
		{
			"name": "Background",
			"visible": true,
			"tooltip": "",
			"type": 4
		},
		{
			"name": "Position 0",
			"visible": false,
			"tooltip": "",
			"type": 1
		},
		{
			"name": "Rotation 0",
			"visible": false,
			"tooltip": "",
			"type": 1
		},
		{
			"name": "Scale 0",
			"visible": false,
			"tooltip": "",
			"type": 1
		}
	],
	"node": "Node_Composite"
}