{
	"name": "Condition",
	"outputs": [
		{
			"name": "Result",
			"visible": true,
			"tooltip": "",
			"type": 11
		},
		{
			"name": "Bool",
			"visible": true,
			"tooltip": "",
			"type": 2
		}
	],
	"inputs": [
		{
			"name": "Check value",
			"visible": true,
			"tooltip": "",
			"type": 1
		},
		{
			"name": "Condition",
			"visible": false,
			"tooltip": "",
			"type": 0
		},
		{
			"name": "Compare to",
			"visible": false,
			"tooltip": "",
			"type": 1
		},
		{
			"name": "True",
			"visible": true,
			"tooltip": "",
			"type": 11
		},
		{
			"name": "False",
			"visible": true,
			"tooltip": "",
			"type": 11
		},
		{
			"name": "Eval mode",
			"visible": false,
			"tooltip": "",
			"type": 0
		},
		{
			"name": "Boolean",
			"visible": true,
			"tooltip": "",
			"type": 2
		},
		{
			"name": "Text 1",
			"visible": false,
			"tooltip": "",
			"type": 7
		},
		{
			"name": "Text 2",
			"visible": false,
			"tooltip": "",
			"type": 7
		}
	],
	"tooltip": "",
	"node": "Node_Condition"
}