{
	"name": "Corner",
	"outputs": [
		{
			"name": "Surface out",
			"visible": true,
			"tooltip": "",
			"type": 4
		}
	],
	"tooltip": "",
	"inputs": [
		{
			"name": "Surface in",
			"visible": true,
			"tooltip": "",
			"type": 4
		},
		{
			"name": "Radius",
			"visible": false,
			"tooltip": "",
			"type": 1
		},
		{
			"name": "Mask",
			"visible": true,
			"tooltip": "",
			"type": 4
		},
		{
			"name": "Mix",
			"visible": false,
			"tooltip": "",
			"type": 1
		},
		{
			"name": "Active",
			"visible": false,
			"tooltip": "",
			"type": 2
		}
	],
	"node": "Node_Corner"
}