{
	"name": "Crop Content",
	"outputs": [
		{
			"name": "Surface out",
			"visible": true,
			"tooltip": "",
			"type": 4
		}
	],
	"inputs": [
		{
			"name": "Surface in",
			"visible": true,
			"tooltip": "",
			"type": 4
		},
		{
			"name": "Active",
			"visible": false,
			"tooltip": "",
			"type": 2
		},
		{
			"name": "Array",
			"visible": false,
			"tooltip": "Cropping mode for dealing with image array.",
			"type": 0
		},
		{
			"name": "Padding",
			"visible": false,
			"tooltip": "Add padding back after crop.",
			"type": 0
		}
	],
	"tooltip": "",
	"node": "Node_Crop_Content"
}