{
	"name": "Curve",
	"outputs": [
		{
			"name": "Surface out",
			"visible": true,
			"tooltip": "",
			"type": 4
		}
	],
	"inputs": [
		{
			"name": "Surface in",
			"visible": true,
			"tooltip": "",
			"type": 4
		},
		{
			"name": "Brightness",
			"visible": false,
			"tooltip": "",
			"type": 6
		},
		{
			"name": "Red",
			"visible": false,
			"tooltip": "",
			"type": 6
		},
		{
			"name": "Green",
			"visible": false,
			"tooltip": "",
			"type": 6
		},
		{
			"name": "Blue",
			"visible": false,
			"tooltip": "",
			"type": 6
		},
		{
			"name": "Mask",
			"visible": true,
			"tooltip": "",
			"type": 4
		},
		{
			"name": "Mix",
			"visible": false,
			"tooltip": "",
			"type": 1
		},
		{
			"name": "Active",
			"visible": false,
			"tooltip": "",
			"type": 2
		}
	],
	"tooltip": "",
	"node": "Node_Curve"
}