{
	"name": "Display Text",
	"outputs": [],
	"inputs": [
		{
			"name": "Color",
			"visible": false,
			"tooltip": "",
			"type": 3
		},
		{
			"name": "Text",
			"visible": false,
			"tooltip": "",
			"type": 7
		},
		{
			"name": "Style",
			"visible": false,
			"tooltip": "",
			"type": 0
		},
		{
			"name": "Alpha",
			"visible": false,
			"tooltip": "",
			"type": 1
		},
		{
			"name": "Line width",
			"visible": false,
			"tooltip": "",
			"type": 1
		}
	],
	"tooltip": "",
	"node": "Node_Display_Text"
}