{
	"name": "Displace",
	"outputs": [
		{
			"name": "Surface out",
			"visible": true,
			"tooltip": "",
			"type": 4
		}
	],
	"tooltip": "",
	"inputs": [
		{
			"name": "Surface in",
			"visible": true,
			"tooltip": "",
			"type": 4
		},
		{
			"name": "Displace map",
			"visible": true,
			"tooltip": "",
			"type": 4
		},
		{
			"name": "Position",
			"visible": false,
			"tooltip": "Vector to displace pixel by.",
			"type": 1
		},
		{
			"name": "Strength",
			"visible": false,
			"tooltip": "",
			"type": 1
		},
		{
			"name": "Mid value",
			"visible": false,
			"tooltip": "Brightness value to be use as a basis for 'no displacement'.",
			"type": 1
		},
		{
			"name": "Color data",
			"visible": false,
			"tooltip": "Use color data set extra information.\r\n    - Ignore: Don't use color data.\r\n    - Vector: Use red as X displacement, green as Y displacement.\r\n    - Angle: Use red as angle, green as distance.",
			"type": 0
		},
		{
			"name": "Iterate",
			"visible": false,
			"tooltip": "If not set, then strength value is multiplied directly to the displacement.\r\nIf set, then strength value control how many times the effect applies on itself.",
			"type": 2
		},
		{
			"name": "Oversample mode",
			"visible": false,
			"tooltip": "How to deal with pixel outside the surface.\n    - Empty: Use empty pixel\n    - Clamp: Repeat edge pixel\n    - Repeat: Repeat texture.",
			"type": 0
		},
		{
			"name": "Mask",
			"visible": true,
			"tooltip": "",
			"type": 4
		},
		{
			"name": "Mix",
			"visible": false,
			"tooltip": "",
			"type": 1
		},
		{
			"name": "Active",
			"visible": false,
			"tooltip": "",
			"type": 2
		}
	],
	"node": "Node_Displace"
}