{
	"name": "Dither",
	"outputs": [
		{
			"name": "Surface out",
			"visible": true,
			"tooltip": "",
			"type": 4
		}
	],
	"tooltip": "",
	"inputs": [
		{
			"name": "Surface in",
			"visible": true,
			"tooltip": "",
			"type": 4
		},
		{
			"name": "Palette",
			"visible": false,
			"tooltip": "",
			"type": 3
		},
		{
			"name": "Pattern",
			"visible": false,
			"tooltip": "",
			"type": 0
		},
		{
			"name": "Dither map",
			"visible": true,
			"tooltip": "",
			"type": 4
		},
		{
			"name": "Contrast",
			"visible": false,
			"tooltip": "",
			"type": 1
		},
		{
			"name": "Contrast map",
			"visible": true,
			"tooltip": "",
			"type": 4
		},
		{
			"name": "Mode",
			"visible": false,
			"tooltip": "",
			"type": 0
		},
		{
			"name": "Mask",
			"visible": true,
			"tooltip": "",
			"type": 4
		},
		{
			"name": "Mix",
			"visible": false,
			"tooltip": "",
			"type": 1
		},
		{
			"name": "Active",
			"visible": false,
			"tooltip": "",
			"type": 2
		}
	],
	"node": "Node_Dither"
}