{
	"name": "Draw Text",
	"outputs": [
		{
			"name": "Surface out",
			"visible": true,
			"tooltip": "",
			"type": 4
		}
	],
	"inputs": [
		{
			"name": "Text",
			"visible": true,
			"tooltip": "",
			"type": 7
		},
		{
			"name": "Font",
			"visible": true,
			"tooltip": "",
			"type": 5
		},
		{
			"name": "Size",
			"visible": false,
			"tooltip": "",
			"type": 0
		},
		{
			"name": "Anti-Aliasing ",
			"visible": false,
			"tooltip": "",
			"type": 2
		},
		{
			"name": "Character range",
			"visible": false,
			"tooltip": "",
			"type": 0
		},
		{
			"name": "Color",
			"visible": false,
			"tooltip": "",
			"type": 3
		},
		{
			"name": "Fixed dimension",
			"visible": false,
			"tooltip": "",
			"type": 0
		},
		{
			"name": "Horizontal alignment",
			"visible": false,
			"tooltip": "",
			"type": 0
		},
		{
			"name": "Vertical alignment",
			"visible": false,
			"tooltip": "",
			"type": 0
		},
		{
			"name": "Output dimension",
			"visible": false,
			"tooltip": "",
			"type": 0
		},
		{
			"name": "Padding",
			"visible": false,
			"tooltip": "",
			"type": 0
		}
	],
	"tooltip": "",
	"node": "Node_Text"
}