{
	"name": "Draw Gradient",
	"outputs": [
		{
			"name": "Surface out",
			"visible": true,
			"tooltip": "",
			"type": 4
		}
	],
	"inputs": [
		{
			"name": "Dimension",
			"visible": false,
			"tooltip": "",
			"type": 0
		},
		{
			"name": "Gradient",
			"visible": false,
			"tooltip": "",
			"type": 3
		},
		{
			"name": "Type",
			"visible": false,
			"tooltip": "",
			"type": 0
		},
		{
			"name": "Angle",
			"visible": false,
			"tooltip": "",
			"type": 0
		},
		{
			"name": "Radius",
			"visible": false,
			"tooltip": "",
			"type": 1
		},
		{
			"name": "Shift",
			"visible": false,
			"tooltip": "",
			"type": 1
		},
		{
			"name": "Center",
			"visible": false,
			"tooltip": "",
			"type": 1
		},
		{
			"name": "Loop",
			"visible": false,
			"tooltip": "",
			"type": 2
		},
		{
			"name": "Mask",
			"visible": true,
			"tooltip": "",
			"type": 4
		},
		{
			"name": "Scale",
			"visible": false,
			"tooltip": "",
			"type": 1
		}
	],
	"tooltip": "",
	"node": "Node_Gradient"
}