{
	"name": "Erode",
	"outputs": [
		{
			"name": "Surface out",
			"visible": true,
			"tooltip": "",
			"type": 4
		}
	],
	"tooltip": "",
	"inputs": [
		{
			"name": "Surface in",
			"visible": true,
			"tooltip": "",
			"type": 4
		},
		{
			"name": "Width",
			"visible": false,
			"tooltip": "",
			"type": 0
		},
		{
			"name": "Preserve border",
			"visible": false,
			"tooltip": "",
			"type": 2
		},
		{
			"name": "Use alpha",
			"visible": false,
			"tooltip": "",
			"type": 2
		},
		{
			"name": "Mask",
			"visible": true,
			"tooltip": "",
			"type": 4
		},
		{
			"name": "Mix",
			"visible": false,
			"tooltip": "",
			"type": 1
		},
		{
			"name": "Active",
			"visible": false,
			"tooltip": "",
			"type": 2
		}
	],
	"node": "Node_Erode"
}