{
	"name": "Evaluate Curve",
	"outputs": [
		{
			"name": "Curve",
			"visible": true,
			"tooltip": "",
			"type": 1
		}
	],
	"inputs": [
		{
			"name": "Curve",
			"visible": false,
			"tooltip": "",
			"type": 6
		},
		{
			"name": "Progress",
			"visible": false,
			"tooltip": "",
			"type": 1
		},
		{
			"name": "Minimum",
			"visible": false,
			"tooltip": "",
			"type": 1
		},
		{
			"name": "Maximum",
			"visible": false,
			"tooltip": "",
			"type": 1
		}
	],
	"tooltip": "",
	"node": "Node_Anim_Curve"
}