{
	"name": "Export",
	"outputs": [
		{
			"name": "Loop exit",
			"visible": true,
			"tooltip": "",
			"type": 11
		},
		{
			"name": "Preview",
			"visible": false,
			"tooltip": "",
			"type": 4
		}
	],
	"inputs": [
		{
			"name": "Surface",
			"visible": true,
			"tooltip": "",
			"type": 4
		},
		{
			"name": "Paths",
			"visible": true,
			"tooltip": "",
			"type": 5
		},
		{
			"name": "Template",
			"visible": false,
			"tooltip": "",
			"type": 7
		},
		{
			"name": "Type",
			"visible": false,
			"tooltip": "",
			"type": 0
		},
		{
			"name": "Template guides",
			"visible": false,
			"tooltip": "",
			"type": 0
		},
		{
			"name": "Loop",
			"visible": false,
			"tooltip": "",
			"type": 2
		},
		{
			"name": "Frame optimization",
			"visible": false,
			"tooltip": "",
			"type": 2
		},
		{
			"name": "Color merge",
			"visible": false,
			"tooltip": "",
			"type": 1
		},
		{
			"name": "Framerate",
			"visible": false,
			"tooltip": "",
			"type": 0
		},
		{
			"name": "Format",
			"visible": false,
			"tooltip": "",
			"type": 0
		},
		{
			"name": "Quality",
			"visible": false,
			"tooltip": "",
			"type": 1
		},
		{
			"name": "Sequence begin",
			"visible": false,
			"tooltip": "",
			"type": 0
		}
	],
	"tooltip": "",
	"node": "Node_Export"
}