{
	"name": "Flood Fill",
	"outputs": [
		{
			"name": "Surface out",
			"visible": true,
			"tooltip": "",
			"type": 4
		}
	],
	"inputs": [
		{
			"name": "Surface in",
			"visible": true,
			"tooltip": "",
			"type": 4
		},
		{
			"name": "Mask",
			"visible": true,
			"tooltip": "",
			"type": 4
		},
		{
			"name": "Mix",
			"visible": false,
			"tooltip": "",
			"type": 1
		},
		{
			"name": "Active",
			"visible": false,
			"tooltip": "",
			"type": 2
		},
		{
			"name": "Position",
			"visible": false,
			"tooltip": "",
			"type": 1
		},
		{
			"name": "Colors",
			"visible": false,
			"tooltip": "",
			"type": 3
		},
		{
			"name": "Threshold",
			"visible": false,
			"tooltip": "",
			"type": 1
		},
		{
			"name": "Diagonal",
			"visible": false,
			"tooltip": "",
			"type": 2
		}
	],
	"tooltip": "",
	"node": "Node_Flood_Fill"
}