{
	"name": "Fluid Domain",
	"outputs": [
		{
			"name": "Fluid Domain",
			"visible": true,
			"tooltip": "",
			"type": 15
		}
	],
	"tooltip": "",
	"inputs": [
		{
			"name": "Dimension",
			"visible": false,
			"tooltip": "",
			"type": 0
		},
		{
			"name": "Collision",
			"visible": true,
			"tooltip": "",
			"type": 4
		},
		{
			"name": "Material dissipation type",
			"visible": false,
			"tooltip": "",
			"type": 0
		},
		{
			"name": "Material dissipation",
			"visible": false,
			"tooltip": "",
			"type": 1
		},
		{
			"name": "Velocity dissipation type",
			"visible": false,
			"tooltip": "",
			"type": 0
		},
		{
			"name": "Velocity dissipation",
			"visible": false,
			"tooltip": "",
			"type": 1
		},
		{
			"name": "Acceleration",
			"visible": false,
			"tooltip": "",
			"type": 1
		},
		{
			"name": "Material intertia",
			"visible": false,
			"tooltip": "",
			"type": 1
		},
		{
			"name": "Initial pressure",
			"visible": false,
			"tooltip": "",
			"type": 1
		},
		{
			"name": "Material maccormack weight",
			"visible": false,
			"tooltip": "",
			"type": 1
		},
		{
			"name": "Velocity maccormack weight",
			"visible": false,
			"tooltip": "",
			"type": 1
		},
		{
			"name": "Wrap",
			"visible": false,
			"tooltip": "",
			"type": 2
		},
		{
			"name": "Loop",
			"visible": false,
			"tooltip": "",
			"type": 2
		}
	],
	"node": "Node_Fluid_Domain"
}