{
	"name": "Frame Index",
	"outputs": [
		{
			"name": "Value",
			"visible": true,
			"tooltip": "",
			"type": 1
		}
	],
	"inputs": [
		{
			"name": "Start",
			"visible": false,
			"tooltip": "",
			"type": 1
		},
		{
			"name": "Speed",
			"visible": false,
			"tooltip": "",
			"type": 1
		},
		{
			"name": "Mode",
			"visible": false,
			"tooltip": "Counting mode\r\n    - Frame count: Count value up\/down per frame.\r\n    - Animation progress: Count from 0 (first frame) to 1 (last frame). ",
			"type": 0
		}
	],
	"tooltip": "",
	"node": "Node_Counter"
}