{
	"name": "Gradient Replace",
	"outputs": [
		{
			"name": "Gradient",
			"visible": true,
			"tooltip": "",
			"type": 3
		}
	],
	"inputs": [
		{
			"name": "Gradient",
			"visible": true,
			"tooltip": "",
			"type": 3
		},
		{
			"name": "Color from",
			"visible": false,
			"tooltip": "",
			"type": 3
		},
		{
			"name": "Color to",
			"visible": false,
			"tooltip": "",
			"type": 3
		},
		{
			"name": "Threshold",
			"visible": false,
			"tooltip": "",
			"type": 1
		}
	],
	"tooltip": "",
	"node": "Node_Gradient_Replace_Color"
}