{
	"name": "Gradient Shift",
	"outputs": [
		{
			"name": "Gradient",
			"visible": true,
			"tooltip": "",
			"type": 3
		}
	],
	"tooltip": "",
	"inputs": [
		{
			"name": "Gradient",
			"visible": false,
			"tooltip": "",
			"type": 3
		},
		{
			"name": "Shift",
			"visible": false,
			"tooltip": "",
			"type": 1
		},
		{
			"name": "Wrap",
			"visible": false,
			"tooltip": "",
			"type": 2
		},
		{
			"name": "Scale",
			"visible": false,
			"tooltip": "",
			"type": 1
		}
	],
	"node": "Node_Gradient_Shift"
}