{
	"name": "Gradient",
	"outputs": [
		{
			"name": "Gradient",
			"visible": true,
			"tooltip": "",
			"type": 3
		},
		{
			"name": "Color",
			"visible": true,
			"tooltip": "",
			"type": 3
		}
	],
	"tooltip": "",
	"inputs": [
		{
			"name": "Gradient",
			"visible": false,
			"tooltip": "",
			"type": 3
		},
		{
			"name": "Sample",
			"visible": false,
			"tooltip": "Position to sample a color from the gradient.",
			"type": 1
		}
	],
	"node": "Node_Gradient_Out"
}