{
	"name": "Gradient Palette",
	"outputs": [
		{
			"name": "Gradient",
			"visible": true,
			"tooltip": "",
			"type": 3
		}
	],
	"tooltip": "",
	"inputs": [
		{
			"name": "Palette",
			"visible": true,
			"tooltip": "",
			"type": 3
		},
		{
			"name": "Custom positions",
			"visible": false,
			"tooltip": "",
			"type": 2
		},
		{
			"name": "Positions",
			"visible": true,
			"tooltip": "Array of number indicating color position (0 - 1).",
			"type": 1
		},
		{
			"name": "Blending",
			"visible": false,
			"tooltip": "",
			"type": 0
		}
	],
	"node": "Node_Gradient_Palette"
}