{
	"name": "Grey to Alpha",
	"outputs": [
		{
			"name": "Surface out",
			"visible": true,
			"tooltip": "",
			"type": 4
		}
	],
	"inputs": [
		{
			"name": "Surface in",
			"visible": true,
			"tooltip": "",
			"type": 4
		},
		{
			"name": "Replace color",
			"visible": false,
			"tooltip": "Replace output with solid color.",
			"type": 2
		},
		{
			"name": "Color",
			"visible": false,
			"tooltip": "",
			"type": 3
		},
		{
			"name": "Active",
			"visible": false,
			"tooltip": "",
			"type": 2
		}
	],
	"tooltip": "",
	"node": "Node_Grey_Alpha"
}