{
	"name": "HSV Extract",
	"outputs": [
		{
			"name": "Hue",
			"visible": true,
			"tooltip": "",
			"type": 4
		},
		{
			"name": "Saturation",
			"visible": true,
			"tooltip": "",
			"type": 4
		},
		{
			"name": "Value",
			"visible": true,
			"tooltip": "",
			"type": 4
		},
		{
			"name": "Alpha",
			"visible": true,
			"tooltip": "",
			"type": 4
		}
	],
	"tooltip": "",
	"inputs": [
		{
			"name": "Surface in",
			"visible": true,
			"tooltip": "",
			"type": 4
		}
	],
	"node": "Node_HSV_Channel"
}