{
	"name": "Image Array",
	"outputs": [
		{
			"name": "Surface out",
			"visible": true,
			"tooltip": "",
			"type": 4
		},
		{
			"name": "Paths",
			"visible": true,
			"tooltip": "",
			"type": 5
		}
	],
	"tooltip": "",
	"inputs": [
		{
			"name": "Path",
			"visible": true,
			"tooltip": "",
			"type": 5
		},
		{
			"name": "Padding",
			"visible": false,
			"tooltip": "",
			"type": 0
		},
		{
			"name": "Canvas size",
			"visible": false,
			"tooltip": "",
			"type": 0
		},
		{
			"name": "Sizing method",
			"visible": false,
			"tooltip": "",
			"type": 0
		}
	],
	"node": "Node_Image_Sequence"
}