{
	"name": "JSON File In",
	"outputs": [
		{
			"name": "Path",
			"visible": true,
			"tooltip": "",
			"type": 5
		},
		{
			"name": "Struct",
			"visible": true,
			"tooltip": "",
			"type": 16
		},
		{
			"name": "Values",
			"visible": true,
			"tooltip": "",
			"type": 1
		}
	],
	"inputs": [
		{
			"name": "Path",
			"visible": true,
			"tooltip": "",
			"type": 5
		},
		{
			"name": "Key",
			"visible": true,
			"tooltip": "",
			"type": 7
		}
	],
	"tooltip": "",
	"node": "Node_Json_File_Read"
}