{
	"name": "L system",
	"outputs": [
		{
			"name": "Path",
			"visible": true,
			"tooltip": "",
			"type": 12
		}
	],
	"inputs": [
		{
			"name": "Length",
			"visible": false,
			"tooltip": "",
			"type": 1
		},
		{
			"name": "Angle",
			"visible": false,
			"tooltip": "",
			"type": 0
		},
		{
			"name": "Starting position",
			"visible": false,
			"tooltip": "",
			"type": 1
		},
		{
			"name": "Iteration",
			"visible": false,
			"tooltip": "",
			"type": 0
		},
		{
			"name": "Starting rule",
			"visible": false,
			"tooltip": 36,
			"type": 7
		},
		{
			"name": "End replacement",
			"visible": false,
			"tooltip": "Replace symbol of the last generated rule, for example a=F to replace all a with F. Use comma to separate different replacements.",
			"type": 7
		},
		{
			"name": "Starting angle",
			"visible": false,
			"tooltip": "",
			"type": 0
		},
		{
			"name": "Name 0",
			"visible": false,
			"tooltip": "",
			"type": 7
		},
		{
			"name": "Rule 0",
			"visible": false,
			"tooltip": "",
			"type": 7
		}
	],
	"tooltip": "",
	"node": "Node_Path_L_System"
}