{
	"name": "Line",
	"outputs": [
		{
			"name": "Surface out",
			"visible": true,
			"tooltip": "",
			"type": 4
		}
	],
	"inputs": [
		{
			"name": "Dimension",
			"visible": false,
			"tooltip": "",
			"type": 0
		},
		{
			"name": "Background",
			"visible": false,
			"tooltip": "",
			"type": 2
		},
		{
			"name": "Segment",
			"visible": false,
			"tooltip": "",
			"type": 0
		},
		{
			"name": "Width",
			"visible": false,
			"tooltip": "",
			"type": 1
		},
		{
			"name": "Wiggle",
			"visible": false,
			"tooltip": "",
			"type": 1
		},
		{
			"name": "Random seed",
			"visible": false,
			"tooltip": "",
			"type": 1
		},
		{
			"name": "Rotation",
			"visible": false,
			"tooltip": "",
			"type": 0
		},
		{
			"name": "Path",
			"visible": true,
			"tooltip": "Draw line along path.",
			"type": 12
		},
		{
			"name": "Range",
			"visible": false,
			"tooltip": "Range of the path to draw.",
			"type": 1
		},
		{
			"name": "Shift",
			"visible": false,
			"tooltip": "",
			"type": 1
		},
		{
			"name": "Color over length",
			"visible": false,
			"tooltip": "",
			"type": 3
		},
		{
			"name": "Width over length",
			"visible": false,
			"tooltip": "",
			"type": 6
		},
		{
			"name": "Span width over path",
			"visible": false,
			"tooltip": "Apply the full 'width over length' to the trimmed path.",
			"type": 2
		},
		{
			"name": "Round cap",
			"visible": false,
			"tooltip": "",
			"type": 2
		},
		{
			"name": "Round segment",
			"visible": false,
			"tooltip": "",
			"type": 0
		},
		{
			"name": "Span color over path",
			"visible": false,
			"tooltip": "Apply the full 'color over length' to the trimmed path.",
			"type": 2
		},
		{
			"name": "Greyscale over width",
			"visible": false,
			"tooltip": "",
			"type": 2
		},
		{
			"name": "1px mode",
			"visible": false,
			"tooltip": "Render pixel perfect 1px line.",
			"type": 2
		},
		{
			"name": "Texture",
			"visible": true,
			"tooltip": "",
			"type": 4
		},
		{
			"name": "Fix length",
			"visible": false,
			"tooltip": "Fix length of each segment instead of segment count.",
			"type": 2
		},
		{
			"name": "Segment length",
			"visible": false,
			"tooltip": "",
			"type": 1
		}
	],
	"tooltip": "",
	"node": "Node_Line"
}