{
	"name": "Lua Surface",
	"outputs": [
		{
			"name": "Execution thread",
			"visible": true,
			"tooltip": "",
			"type": 9
		},
		{
			"name": "Surface out",
			"visible": true,
			"tooltip": "",
			"type": 4
		}
	],
	"inputs": [
		{
			"name": "Function name",
			"visible": false,
			"tooltip": "",
			"type": 7
		},
		{
			"name": "Output dimension",
			"visible": false,
			"tooltip": "",
			"type": 0
		},
		{
			"name": "Lua code",
			"visible": false,
			"tooltip": 13,
			"type": 7
		},
		{
			"name": "Execution thread",
			"visible": true,
			"tooltip": "",
			"type": 9
		},
		{
			"name": "Execute on frame",
			"visible": false,
			"tooltip": "",
			"type": 2
		},
		{
			"name": "Argument name",
			"visible": false,
			"tooltip": "",
			"type": 7
		},
		{
			"name": "Argument type",
			"visible": false,
			"tooltip": "",
			"type": 0
		},
		{
			"name": "Argument value",
			"visible": true,
			"tooltip": "",
			"type": 1
		}
	],
	"tooltip": "",
	"node": "Node_Lua_Surface"
}