{
	"name": "Math",
	"outputs": [
		{
			"name": "Result",
			"visible": true,
			"tooltip": "",
			"type": 1
		}
	],
	"tooltip": "",
	"inputs": [
		{
			"name": "Type",
			"visible": false,
			"tooltip": "",
			"type": 0
		},
		{
			"name": "a",
			"visible": true,
			"tooltip": "",
			"type": 1
		},
		{
			"name": "b",
			"visible": true,
			"tooltip": "",
			"type": 1
		},
		{
			"name": "Degree angle",
			"visible": false,
			"tooltip": "",
			"type": 2
		},
		{
			"name": "To integer",
			"visible": false,
			"tooltip": "",
			"type": 2
		},
		{
			"name": "Amount",
			"visible": false,
			"tooltip": "",
			"type": 1
		}
	],
	"node": "Node_Math"
}