{
	"name": "Mesh Transform",
	"outputs": [
		{
			"name": "Mesh",
			"visible": true,
			"tooltip": "",
			"type": 18
		}
	],
	"tooltip": "",
	"inputs": [
		{
			"name": "Mesh",
			"visible": true,
			"tooltip": "",
			"type": 18
		},
		{
			"name": "Position",
			"visible": false,
			"tooltip": "",
			"type": 1
		},
		{
			"name": "Rotation",
			"visible": false,
			"tooltip": "",
			"type": 0
		},
		{
			"name": "Scale",
			"visible": false,
			"tooltip": "",
			"type": 1
		},
		{
			"name": "Anchor",
			"visible": false,
			"tooltip": "",
			"type": 1
		}
	],
	"node": "Node_Mesh_Transform"
}