{
	"name": "Mesh Warp",
	"outputs": [
		{
			"name": "Surface out",
			"visible": true,
			"tooltip": "",
			"type": 4
		},
		{
			"name": "Mesh data",
			"visible": true,
			"tooltip": "",
			"type": 8
		}
	],
	"tooltip": "",
	"inputs": [
		{
			"name": "Surface in",
			"visible": true,
			"tooltip": "",
			"type": 4
		},
		{
			"name": "Sample",
			"visible": false,
			"tooltip": "Amount of grid subdivision. Higher number means more grid, detail.",
			"type": 0
		},
		{
			"name": "Spring force",
			"visible": false,
			"tooltip": "",
			"type": 1
		},
		{
			"name": "Mesh",
			"visible": false,
			"tooltip": "",
			"type": 19
		},
		{
			"name": "Diagonal link",
			"visible": false,
			"tooltip": "Include diagonal link to prevent drastic grid deformation.",
			"type": 2
		},
		{
			"name": "Active",
			"visible": false,
			"tooltip": "",
			"type": 2
		},
		{
			"name": "Link strength",
			"visible": false,
			"tooltip": "Link length preservation, setting it to 1 will prevent any stretching, contraction.",
			"type": 1
		}
	],
	"node": "Node_Mesh_Warp"
}