{
	"name": "Mix Color",
	"outputs": [
		{
			"name": "Color",
			"visible": true,
			"tooltip": "",
			"type": 3
		}
	],
	"tooltip": "",
	"inputs": [
		{
			"name": "Color from",
			"visible": false,
			"tooltip": "",
			"type": 3
		},
		{
			"name": "Color to",
			"visible": false,
			"tooltip": "",
			"type": 3
		},
		{
			"name": "Mix",
			"visible": false,
			"tooltip": "",
			"type": 1
		},
		{
			"name": "Mode",
			"visible": false,
			"tooltip": "",
			"type": 0
		}
	],
	"node": "Node_Color_Mix"
}