{
	"name": "Nine Slice",
	"outputs": [
		{
			"name": "Surface out",
			"visible": true,
			"tooltip": "",
			"type": 4
		}
	],
	"tooltip": "",
	"inputs": [
		{
			"name": "Surface in",
			"visible": true,
			"tooltip": "",
			"type": 4
		},
		{
			"name": "Dimension",
			"visible": false,
			"tooltip": "",
			"type": 0
		},
		{
			"name": "Splice",
			"visible": false,
			"tooltip": "",
			"type": 0
		},
		{
			"name": "Filling modes",
			"visible": false,
			"tooltip": "",
			"type": 0
		}
	],
	"node": "Node_9Slice"
}