{
	"name": "Normal Light",
	"outputs": [
		{
			"name": "Surface out",
			"visible": true,
			"tooltip": "",
			"type": 4
		}
	],
	"tooltip": "",
	"inputs": [
		{
			"name": "Surface in",
			"visible": true,
			"tooltip": "",
			"type": 4
		},
		{
			"name": "Normal map",
			"visible": true,
			"tooltip": "",
			"type": 4
		},
		{
			"name": "Normal intensity",
			"visible": false,
			"tooltip": "",
			"type": 1
		},
		{
			"name": "Ambient",
			"visible": false,
			"tooltip": "",
			"type": 3
		},
		{
			"name": "Light position",
			"visible": false,
			"tooltip": "",
			"type": 1
		},
		{
			"name": "Light range",
			"visible": false,
			"tooltip": "",
			"type": 1
		},
		{
			"name": "Light intensity",
			"visible": false,
			"tooltip": "",
			"type": 1
		},
		{
			"name": "Light color",
			"visible": false,
			"tooltip": "",
			"type": 3
		},
		{
			"name": "Light type",
			"visible": false,
			"tooltip": "",
			"type": 0
		},
		{
			"name": "Active",
			"visible": false,
			"tooltip": "",
			"type": 2
		}
	],
	"node": "Node_Normal_Light"
}