{
	"name": "Normal",
	"outputs": [
		{
			"name": "Surface out",
			"visible": true,
			"tooltip": "",
			"type": 4
		}
	],
	"inputs": [
		{
			"name": "Surface in",
			"visible": true,
			"tooltip": "",
			"type": 4
		},
		{
			"name": "Height",
			"visible": false,
			"tooltip": "",
			"type": 1
		},
		{
			"name": "Smooth",
			"visible": false,
			"tooltip": "Include diagonal pixel in normal calculation, which leads to smoother output.",
			"type": 2
		},
		{
			"name": "Active",
			"visible": false,
			"tooltip": "",
			"type": 2
		}
	],
	"tooltip": "",
	"node": "Node_Normal"
}