{
	"name": "Number",
	"outputs": [
		{
			"name": "Number",
			"visible": true,
			"tooltip": "",
			"type": 1
		}
	],
	"inputs": [
		{
			"name": "Value",
			"visible": true,
			"tooltip": "",
			"type": 1
		},
		{
			"name": "Integer",
			"visible": false,
			"tooltip": "",
			"type": 2
		},
		{
			"name": "Display",
			"visible": false,
			"tooltip": "",
			"type": 0
		},
		{
			"name": "Range",
			"visible": false,
			"tooltip": "",
			"type": 1
		},
		{
			"name": "Step",
			"visible": false,
			"tooltip": "",
			"type": 1
		}
	],
	"tooltip": "",
	"node": "Node_Number"
}