{
	"name": "Object Spawner",
	"outputs": [
		{
			"name": "Object",
			"visible": true,
			"tooltip": "",
			"type": 14
		}
	],
	"inputs": [
		{
			"name": "Object",
			"visible": true,
			"tooltip": "",
			"type": 14
		},
		{
			"name": "Spawn area",
			"visible": false,
			"tooltip": "",
			"type": 1
		},
		{
			"name": "Spawn type",
			"visible": false,
			"tooltip": "",
			"type": 0
		},
		{
			"name": "Spawn delay",
			"visible": false,
			"tooltip": "",
			"type": 0
		},
		{
			"name": "Spawn amount",
			"visible": false,
			"tooltip": "",
			"type": 0
		},
		{
			"name": "Spawn frame",
			"visible": false,
			"tooltip": "",
			"type": 0
		},
		{
			"name": "Spawn",
			"visible": false,
			"tooltip": "",
			"type": 2
		}
	],
	"tooltip": "",
	"node": "Node_Rigid_Object_Spawner"
}