{
	"name": "Object",
	"outputs": [
		{
			"name": "Object",
			"visible": true,
			"tooltip": "",
			"type": 14
		}
	],
	"inputs": [
		{
			"name": "Affect by force",
			"visible": false,
			"tooltip": "",
			"type": 2
		},
		{
			"name": "Weight",
			"visible": false,
			"tooltip": "",
			"type": 1
		},
		{
			"name": "Contact friction",
			"visible": false,
			"tooltip": "",
			"type": 1
		},
		{
			"name": "Air resistance",
			"visible": false,
			"tooltip": "",
			"type": 1
		},
		{
			"name": "Rotation resistance",
			"visible": false,
			"tooltip": "",
			"type": 1
		},
		{
			"name": "Shape",
			"visible": false,
			"tooltip": "",
			"type": 0
		},
		{
			"name": "Texture",
			"visible": true,
			"tooltip": "",
			"type": 4
		},
		{
			"name": "Start shape",
			"visible": false,
			"tooltip": "",
			"type": 1
		},
		{
			"name": "Spawn",
			"visible": false,
			"tooltip": "Make object spawn when start.",
			"type": 2
		},
		{
			"name": "Generate mesh",
			"visible": false,
			"tooltip": "",
			"type": 19
		},
		{
			"name": "Mesh expansion",
			"visible": false,
			"tooltip": "",
			"type": 1
		}
	],
	"tooltip": "",
	"node": "Node_Rigid_Object"
}