{
	"name": "Outline",
	"outputs": [
		{
			"name": "Surface out",
			"visible": true,
			"tooltip": "",
			"type": 4
		},
		{
			"name": "Outline",
			"visible": true,
			"tooltip": "",
			"type": 4
		}
	],
	"tooltip": "",
	"inputs": [
		{
			"name": "Surface in",
			"visible": true,
			"tooltip": "",
			"type": 4
		},
		{
			"name": "Width",
			"visible": false,
			"tooltip": "",
			"type": 0
		},
		{
			"name": "Color",
			"visible": false,
			"tooltip": "",
			"type": 3
		},
		{
			"name": "Blend",
			"visible": false,
			"tooltip": "Blend outline color with the original color.",
			"type": 2
		},
		{
			"name": "Blend alpha",
			"visible": false,
			"tooltip": "",
			"type": 1
		},
		{
			"name": "Position",
			"visible": false,
			"tooltip": "",
			"type": 0
		},
		{
			"name": "Anti alising",
			"visible": false,
			"tooltip": "",
			"type": 2
		},
		{
			"name": "Oversample mode",
			"visible": false,
			"tooltip": "How to deal with pixel outside the surface.\n    - Empty: Use empty pixel\n    - Clamp: Repeat edge pixel\n    - Repeat: Repeat texture.",
			"type": 0
		},
		{
			"name": "Start",
			"visible": false,
			"tooltip": "Shift outline inside, outside the shape.",
			"type": 0
		},
		{
			"name": "Mask",
			"visible": true,
			"tooltip": "",
			"type": 4
		},
		{
			"name": "Mix",
			"visible": false,
			"tooltip": "",
			"type": 1
		},
		{
			"name": "Active",
			"visible": false,
			"tooltip": "",
			"type": 2
		}
	],
	"node": "Node_Outline"
}