{
	"name": "Pack Sprites",
	"outputs": [
		{
			"name": "Packed image",
			"visible": true,
			"tooltip": "",
			"type": 4
		},
		{
			"name": "Atlas data",
			"visible": true,
			"tooltip": "",
			"type": 16
		}
	],
	"inputs": [
		{
			"name": "Sprites",
			"visible": true,
			"tooltip": "",
			"type": 4
		},
		{
			"name": "Algorithm",
			"visible": false,
			"tooltip": "",
			"type": 0
		},
		{
			"name": "Max width",
			"visible": false,
			"tooltip": "",
			"type": 0
		},
		{
			"name": "Max height",
			"visible": false,
			"tooltip": "",
			"type": 0
		},
		{
			"name": "Spacing",
			"visible": false,
			"tooltip": "",
			"type": 0
		}
	],
	"tooltip": "",
	"node": "Node_Pack_Sprites"
}