{
	"name": "Padding",
	"outputs": [
		{
			"name": "Surface out",
			"visible": true,
			"tooltip": "",
			"type": 4
		}
	],
	"tooltip": "",
	"inputs": [
		{
			"name": "Surface in",
			"visible": true,
			"tooltip": "",
			"type": 4
		},
		{
			"name": "Padding",
			"visible": false,
			"tooltip": "",
			"type": 0
		},
		{
			"name": "Fill method",
			"visible": false,
			"tooltip": "",
			"type": 0
		},
		{
			"name": "Fill color",
			"visible": false,
			"tooltip": "",
			"type": 3
		},
		{
			"name": "Active",
			"visible": false,
			"tooltip": "",
			"type": 2
		}
	],
	"node": "Node_Padding"
}