{
	"name": "Palette Extract",
	"outputs": [
		{
			"name": "Palette",
			"visible": true,
			"tooltip": "",
			"type": 3
		}
	],
	"inputs": [
		{
			"name": "Surface in",
			"visible": true,
			"tooltip": "",
			"type": 4
		},
		{
			"name": "Max colors",
			"visible": false,
			"tooltip": "Amount of color in a palette.",
			"type": 0
		},
		{
			"name": "Seed",
			"visible": false,
			"tooltip": "Random seed to be used to initialize K-mean algorithm.",
			"type": 0
		},
		{
			"name": "Algorithm",
			"visible": false,
			"tooltip": "",
			"type": 0
		}
	],
	"tooltip": "",
	"node": "Node_Palette_Extract"
}