{
	"name": "Palette Replace",
	"outputs": [
		{
			"name": "Surface out",
			"visible": true,
			"tooltip": "",
			"type": 3
		}
	],
	"tooltip": "",
	"inputs": [
		{
			"name": "Palette in",
			"visible": true,
			"tooltip": "",
			"type": 3
		},
		{
			"name": "Palette from",
			"visible": false,
			"tooltip": "",
			"type": 3
		},
		{
			"name": "Palette to",
			"visible": false,
			"tooltip": "",
			"type": 3
		},
		{
			"name": "Threshold",
			"visible": false,
			"tooltip": "",
			"type": 1
		}
	],
	"node": "Node_Palette_Replace"
}