{
	"name": "Path Builder",
	"outputs": [
		{
			"name": "Path",
			"visible": true,
			"tooltip": "",
			"type": 12
		}
	],
	"inputs": [
		{
			"name": "Point array",
			"visible": true,
			"tooltip": "",
			"type": 1
		},
		{
			"name": "Connected",
			"visible": false,
			"tooltip": "If set to true, will draw a single path from one point to another. If not set will treat each pair of points as an individual line.",
			"type": 2
		}
	],
	"tooltip": "",
	"node": "Node_Path_Builder"
}