{
	"name": "Path plot",
	"outputs": [
		{
			"name": "Path",
			"visible": true,
			"tooltip": "",
			"type": 12
		}
	],
	"inputs": [
		{
			"name": "Output scale",
			"visible": false,
			"tooltip": "",
			"type": 1
		},
		{
			"name": "Coordinate",
			"visible": false,
			"tooltip": "",
			"type": 0
		},
		{
			"name": "Equation type",
			"visible": false,
			"tooltip": "",
			"type": 0
		},
		{
			"name": "0 function",
			"visible": false,
			"tooltip": "",
			"type": 7
		},
		{
			"name": "1 function",
			"visible": false,
			"tooltip": "",
			"type": 7
		},
		{
			"name": "Origin",
			"visible": false,
			"tooltip": "",
			"type": 1
		},
		{
			"name": "Range",
			"visible": false,
			"tooltip": "",
			"type": 1
		},
		{
			"name": "Input scale",
			"visible": false,
			"tooltip": "",
			"type": 1
		},
		{
			"name": "Input shift",
			"visible": false,
			"tooltip": "",
			"type": 1
		}
	],
	"tooltip": "",
	"node": "Node_Path_Plot"
}