{
	"name": "Path Anchor",
	"outputs": [
		{
			"name": "Anchor",
			"visible": true,
			"tooltip": "",
			"type": 1
		}
	],
	"inputs": [
		{
			"name": "Postion",
			"visible": true,
			"tooltip": "",
			"type": 1
		},
		{
			"name": "Control point 1",
			"visible": false,
			"tooltip": "",
			"type": 1
		},
		{
			"name": "Control point 2",
			"visible": false,
			"tooltip": "",
			"type": 1
		},
		{
			"name": "Mirror control point",
			"visible": false,
			"tooltip": "",
			"type": 2
		}
	],
	"tooltip": "",
	"node": "Node_Path_Anchor"
}