{
	"name": "Path",
	"outputs": [
		{
			"name": "Position out",
			"visible": true,
			"tooltip": "",
			"type": 1
		},
		{
			"name": "Path data",
			"visible": true,
			"tooltip": "",
			"type": 12
		},
		{
			"name": "Anchors",
			"visible": true,
			"tooltip": "",
			"type": 1
		}
	],
	"inputs": [
		{
			"name": "Path progress",
			"visible": false,
			"tooltip": "Sample position from path.",
			"type": 1
		},
		{
			"name": "Loop",
			"visible": false,
			"tooltip": "",
			"type": 2
		},
		{
			"name": "Progress mode",
			"visible": false,
			"tooltip": "",
			"type": 0
		},
		{
			"name": "Round anchor",
			"visible": false,
			"tooltip": "",
			"type": 2
		}
	],
	"tooltip": "",
	"node": "Node_Path"
}