{
	"name": "Perlin Noise",
	"outputs": [
		{
			"name": "Surface out",
			"visible": true,
			"tooltip": "",
			"type": 4
		}
	],
	"tooltip": "",
	"inputs": [
		{
			"name": "Dimension",
			"visible": false,
			"tooltip": "",
			"type": 0
		},
		{
			"name": "Position",
			"visible": false,
			"tooltip": "",
			"type": 1
		},
		{
			"name": "Scale",
			"visible": false,
			"tooltip": "",
			"type": 1
		},
		{
			"name": "Iteration",
			"visible": false,
			"tooltip": "",
			"type": 0
		},
		{
			"name": "Tile",
			"visible": false,
			"tooltip": "",
			"type": 2
		},
		{
			"name": "Seed",
			"visible": false,
			"tooltip": "",
			"type": 1
		}
	],
	"node": "Node_Perlin"
}