{
	"name": "Pixel Cloud",
	"outputs": [
		{
			"name": "Surface out",
			"visible": true,
			"tooltip": "",
			"type": 4
		}
	],
	"tooltip": "",
	"inputs": [
		{
			"name": "Surface in",
			"visible": true,
			"tooltip": "",
			"type": 4
		},
		{
			"name": "Seed",
			"visible": false,
			"tooltip": "",
			"type": 0
		},
		{
			"name": "Strength",
			"visible": false,
			"tooltip": "",
			"type": 1
		},
		{
			"name": "Strength map",
			"visible": true,
			"tooltip": "",
			"type": 4
		},
		{
			"name": "Color over lifetime",
			"visible": false,
			"tooltip": "",
			"type": 3
		},
		{
			"name": "Distance",
			"visible": false,
			"tooltip": "",
			"type": 1
		},
		{
			"name": "Alpha over lifetime",
			"visible": false,
			"tooltip": "",
			"type": 6
		},
		{
			"name": "Random blending",
			"visible": false,
			"tooltip": "",
			"type": 1
		},
		{
			"name": "Active",
			"visible": false,
			"tooltip": "",
			"type": 2
		}
	],
	"node": "Node_Pixel_Cloud"
}