{
	"name": "Polygon Shape",
	"outputs": [
		{
			"name": "Surface out",
			"visible": true,
			"tooltip": "",
			"type": 4
		},
		{
			"name": "Mesh",
			"visible": true,
			"tooltip": "",
			"type": 18
		},
		{
			"name": "Path",
			"visible": true,
			"tooltip": "",
			"type": 12
		}
	],
	"inputs": [
		{
			"name": "Dimension",
			"visible": false,
			"tooltip": "",
			"type": 0
		},
		{
			"name": "Background",
			"visible": false,
			"tooltip": "",
			"type": 2
		},
		{
			"name": "Background color",
			"visible": false,
			"tooltip": "",
			"type": 3
		},
		{
			"name": "Shape color",
			"visible": false,
			"tooltip": "",
			"type": 3
		},
		{
			"name": "Shape",
			"visible": false,
			"tooltip": "",
			"type": 0
		},
		{
			"name": "Position",
			"visible": false,
			"tooltip": "",
			"type": 1
		},
		{
			"name": "Rotation",
			"visible": false,
			"tooltip": "",
			"type": 1
		},
		{
			"name": "Scale",
			"visible": false,
			"tooltip": "",
			"type": 0
		},
		{
			"name": "Sides",
			"visible": false,
			"tooltip": "",
			"type": 0
		},
		{
			"name": "Inner radius",
			"visible": false,
			"tooltip": "",
			"type": 1
		},
		{
			"name": "Radius",
			"visible": false,
			"tooltip": "",
			"type": 1
		},
		{
			"name": "Teeth",
			"visible": false,
			"tooltip": "",
			"type": 0
		},
		{
			"name": "Teeth height",
			"visible": false,
			"tooltip": "",
			"type": 1
		},
		{
			"name": "Teeth taper",
			"visible": false,
			"tooltip": "",
			"type": 1
		},
		{
			"name": "Angle range",
			"visible": false,
			"tooltip": "",
			"type": 1
		},
		{
			"name": "Round cap",
			"visible": false,
			"tooltip": "",
			"type": 2
		},
		{
			"name": "Mesh",
			"visible": true,
			"tooltip": "",
			"type": 18
		}
	],
	"tooltip": "",
	"node": "Node_Shape_Polygon"
}