{
	"name": "Posterize",
	"outputs": [
		{
			"name": "Surface out",
			"visible": true,
			"tooltip": "",
			"type": 4
		}
	],
	"tooltip": "",
	"inputs": [
		{
			"name": "Surface in",
			"visible": true,
			"tooltip": "",
			"type": 4
		},
		{
			"name": "Palette",
			"visible": false,
			"tooltip": "",
			"type": 3
		},
		{
			"name": "Use palette",
			"visible": false,
			"tooltip": "",
			"type": 2
		},
		{
			"name": "Colors",
			"visible": false,
			"tooltip": "",
			"type": 0
		},
		{
			"name": "Gamma",
			"visible": false,
			"tooltip": "",
			"type": 1
		},
		{
			"name": "Active",
			"visible": false,
			"tooltip": "",
			"type": 2
		}
	],
	"node": "Node_Posterize"
}