{
	"name": "Radial Blur",
	"outputs": [
		{
			"name": "Surface out",
			"visible": true,
			"tooltip": "",
			"type": 4
		}
	],
	"inputs": [
		{
			"name": "Surface in",
			"visible": true,
			"tooltip": "",
			"type": 4
		},
		{
			"name": "Strength",
			"visible": false,
			"tooltip": "",
			"type": 1
		},
		{
			"name": "Center",
			"visible": false,
			"tooltip": "",
			"type": 1
		},
		{
			"name": "Oversample mode",
			"visible": false,
			"tooltip": "How to deal with pixel outside the surface.\n    - Empty: Use empty pixel\n    - Clamp: Repeat edge pixel\n    - Repeat: Repeat texture.",
			"type": 0
		},
		{
			"name": "Mask",
			"visible": true,
			"tooltip": "",
			"type": 4
		},
		{
			"name": "Mix",
			"visible": false,
			"tooltip": "",
			"type": 1
		},
		{
			"name": "Active",
			"visible": false,
			"tooltip": "",
			"type": 2
		}
	],
	"tooltip": "",
	"node": "Node_Blur_Radial"
}