{
	"name": "Remove Color",
	"outputs": [
		{
			"name": "Surface out",
			"visible": true,
			"tooltip": "",
			"type": 4
		}
	],
	"inputs": [
		{
			"name": "Surface in",
			"visible": true,
			"tooltip": "",
			"type": 4
		},
		{
			"name": "Colors",
			"visible": false,
			"tooltip": "",
			"type": 3
		},
		{
			"name": "Threshold",
			"visible": false,
			"tooltip": "",
			"type": 1
		},
		{
			"name": "Mask",
			"visible": true,
			"tooltip": "",
			"type": 4
		},
		{
			"name": "Mix",
			"visible": false,
			"tooltip": "",
			"type": 1
		},
		{
			"name": "Active",
			"visible": false,
			"tooltip": "",
			"type": 2
		},
		{
			"name": "Invert",
			"visible": false,
			"tooltip": "Keep the selected colors and remove the rest.",
			"type": 2
		}
	],
	"tooltip": "",
	"node": "Node_Color_Remove"
}