{
	"name": "Render Domain",
	"outputs": [
		{
			"name": "Fluid",
			"visible": true,
			"tooltip": "",
			"type": 4
		},
		{
			"name": "Domain",
			"visible": true,
			"tooltip": "",
			"type": 4
		}
	],
	"inputs": [
		{
			"name": "Fluid Domain",
			"visible": true,
			"tooltip": "",
			"type": 15
		},
		{
			"name": "Dimension",
			"visible": false,
			"tooltip": "",
			"type": 0
		},
		{
			"name": "Interpolate",
			"visible": false,
			"tooltip": "",
			"type": 2
		},
		{
			"name": "Draw Domain",
			"visible": false,
			"tooltip": "",
			"type": 2
		}
	],
	"tooltip": "",
	"node": "Node_Fluid_Render"
}