{
	"name": "Render Spritesheet",
	"outputs": [
		{
			"name": "Surface out",
			"visible": true,
			"tooltip": "",
			"type": 4
		},
		{
			"name": "Atlas Data",
			"visible": true,
			"tooltip": "",
			"type": 16
		}
	],
	"inputs": [
		{
			"name": "Sprites",
			"visible": true,
			"tooltip": "",
			"type": 4
		},
		{
			"name": "Sprite set",
			"visible": false,
			"tooltip": "",
			"type": 0
		},
		{
			"name": "Frame step",
			"visible": false,
			"tooltip": "Number of frames until next sprite. Can be seen as (Step - 1) frame skip.",
			"type": 0
		},
		{
			"name": "Packing type",
			"visible": false,
			"tooltip": "",
			"type": 0
		},
		{
			"name": "Grid column",
			"visible": false,
			"tooltip": "",
			"type": 0
		},
		{
			"name": "Alignment",
			"visible": false,
			"tooltip": "",
			"type": 0
		},
		{
			"name": "Spacing",
			"visible": false,
			"tooltip": "",
			"type": 0
		},
		{
			"name": "Padding",
			"visible": false,
			"tooltip": "",
			"type": 0
		}
	],
	"tooltip": "",
	"node": "Node_Render_Sprite_Sheet"
}