{
	"name": "Renderer",
	"outputs": [
		{
			"name": "Surface out",
			"visible": true,
			"tooltip": "",
			"type": 4
		}
	],
	"inputs": [
		{
			"name": "Output dimension",
			"visible": false,
			"tooltip": "",
			"type": 0
		},
		{
			"name": "Round position",
			"visible": false,
			"tooltip": "Round position to the closest integer value to avoid jittering.",
			"type": 2
		},
		{
			"name": "Blend mode",
			"visible": false,
			"tooltip": "",
			"type": 0
		},
		{
			"name": "Particles",
			"visible": true,
			"tooltip": "",
			"type": 13
		}
	],
	"tooltip": "",
	"node": "Node_VFX_Renderer"
}