{
	"name": "Repeat",
	"outputs": [
		{
			"name": "Surface out",
			"visible": true,
			"tooltip": "",
			"type": 4
		}
	],
	"inputs": [
		{
			"name": "Surface in",
			"visible": true,
			"tooltip": "",
			"type": 4
		},
		{
			"name": "Dimension",
			"visible": false,
			"tooltip": "",
			"type": 0
		},
		{
			"name": "Amount",
			"visible": false,
			"tooltip": "",
			"type": 0
		},
		{
			"name": "Pattern",
			"visible": false,
			"tooltip": "",
			"type": 0
		},
		{
			"name": "Repeat position",
			"visible": false,
			"tooltip": "",
			"type": 1
		},
		{
			"name": "Repeat rotation",
			"visible": false,
			"tooltip": "",
			"type": 0
		},
		{
			"name": "Scale multiply",
			"visible": false,
			"tooltip": "",
			"type": 1
		},
		{
			"name": "Angle range",
			"visible": false,
			"tooltip": "",
			"type": 0
		},
		{
			"name": "Radius",
			"visible": false,
			"tooltip": "",
			"type": 1
		},
		{
			"name": "Start position",
			"visible": false,
			"tooltip": "",
			"type": 1
		},
		{
			"name": "Scale over copy",
			"visible": false,
			"tooltip": "",
			"type": 6
		},
		{
			"name": "Path",
			"visible": true,
			"tooltip": "Make each copy follow along path.",
			"type": 12
		},
		{
			"name": "Path range",
			"visible": false,
			"tooltip": "Range of the path to follow.",
			"type": 1
		},
		{
			"name": "Path shift",
			"visible": false,
			"tooltip": "",
			"type": 1
		},
		{
			"name": "Color over copy",
			"visible": false,
			"tooltip": "",
			"type": 3
		},
		{
			"name": "Alpha over copy",
			"visible": false,
			"tooltip": "",
			"type": 6
		},
		{
			"name": "Array select",
			"visible": false,
			"tooltip": "Whether to select image from an array in order, at random, pr spread or each image to one output.",
			"type": 0
		},
		{
			"name": "Seed",
			"visible": false,
			"tooltip": "",
			"type": 0
		},
		{
			"name": "Column",
			"visible": false,
			"tooltip": "",
			"type": 0
		},
		{
			"name": "Column shift",
			"visible": false,
			"tooltip": "",
			"type": 1
		},
		{
			"name": "Animator midpoint",
			"visible": false,
			"tooltip": "",
			"type": 1
		},
		{
			"name": "Animator range",
			"visible": false,
			"tooltip": "",
			"type": 1
		},
		{
			"name": "Animator position",
			"visible": false,
			"tooltip": "",
			"type": 1
		},
		{
			"name": "Animator rotation",
			"visible": false,
			"tooltip": "",
			"type": 0
		},
		{
			"name": "Animator scale",
			"visible": false,
			"tooltip": "",
			"type": 1
		},
		{
			"name": "Animator falloff",
			"visible": false,
			"tooltip": "",
			"type": 6
		},
		{
			"name": "Stack",
			"visible": false,
			"tooltip": "Place each copy next to each other, taking surface dimension into account.",
			"type": 0
		},
		{
			"name": "Animator blend",
			"visible": false,
			"tooltip": "",
			"type": 3
		},
		{
			"name": "Animator alpha",
			"visible": false,
			"tooltip": "",
			"type": 1
		}
	],
	"tooltip": "",
	"node": "Node_Repeat"
}