{
	"name": "Replace Image",
	"outputs": [
		{
			"name": "Surface out",
			"visible": true,
			"tooltip": "",
			"type": 4
		}
	],
	"tooltip": "",
	"inputs": [
		{
			"name": "Base image",
			"visible": true,
			"tooltip": "",
			"type": 4
		},
		{
			"name": "Target image",
			"visible": true,
			"tooltip": "",
			"type": 4
		},
		{
			"name": "Replacement image",
			"visible": true,
			"tooltip": "",
			"type": 4
		},
		{
			"name": "Threshold",
			"visible": false,
			"tooltip": "",
			"type": 1
		},
		{
			"name": "Draw Base Image",
			"visible": false,
			"tooltip": "",
			"type": 2
		},
		{
			"name": "Fast Mode",
			"visible": false,
			"tooltip": "",
			"type": 2
		}
	],
	"node": "Node_Surface_Replace"
}