{
	"name": "Replace Image",
	"outputs": [
		{
			"name": "Surface Out",
			"visible": true,
			"tooltip": "",
			"type": 4
		}
	],
	"inputs": [
		{
			"name": "Base Image",
			"visible": true,
			"tooltip": "",
			"type": 4
		},
		{
			"name": "Target Image",
			"visible": true,
			"tooltip": "",
			"type": 4
		},
		{
			"name": "Replacement Image",
			"visible": true,
			"tooltip": "",
			"type": 4
		},
		{
			"name": "Color Threshold",
			"visible": false,
			"tooltip": "How similiar the color need to be in order to be count as matched.",
			"type": 1
		},
		{
			"name": "Draw Base Image",
			"visible": false,
			"tooltip": "",
			"type": 2
		},
		{
			"name": "Fast Mode",
			"visible": false,
			"tooltip": "",
			"type": 2
		},
		{
			"name": "Pixel Threshold",
			"visible": false,
			"tooltip": "How many pixel need to me matched to replace with replacement image.",
			"type": 1
		}
	],
	"tooltip": "",
	"node": "Node_Surface_Replace"
}