{
	"name": "Replace Color",
	"outputs": [
		{
			"name": "Surface out",
			"visible": true,
			"tooltip": "",
			"type": 4
		}
	],
	"inputs": [
		{
			"name": "Surface in",
			"visible": true,
			"tooltip": "",
			"type": 4
		},
		{
			"name": "Palette from",
			"visible": false,
			"tooltip": "Color to be replaced.",
			"type": 3
		},
		{
			"name": "Palette to",
			"visible": false,
			"tooltip": "Palette to be replaced to.",
			"type": 3
		},
		{
			"name": "Threshold",
			"visible": false,
			"tooltip": "",
			"type": 1
		},
		{
			"name": "Set others to black",
			"visible": false,
			"tooltip": "Set pixel that doesn't match any color in 'palette from' to black.",
			"type": 2
		},
		{
			"name": "Multiply alpha",
			"visible": false,
			"tooltip": "",
			"type": 2
		},
		{
			"name": "Hard replace",
			"visible": false,
			"tooltip": "Completely override pixel with new color instead of blending between it.",
			"type": 2
		},
		{
			"name": "Mask",
			"visible": true,
			"tooltip": "",
			"type": 4
		},
		{
			"name": "Mix",
			"visible": false,
			"tooltip": "",
			"type": 1
		},
		{
			"name": "Active",
			"visible": false,
			"tooltip": "",
			"type": 2
		}
	],
	"tooltip": "",
	"node": "Node_Color_replace"
}