{
	"name": "RGBA Combine",
	"outputs": [
		{
			"name": "Surface out",
			"visible": true,
			"tooltip": "",
			"type": 4
		}
	],
	"tooltip": "",
	"inputs": [
		{
			"name": "Red",
			"visible": true,
			"tooltip": "",
			"type": 4
		},
		{
			"name": "Green",
			"visible": true,
			"tooltip": "",
			"type": 4
		},
		{
			"name": "Blue",
			"visible": true,
			"tooltip": "",
			"type": 4
		},
		{
			"name": "Alpha",
			"visible": true,
			"tooltip": "",
			"type": 4
		},
		{
			"name": "Sampling type",
			"visible": false,
			"tooltip": "",
			"type": 0
		}
	],
	"node": "Node_Combine_RGB"
}