{
	"name": "RGBA Extract",
	"outputs": [
		{
			"name": "Red",
			"visible": true,
			"tooltip": "",
			"type": 4
		},
		{
			"name": "Green",
			"visible": true,
			"tooltip": "",
			"type": 4
		},
		{
			"name": "Blue",
			"visible": true,
			"tooltip": "",
			"type": 4
		},
		{
			"name": "Alpha",
			"visible": true,
			"tooltip": "",
			"type": 4
		}
	],
	"inputs": [
		{
			"name": "Surface in",
			"visible": true,
			"tooltip": "",
			"type": 4
		},
		{
			"name": "Output type",
			"visible": false,
			"tooltip": "",
			"type": 0
		}
	],
	"tooltip": "",
	"node": "Node_RGB_Channel"
}