{
	"name": "Rigidbody Variable",
	"outputs": [
		{
			"name": "Positions",
			"visible": true,
			"tooltip": "",
			"type": 1
		},
		{
			"name": "Scales",
			"visible": true,
			"tooltip": "",
			"type": 1
		},
		{
			"name": "Rotations",
			"visible": true,
			"tooltip": "",
			"type": 1
		},
		{
			"name": "Blends",
			"visible": false,
			"tooltip": "",
			"type": 3
		},
		{
			"name": "Alpha",
			"visible": false,
			"tooltip": "",
			"type": 1
		},
		{
			"name": "Velocity",
			"visible": false,
			"tooltip": "",
			"type": 1
		},
		{
			"name": "Center of mass",
			"visible": false,
			"tooltip": "",
			"type": 1
		}
	],
	"inputs": [
		{
			"name": "Object",
			"visible": true,
			"tooltip": "",
			"type": 14
		}
	],
	"tooltip": "",
	"node": "Node_Rigid_Variable"
}