{
	"name": "Sampler",
	"outputs": [
		{
			"name": "Color",
			"visible": true,
			"tooltip": "",
			"type": 3
		}
	],
	"inputs": [
		{
			"name": "Surface in",
			"visible": true,
			"tooltip": "",
			"type": 4
		},
		{
			"name": "Position",
			"visible": false,
			"tooltip": "",
			"type": 1
		},
		{
			"name": "Sampling size",
			"visible": false,
			"tooltip": "Size of square around the position to sample and average pixel color.",
			"type": 0
		}
	],
	"tooltip": "",
	"node": "Node_Sampler"
}