{
	"name": "Scatter Points",
	"outputs": [
		{
			"name": "Points",
			"visible": true,
			"tooltip": "",
			"type": 1
		}
	],
	"tooltip": "",
	"inputs": [
		{
			"name": "Point area",
			"visible": false,
			"tooltip": "",
			"type": 1
		},
		{
			"name": "Point distribution",
			"visible": false,
			"tooltip": "",
			"type": 0
		},
		{
			"name": "Scatter",
			"visible": false,
			"tooltip": "",
			"type": 0
		},
		{
			"name": "Point amount",
			"visible": false,
			"tooltip": "Amount of particle spawn in that frame.",
			"type": 0
		},
		{
			"name": "Distribution map",
			"visible": true,
			"tooltip": "",
			"type": 4
		},
		{
			"name": "Seed",
			"visible": false,
			"tooltip": "",
			"type": 1
		},
		{
			"name": "Fixed position",
			"visible": false,
			"tooltip": "Fix point position, and only select point in the area.",
			"type": 2
		},
		{
			"name": "Reference dimension",
			"visible": false,
			"tooltip": "",
			"type": 0
		}
	],
	"node": "Node_Scatter_Points"
}