{
	"name": "Scatter",
	"outputs": [
		{
			"name": "Surface out",
			"visible": true,
			"tooltip": "",
			"type": 4
		}
	],
	"inputs": [
		{
			"name": "Surface in",
			"visible": true,
			"tooltip": "",
			"type": 4
		},
		{
			"name": "Dimension",
			"visible": false,
			"tooltip": "",
			"type": 0
		},
		{
			"name": "Amount",
			"visible": false,
			"tooltip": "",
			"type": 0
		},
		{
			"name": "Scale",
			"visible": false,
			"tooltip": "",
			"type": 1
		},
		{
			"name": "Angle",
			"visible": false,
			"tooltip": "",
			"type": 0
		},
		{
			"name": "Area",
			"visible": false,
			"tooltip": "",
			"type": 0
		},
		{
			"name": "Distribution",
			"visible": false,
			"tooltip": "",
			"type": 0
		},
		{
			"name": "Point at center",
			"visible": false,
			"tooltip": "Rotate each copy to face the spawn center.",
			"type": 2
		},
		{
			"name": "Uniform scaling",
			"visible": false,
			"tooltip": "",
			"type": 2
		},
		{
			"name": "Scatter",
			"visible": false,
			"tooltip": "",
			"type": 0
		},
		{
			"name": "Seed",
			"visible": false,
			"tooltip": "",
			"type": 1
		},
		{
			"name": "Random blend",
			"visible": false,
			"tooltip": "",
			"type": 3
		},
		{
			"name": "Alpha",
			"visible": false,
			"tooltip": "",
			"type": 1
		},
		{
			"name": "Distribution map",
			"visible": true,
			"tooltip": "",
			"type": 4
		},
		{
			"name": "Distribution data",
			"visible": false,
			"tooltip": "",
			"type": 1
		},
		{
			"name": "Array",
			"visible": false,
			"tooltip": "What to do when input array of surface.\r\n- Spread: Create Array of output each scattering single surface.\r\n- Mixed: Create single output scattering multiple images.",
			"type": 0
		},
		{
			"name": "Multiply alpha",
			"visible": false,
			"tooltip": "",
			"type": 2
		},
		{
			"name": "Use value",
			"visible": false,
			"tooltip": "Apply the third value in each data point (if exist) on given properties.",
			"type": 7
		},
		{
			"name": "Blend mode",
			"visible": false,
			"tooltip": "",
			"type": 0
		}
	],
	"tooltip": "",
	"node": "Node_Scatter"
}