{
	"name": "SDF",
	"outputs": [
		{
			"name": "Surface out",
			"visible": true,
			"tooltip": "",
			"type": 4
		}
	],
	"tooltip": "",
	"inputs": [
		{
			"name": "Surface in",
			"visible": true,
			"tooltip": "",
			"type": 4
		},
		{
			"name": "Active",
			"visible": false,
			"tooltip": "",
			"type": 2
		},
		{
			"name": "Side",
			"visible": false,
			"tooltip": "",
			"type": 0
		},
		{
			"name": "Max distance",
			"visible": false,
			"tooltip": "",
			"type": 1
		}
	],
	"node": "Node_SDF"
}