{
	"name": "Separate Shape",
	"outputs": [
		{
			"name": "Surface out",
			"visible": true,
			"tooltip": "",
			"type": 4
		},
		{
			"name": "Boundary data",
			"visible": true,
			"tooltip": "",
			"type": 0
		}
	],
	"inputs": [
		{
			"name": "Surface in",
			"visible": true,
			"tooltip": "",
			"type": 4
		},
		{
			"name": "Tolerance",
			"visible": false,
			"tooltip": "",
			"type": 1
		},
		{
			"name": "Override color",
			"visible": false,
			"tooltip": "",
			"type": 2
		},
		{
			"name": "Color",
			"visible": false,
			"tooltip": "",
			"type": 3
		},
		{
			"name": "Ignore blank",
			"visible": false,
			"tooltip": "Skip empty and black shape.",
			"type": 2
		}
	],
	"tooltip": "",
	"node": "Node_Seperate_Shape"
}