{
	"name": "Shadow",
	"outputs": [
		{
			"name": "Surface out",
			"visible": true,
			"tooltip": "",
			"type": 4
		}
	],
	"inputs": [
		{
			"name": "Surface in",
			"visible": true,
			"tooltip": "",
			"type": 4
		},
		{
			"name": "Color",
			"visible": false,
			"tooltip": "",
			"type": 3
		},
		{
			"name": "Strength",
			"visible": false,
			"tooltip": "",
			"type": 1
		},
		{
			"name": "Shift",
			"visible": false,
			"tooltip": "",
			"type": 0
		},
		{
			"name": "Grow",
			"visible": false,
			"tooltip": "",
			"type": 1
		},
		{
			"name": "Blur",
			"visible": false,
			"tooltip": "",
			"type": 1
		},
		{
			"name": "Mask",
			"visible": true,
			"tooltip": "",
			"type": 4
		},
		{
			"name": "Mix",
			"visible": false,
			"tooltip": "",
			"type": 1
		},
		{
			"name": "Active",
			"visible": false,
			"tooltip": "",
			"type": 2
		}
	],
	"tooltip": "",
	"node": "Node_Shadow"
}