{
	"name": "Shape",
	"outputs": [
		{
			"name": "Surface out",
			"visible": true,
			"tooltip": "",
			"type": 4
		}
	],
	"tooltip": "",
	"inputs": [
		{
			"name": "Dimension",
			"visible": false,
			"tooltip": "",
			"type": 0
		},
		{
			"name": "Background",
			"visible": false,
			"tooltip": "",
			"type": 2
		},
		{
			"name": "Shape",
			"visible": false,
			"tooltip": "",
			"type": 0
		},
		{
			"name": "Position",
			"visible": false,
			"tooltip": "",
			"type": 1
		},
		{
			"name": "Sides",
			"visible": false,
			"tooltip": "",
			"type": 0
		},
		{
			"name": "Inner radius",
			"visible": false,
			"tooltip": "",
			"type": 1
		},
		{
			"name": "Anti alising",
			"visible": false,
			"tooltip": "",
			"type": 2
		},
		{
			"name": "Rotation",
			"visible": false,
			"tooltip": "",
			"type": 0
		},
		{
			"name": "Angle range",
			"visible": false,
			"tooltip": "",
			"type": 0
		},
		{
			"name": "Corner radius",
			"visible": false,
			"tooltip": "",
			"type": 1
		},
		{
			"name": "Shape color",
			"visible": false,
			"tooltip": "",
			"type": 3
		},
		{
			"name": "Background color",
			"visible": false,
			"tooltip": "",
			"type": 3
		},
		{
			"name": "Height",
			"visible": false,
			"tooltip": "",
			"type": 2
		},
		{
			"name": "Start radius",
			"visible": false,
			"tooltip": "",
			"type": 1
		},
		{
			"name": "Shape path",
			"visible": true,
			"tooltip": "",
			"type": 12
		}
	],
	"node": "Node_Shape"
}