{
	"name": "Simple Blur",
	"outputs": [
		{
			"name": "Surface out",
			"visible": true,
			"tooltip": "",
			"type": 4
		}
	],
	"tooltip": "",
	"inputs": [
		{
			"name": "Surface in",
			"visible": true,
			"tooltip": "",
			"type": 4
		},
		{
			"name": "Size",
			"visible": false,
			"tooltip": "",
			"type": 1
		},
		{
			"name": "Oversample mode",
			"visible": false,
			"tooltip": "How to deal with pixel outside the surface.\n    - Empty: Use empty pixel\n    - Clamp: Repeat edge pixel\n    - Repeat: Repeat texture.",
			"type": 0
		},
		{
			"name": "Blur mask",
			"visible": true,
			"tooltip": "",
			"type": 4
		},
		{
			"name": "Override color",
			"visible": false,
			"tooltip": "Replace all color while keeping the alpha. Used to\nfix grey outline when bluring transparent pixel.",
			"type": 2
		},
		{
			"name": "Color",
			"visible": false,
			"tooltip": "",
			"type": 3
		},
		{
			"name": "Mask",
			"visible": true,
			"tooltip": "",
			"type": 4
		},
		{
			"name": "Mix",
			"visible": false,
			"tooltip": "",
			"type": 1
		},
		{
			"name": "Active",
			"visible": false,
			"tooltip": "",
			"type": 2
		}
	],
	"node": "Node_Blur_Simple"
}