{
	"name": "Spawner",
	"outputs": [
		{
			"name": "Particles",
			"visible": true,
			"tooltip": "",
			"type": 13
		},
		{
			"name": "On create",
			"visible": true,
			"tooltip": "",
			"type": 9
		},
		{
			"name": "On step",
			"visible": true,
			"tooltip": "",
			"type": 9
		},
		{
			"name": "On destroy",
			"visible": true,
			"tooltip": "",
			"type": 9
		}
	],
	"inputs": [
		{
			"name": "Particle sprite",
			"visible": true,
			"tooltip": "",
			"type": 4
		},
		{
			"name": "Spawn delay",
			"visible": false,
			"tooltip": "Frames delay between each particle spawn.",
			"type": 0
		},
		{
			"name": "Spawn amount",
			"visible": false,
			"tooltip": "Amount of particle spawn in that frame.",
			"type": 0
		},
		{
			"name": "Spawn area",
			"visible": false,
			"tooltip": "",
			"type": 1
		},
		{
			"name": "Spawn distribution",
			"visible": false,
			"tooltip": "",
			"type": 0
		},
		{
			"name": "Lifespan",
			"visible": false,
			"tooltip": "",
			"type": 0
		},
		{
			"name": "Spawn direction",
			"visible": false,
			"tooltip": "",
			"type": 0
		},
		{
			"name": "Acceleration",
			"visible": false,
			"tooltip": "",
			"type": 1
		},
		{
			"name": "Orientation",
			"visible": false,
			"tooltip": "",
			"type": 0
		},
		{
			"name": "Rotational speed",
			"visible": false,
			"tooltip": "",
			"type": 1
		},
		{
			"name": "Spawn scale",
			"visible": false,
			"tooltip": "",
			"type": 1
		},
		{
			"name": "Scale over time",
			"visible": false,
			"tooltip": "",
			"type": 6
		},
		{
			"name": "Color over lifetime",
			"visible": false,
			"tooltip": "",
			"type": 3
		},
		{
			"name": "Alpha",
			"visible": false,
			"tooltip": "",
			"type": 1
		},
		{
			"name": "Alpha over time",
			"visible": false,
			"tooltip": "",
			"type": 6
		},
		{
			"name": "Rotate by direction",
			"visible": false,
			"tooltip": "Make the particle rotates to follow its movement.",
			"type": 2
		},
		{
			"name": "Spawn type",
			"visible": false,
			"tooltip": "",
			"type": 0
		},
		{
			"name": "Spawn size",
			"visible": false,
			"tooltip": "",
			"type": 1
		},
		{
			"name": "Spawn velocity",
			"visible": false,
			"tooltip": "",
			"type": 1
		},
		{
			"name": "Gravity",
			"visible": false,
			"tooltip": "",
			"type": 1
		},
		{
			"name": "Wiggle",
			"visible": false,
			"tooltip": "",
			"type": 1
		},
		{
			"name": "Loop",
			"visible": false,
			"tooltip": "",
			"type": 2
		},
		{
			"name": "Surface array",
			"visible": false,
			"tooltip": "Whether to select image from an array in order, at random, or treat array as animation.",
			"type": 0
		},
		{
			"name": "Animation speed",
			"visible": false,
			"tooltip": "",
			"type": 1
		},
		{
			"name": "Scatter",
			"visible": false,
			"tooltip": "",
			"type": 0
		},
		{
			"name": "Boundary data",
			"visible": true,
			"tooltip": "",
			"type": 0
		},
		{
			"name": "On animation end",
			"visible": false,
			"tooltip": "",
			"type": 0
		},
		{
			"name": "Spawn",
			"visible": false,
			"tooltip": "",
			"type": 2
		},
		{
			"name": "Random blend",
			"visible": false,
			"tooltip": "",
			"type": 3
		},
		{
			"name": "Directed from center",
			"visible": false,
			"tooltip": "Make particle move away from the spawn center.",
			"type": 2
		},
		{
			"name": "Distribution map",
			"visible": false,
			"tooltip": "",
			"type": 4
		},
		{
			"name": "Distribution data",
			"visible": false,
			"tooltip": "",
			"type": 1
		},
		{
			"name": "Seed",
			"visible": false,
			"tooltip": "",
			"type": 1
		},
		{
			"name": "Gravity direction",
			"visible": false,
			"tooltip": "",
			"type": 0
		},
		{
			"name": "Turning",
			"visible": false,
			"tooltip": "",
			"type": 1
		},
		{
			"name": "Turn both directions",
			"visible": false,
			"tooltip": "Apply randomized 1, -1 multiplier to the turning speed.",
			"type": 2
		},
		{
			"name": "Turn scale with speed",
			"visible": false,
			"tooltip": "",
			"type": 2
		},
		{
			"name": "Spawn trigger",
			"visible": true,
			"tooltip": "",
			"type": 9
		},
		{
			"name": "Step interval",
			"visible": false,
			"tooltip": "How often the 'on step' event is triggered.\nWith 1 being trigger every frame, 2 means triggered once every 2 frames.",
			"type": 0
		}
	],
	"tooltip": "",
	"node": "Node_VFX_Spawner"
}