{
	"name": "Splice Spritesheet",
	"outputs": [
		{
			"name": "Surface out",
			"visible": true,
			"tooltip": "",
			"type": 4
		},
		{
			"name": "Atlas Data",
			"visible": true,
			"tooltip": "",
			"type": 16
		}
	],
	"inputs": [
		{
			"name": "Surface in",
			"visible": true,
			"tooltip": "",
			"type": 4
		},
		{
			"name": "Sprite size",
			"visible": false,
			"tooltip": "",
			"type": 0
		},
		{
			"name": "Row",
			"visible": false,
			"tooltip": "",
			"type": 0
		},
		{
			"name": "Amount",
			"visible": false,
			"tooltip": "",
			"type": 0
		},
		{
			"name": "Offset",
			"visible": false,
			"tooltip": "",
			"type": 0
		},
		{
			"name": "Spacing",
			"visible": false,
			"tooltip": "",
			"type": 0
		},
		{
			"name": "Padding",
			"visible": false,
			"tooltip": "",
			"type": 0
		},
		{
			"name": "Output",
			"visible": false,
			"tooltip": "",
			"type": 0
		},
		{
			"name": "Animation speed",
			"visible": false,
			"tooltip": "",
			"type": 1
		},
		{
			"name": "Orientation",
			"visible": false,
			"tooltip": "",
			"type": 0
		},
		{
			"name": "Auto fill",
			"visible": false,
			"tooltip": "",
			"type": 19
		},
		{
			"name": "Sync animation",
			"visible": false,
			"tooltip": "",
			"type": 19
		},
		{
			"name": "Filter empty output",
			"visible": false,
			"tooltip": "",
			"type": 2
		}
	],
	"tooltip": "",
	"node": "Node_Image_Sheet"
}