{
	"name": "Sprite Stack",
	"outputs": [
		{
			"name": "Surface out",
			"visible": true,
			"tooltip": "",
			"type": 4
		}
	],
	"tooltip": "",
	"inputs": [
		{
			"name": "Base shape",
			"visible": true,
			"tooltip": "",
			"type": 4
		},
		{
			"name": "Dimension",
			"visible": false,
			"tooltip": "",
			"type": 0
		},
		{
			"name": "Stack amount",
			"visible": false,
			"tooltip": "",
			"type": 0
		},
		{
			"name": "Stack shift",
			"visible": false,
			"tooltip": "",
			"type": 0
		},
		{
			"name": "Position",
			"visible": false,
			"tooltip": "",
			"type": 0
		},
		{
			"name": "Rotation",
			"visible": false,
			"tooltip": "",
			"type": 0
		},
		{
			"name": "Stack blend",
			"visible": false,
			"tooltip": "",
			"type": 3
		},
		{
			"name": "Alpha end",
			"visible": false,
			"tooltip": "Alpha value for the last copy.",
			"type": 1
		},
		{
			"name": "Move base",
			"visible": false,
			"tooltip": "Make each copy move the original image.",
			"type": 2
		}
	],
	"node": "Node_Sprite_Stack"
}