{
	"name": "Stack",
	"outputs": [
		{
			"name": "Surface out",
			"visible": true,
			"tooltip": "",
			"type": 4
		}
	],
	"tooltip": "",
	"inputs": [
		{
			"name": "Axis",
			"visible": false,
			"tooltip": "",
			"type": 0
		},
		{
			"name": "Align",
			"visible": false,
			"tooltip": "",
			"type": 0
		},
		{
			"name": "Spacing",
			"visible": false,
			"tooltip": "",
			"type": 0
		},
		{
			"name": "Input",
			"visible": true,
			"tooltip": "",
			"type": 4
		}
	],
	"node": "Node_Stack"
}