{
	"name": "Strand Render",
	"outputs": [
		{
			"name": "Surface out",
			"visible": true,
			"tooltip": "",
			"type": 4
		}
	],
	"tooltip": "",
	"inputs": [
		{
			"name": "Dimension",
			"visible": false,
			"tooltip": "",
			"type": 0
		},
		{
			"name": "Strand",
			"visible": true,
			"tooltip": "",
			"type": 17
		},
		{
			"name": "Thickness",
			"visible": false,
			"tooltip": "",
			"type": 1
		},
		{
			"name": "Thickness over length",
			"visible": false,
			"tooltip": "",
			"type": 6
		},
		{
			"name": "Random color",
			"visible": false,
			"tooltip": "",
			"type": 3
		},
		{
			"name": "Color over length",
			"visible": false,
			"tooltip": "",
			"type": 3
		},
		{
			"name": "Seed",
			"visible": false,
			"tooltip": "",
			"type": 1
		},
		{
			"name": "Child",
			"visible": false,
			"tooltip": "Render extra strands between the real strands.",
			"type": 1
		}
	],
	"node": "Node_Strand_Render"
}