{
	"name": "Strand Break",
	"outputs": [
		{
			"name": "Strand",
			"visible": true,
			"tooltip": "",
			"type": 17
		}
	],
	"inputs": [
		{
			"name": "Strand",
			"visible": true,
			"tooltip": "",
			"type": 17
		},
		{
			"name": "Shape",
			"visible": false,
			"tooltip": "",
			"type": 0
		},
		{
			"name": "Position",
			"visible": false,
			"tooltip": "",
			"type": 1
		},
		{
			"name": "Range",
			"visible": false,
			"tooltip": "",
			"type": 1
		},
		{
			"name": "Direction",
			"visible": false,
			"tooltip": "",
			"type": 0
		},
		{
			"name": "Falloff",
			"visible": false,
			"tooltip": "",
			"type": 1
		},
		{
			"name": "Chance",
			"visible": false,
			"tooltip": "",
			"type": 1
		},
		{
			"name": "Seed",
			"visible": false,
			"tooltip": "",
			"type": 0
		}
	],
	"tooltip": "",
	"node": "Node_Strand_Break"
}