{
	"name": "Strand Length Adjust",
	"outputs": [
		{
			"name": "Strand",
			"visible": true,
			"tooltip": "",
			"type": 17
		}
	],
	"inputs": [
		{
			"name": "Strand",
			"visible": true,
			"tooltip": "",
			"type": 17
		},
		{
			"name": "Shape",
			"visible": false,
			"tooltip": "",
			"type": 0
		},
		{
			"name": "Position",
			"visible": false,
			"tooltip": "",
			"type": 1
		},
		{
			"name": "Range",
			"visible": false,
			"tooltip": "",
			"type": 1
		},
		{
			"name": "Direction",
			"visible": false,
			"tooltip": "",
			"type": 0
		},
		{
			"name": "Falloff",
			"visible": false,
			"tooltip": "",
			"type": 1
		},
		{
			"name": "Type",
			"visible": false,
			"tooltip": "",
			"type": 0
		},
		{
			"name": "Strength",
			"visible": false,
			"tooltip": "",
			"type": 1
		}
	],
	"tooltip": "",
	"node": "Node_Strand_Length_Adjust"
}