{
	"name": "Strand Force Apply",
	"outputs": [
		{
			"name": "Strand",
			"visible": true,
			"tooltip": "",
			"type": 17
		}
	],
	"tooltip": "",
	"inputs": [
		{
			"name": "Strand",
			"visible": true,
			"tooltip": "",
			"type": 17
		},
		{
			"name": "Shape",
			"visible": false,
			"tooltip": "",
			"type": 0
		},
		{
			"name": "Position",
			"visible": false,
			"tooltip": "",
			"type": 1
		},
		{
			"name": "Range",
			"visible": false,
			"tooltip": "",
			"type": 1
		},
		{
			"name": "Direction",
			"visible": false,
			"tooltip": "",
			"type": 0
		},
		{
			"name": "Falloff",
			"visible": false,
			"tooltip": "",
			"type": 1
		},
		{
			"name": "Strength",
			"visible": false,
			"tooltip": "",
			"type": 1
		},
		{
			"name": "Turbulence",
			"visible": false,
			"tooltip": "",
			"type": 1
		},
		{
			"name": "Seed",
			"visible": false,
			"tooltip": "",
			"type": 0
		},
		{
			"name": "Turbulence frequency",
			"visible": false,
			"tooltip": "",
			"type": 1
		},
		{
			"name": "Turbulence detail",
			"visible": false,
			"tooltip": "",
			"type": 0
		}
	],
	"node": "Node_Strand_Force_Apply"
}