{
	"name": "Strand Render Texture",
	"outputs": [
		{
			"name": "Surface out",
			"visible": true,
			"tooltip": "",
			"type": 4
		}
	],
	"inputs": [
		{
			"name": "Dimension",
			"visible": false,
			"tooltip": "",
			"type": 0
		},
		{
			"name": "Strand",
			"visible": true,
			"tooltip": "",
			"type": 17
		},
		{
			"name": "Thickness",
			"visible": false,
			"tooltip": "",
			"type": 1
		},
		{
			"name": "Random color",
			"visible": false,
			"tooltip": "",
			"type": 3
		},
		{
			"name": "Texture",
			"visible": true,
			"tooltip": "",
			"type": 4
		},
		{
			"name": "Seed",
			"visible": false,
			"tooltip": "",
			"type": 1
		}
	],
	"tooltip": "",
	"node": "Node_Strand_Render_Texture"
}