{
	"name": "Strand Create",
	"outputs": [
		{
			"name": "Strand",
			"visible": true,
			"tooltip": "",
			"type": 17
		}
	],
	"tooltip": "",
	"inputs": [
		{
			"name": "Type",
			"visible": false,
			"tooltip": "",
			"type": 0
		},
		{
			"name": "Density",
			"visible": false,
			"tooltip": "How many strands to generate.",
			"type": 0
		},
		{
			"name": "Length",
			"visible": false,
			"tooltip": "",
			"type": 1
		},
		{
			"name": "Segment",
			"visible": false,
			"tooltip": "",
			"type": 1
		},
		{
			"name": "Elasticity",
			"visible": false,
			"tooltip": "Length preservation, the higher the value the easier it is to stretch each segment.",
			"type": 1
		},
		{
			"name": "Path",
			"visible": false,
			"tooltip": "",
			"type": 12
		},
		{
			"name": "Position",
			"visible": false,
			"tooltip": "",
			"type": 1
		},
		{
			"name": "Side",
			"visible": false,
			"tooltip": "",
			"type": 0
		},
		{
			"name": "Spring",
			"visible": false,
			"tooltip": "Angular stiffness, the higher the value the easier it is to bend each segment.",
			"type": 1
		},
		{
			"name": "Structure",
			"visible": false,
			"tooltip": "The ability to keep its original shape.",
			"type": 1
		},
		{
			"name": "Seed",
			"visible": false,
			"tooltip": "",
			"type": 0
		},
		{
			"name": "Curl frequency",
			"visible": false,
			"tooltip": "",
			"type": 1
		},
		{
			"name": "Curliness",
			"visible": false,
			"tooltip": "",
			"type": 1
		},
		{
			"name": "Mesh",
			"visible": false,
			"tooltip": "",
			"type": 18
		},
		{
			"name": "Distribution",
			"visible": false,
			"tooltip": "",
			"type": 0
		},
		{
			"name": "Bake hair",
			"visible": false,
			"tooltip": "Prevent strand reseting to apply manual modification. Unbaking will remove all changes.",
			"type": 19
		},
		{
			"name": "View fix hair",
			"visible": false,
			"tooltip": "",
			"type": 2
		},
		{
			"name": "Root strength",
			"visible": false,
			"tooltip": "The force required to break strand from its root. Set to -1 to make strand infinitely strong.",
			"type": 1
		}
	],
	"node": "Node_Strand_Create"
}