{
	"name": "Stripe",
	"outputs": [
		{
			"name": "Surface out",
			"visible": true,
			"tooltip": "",
			"type": 4
		}
	],
	"tooltip": "",
	"inputs": [
		{
			"name": "Dimension",
			"visible": false,
			"tooltip": "",
			"type": 0
		},
		{
			"name": "Amount",
			"visible": false,
			"tooltip": "",
			"type": 1
		},
		{
			"name": "Angle",
			"visible": false,
			"tooltip": "",
			"type": 0
		},
		{
			"name": "Blend",
			"visible": false,
			"tooltip": "Smoothly blend between each stripe.",
			"type": 2
		},
		{
			"name": "Position",
			"visible": false,
			"tooltip": "",
			"type": 0
		},
		{
			"name": "Random",
			"visible": false,
			"tooltip": "",
			"type": 1
		},
		{
			"name": "Random color",
			"visible": false,
			"tooltip": "",
			"type": 2
		},
		{
			"name": "Colors",
			"visible": false,
			"tooltip": "",
			"type": 3
		},
		{
			"name": "Color 1",
			"visible": false,
			"tooltip": "",
			"type": 3
		},
		{
			"name": "Color 2",
			"visible": false,
			"tooltip": "",
			"type": 3
		}
	],
	"node": "Node_Stripe"
}