{
	"name": "Switch",
	"outputs": [
		{
			"name": "Result",
			"visible": true,
			"tooltip": "",
			"type": 11
		}
	],
	"tooltip": "",
	"inputs": [
		{
			"name": "Index",
			"visible": true,
			"tooltip": "",
			"type": 7
		},
		{
			"name": "Default value",
			"visible": true,
			"tooltip": "",
			"type": 11
		},
		{
			"name": "Case",
			"visible": false,
			"tooltip": "",
			"type": 7
		},
		{
			"name": "value",
			"visible": true,
			"tooltip": "",
			"type": 11
		}
	],
	"node": "Node_Switch"
}