{
	"name": "Texture Remap",
	"outputs": [
		{
			"name": "Surface out",
			"visible": true,
			"tooltip": "",
			"type": 4
		}
	],
	"inputs": [
		{
			"name": "Surface in",
			"visible": true,
			"tooltip": "",
			"type": 4
		},
		{
			"name": "RG Map",
			"visible": true,
			"tooltip": "Displacement map where red retermine the X position, and green determine the Y position.",
			"type": 4
		},
		{
			"name": "Active",
			"visible": false,
			"tooltip": "",
			"type": 2
		}
	],
	"tooltip": "",
	"node": "Node_Texture_Remap"
}