{
	"name": "Time Remap",
	"outputs": [
		{
			"name": "Surface out",
			"visible": true,
			"tooltip": "",
			"type": 4
		}
	],
	"tooltip": "",
	"inputs": [
		{
			"name": "Surface in",
			"visible": true,
			"tooltip": "",
			"type": 4
		},
		{
			"name": "Map",
			"visible": true,
			"tooltip": "",
			"type": 4
		},
		{
			"name": "Max life",
			"visible": false,
			"tooltip": "",
			"type": 0
		},
		{
			"name": "Loop",
			"visible": false,
			"tooltip": "",
			"type": 2
		}
	],
	"node": "Node_Time_Remap"
}