{
	"name": "Trail",
	"outputs": [
		{
			"name": "Surface out",
			"visible": true,
			"tooltip": "",
			"type": 4
		},
		{
			"name": "Trail UV",
			"visible": true,
			"tooltip": "",
			"type": 4
		}
	],
	"inputs": [
		{
			"name": "Surface in",
			"visible": true,
			"tooltip": "",
			"type": 4
		},
		{
			"name": "Max life",
			"visible": false,
			"tooltip": "",
			"type": 0
		},
		{
			"name": "Loop",
			"visible": false,
			"tooltip": "",
			"type": 2
		},
		{
			"name": "Max distance",
			"visible": false,
			"tooltip": "Maximum distance to search for movement, set to -1 to search the entire image.",
			"type": 0
		},
		{
			"name": "Match color",
			"visible": false,
			"tooltip": "Make trail track pixels of the same color, instead of the closet pixels.",
			"type": 2
		},
		{
			"name": "Blend color",
			"visible": false,
			"tooltip": "Blend color between two pixel smoothly.",
			"type": 2
		},
		{
			"name": "Alpha over life",
			"visible": false,
			"tooltip": "",
			"type": 6
		}
	],
	"tooltip": "",
	"node": "Node_Trail"
}