{
	"name": "Transform Path",
	"outputs": [
		{
			"name": "Path",
			"visible": true,
			"tooltip": "",
			"type": 12
		}
	],
	"tooltip": "",
	"inputs": [
		{
			"name": "Path",
			"visible": true,
			"tooltip": "",
			"type": 12
		},
		{
			"name": "Position",
			"visible": false,
			"tooltip": "",
			"type": 1
		},
		{
			"name": "Rotation",
			"visible": false,
			"tooltip": "",
			"type": 0
		},
		{
			"name": "Scale",
			"visible": false,
			"tooltip": "",
			"type": 1
		},
		{
			"name": "Anchor",
			"visible": false,
			"tooltip": "",
			"type": 1
		}
	],
	"node": "Node_Path_Transform"
}