{
	"name": "Transform",
	"outputs": [
		{
			"name": "Surface out",
			"visible": true,
			"tooltip": "",
			"type": 4
		}
	],
	"tooltip": "",
	"inputs": [
		{
			"name": "Surface in",
			"visible": true,
			"tooltip": "",
			"type": 4
		},
		{
			"name": "Output dimension",
			"visible": false,
			"tooltip": "",
			"type": 0
		},
		{
			"name": "Position",
			"visible": false,
			"tooltip": "",
			"type": 1
		},
		{
			"name": "Anchor",
			"visible": false,
			"tooltip": "",
			"type": 1
		},
		{
			"name": "Relative anchor",
			"visible": false,
			"tooltip": "",
			"type": 2
		},
		{
			"name": "Rotation",
			"visible": false,
			"tooltip": "",
			"type": 0
		},
		{
			"name": "Scale",
			"visible": false,
			"tooltip": "",
			"type": 1
		},
		{
			"name": "Tile",
			"visible": false,
			"tooltip": "Repeat the surface to fill the screen.",
			"type": 2
		},
		{
			"name": "Rotate by velocity",
			"visible": false,
			"tooltip": "Make the surface rotates to follow its movement.",
			"type": 1
		},
		{
			"name": "Output dimension type",
			"visible": false,
			"tooltip": "",
			"type": 0
		},
		{
			"name": "Round position",
			"visible": false,
			"tooltip": "Round position to the closest integer value to avoid jittering.",
			"type": 2
		},
		{
			"name": "Active",
			"visible": false,
			"tooltip": "",
			"type": 2
		}
	],
	"node": "Node_Transform"
}