{
	"name": "Triangular Grid",
	"outputs": [
		{
			"name": "Surface out",
			"visible": true,
			"tooltip": "",
			"type": 4
		}
	],
	"inputs": [
		{
			"name": "Dimension",
			"visible": false,
			"tooltip": "",
			"type": 0
		},
		{
			"name": "Position",
			"visible": false,
			"tooltip": "",
			"type": 1
		},
		{
			"name": "Scale",
			"visible": false,
			"tooltip": "",
			"type": 1
		},
		{
			"name": "Gap",
			"visible": false,
			"tooltip": "",
			"type": 1
		},
		{
			"name": "Angle",
			"visible": false,
			"tooltip": "",
			"type": 1
		},
		{
			"name": "Tile color",
			"visible": false,
			"tooltip": "",
			"type": 3
		},
		{
			"name": "Gap color",
			"visible": false,
			"tooltip": "",
			"type": 3
		},
		{
			"name": "Texture",
			"visible": true,
			"tooltip": "",
			"type": 4
		},
		{
			"name": "Render type",
			"visible": false,
			"tooltip": "",
			"type": 0
		},
		{
			"name": "Seed",
			"visible": false,
			"tooltip": "",
			"type": 1
		}
	],
	"tooltip": "",
	"node": "Node_Grid_Tri"
}