{
	"name": "Trim Text",
	"outputs": [
		{
			"name": "Text",
			"visible": true,
			"tooltip": "",
			"type": 7
		}
	],
	"inputs": [
		{
			"name": "Text",
			"visible": true,
			"tooltip": "",
			"type": 7
		},
		{
			"name": "Head",
			"visible": false,
			"tooltip": "",
			"type": 0
		},
		{
			"name": "Tail",
			"visible": false,
			"tooltip": "",
			"type": 0
		},
		{
			"name": "Trim",
			"visible": false,
			"tooltip": "",
			"type": 0
		},
		{
			"name": "Mode",
			"visible": false,
			"tooltip": "Set to progress to use ratio, where 0 means no change and 1 means the entire length of the text.",
			"type": 0
		}
	],
	"tooltip": "",
	"node": "Node_String_Trim"
}