{
	"name": "Vector Split",
	"outputs": [
		{
			"name": "x",
			"visible": true,
			"tooltip": "",
			"type": 1
		},
		{
			"name": "y",
			"visible": true,
			"tooltip": "",
			"type": 1
		},
		{
			"name": "z",
			"visible": true,
			"tooltip": "",
			"type": 1
		},
		{
			"name": "w",
			"visible": true,
			"tooltip": "",
			"type": 1
		}
	],
	"inputs": [
		{
			"name": "Vector",
			"visible": true,
			"tooltip": "",
			"type": 1
		}
	],
	"tooltip": "",
	"node": "Node_Vector_Split"
}