{
	"name": "Vector3",
	"outputs": [
		{
			"name": "Vector",
			"visible": true,
			"tooltip": "",
			"type": 1
		}
	],
	"inputs": [
		{
			"name": "x",
			"visible": true,
			"tooltip": "",
			"type": 1
		},
		{
			"name": "y",
			"visible": true,
			"tooltip": "",
			"type": 1
		},
		{
			"name": "z",
			"visible": true,
			"tooltip": "",
			"type": 1
		},
		{
			"name": "Integer",
			"visible": false,
			"tooltip": "",
			"type": 2
		}
	],
	"tooltip": "",
	"node": "Node_Vector3"
}