{
	"name": "Vector2",
	"outputs": [
		{
			"name": "Vector",
			"visible": true,
			"tooltip": "",
			"type": 1
		}
	],
	"inputs": [
		{
			"name": "x",
			"visible": true,
			"tooltip": "",
			"type": 1
		},
		{
			"name": "y",
			"visible": true,
			"tooltip": "",
			"type": 1
		},
		{
			"name": "Integer",
			"visible": false,
			"tooltip": "",
			"type": 2
		},
		{
			"name": "Display",
			"visible": false,
			"tooltip": "",
			"type": 0
		},
		{
			"name": "Reset to center",
			"visible": false,
			"tooltip": "",
			"type": 19
		}
	],
	"tooltip": "",
	"node": "Node_Vector2"
}