{
	"name": "VFX Override",
	"outputs": [
		{
			"name": "Particles",
			"visible": true,
			"tooltip": "",
			"type": 13
		}
	],
	"tooltip": "",
	"inputs": [
		{
			"name": "Particles",
			"visible": true,
			"tooltip": "",
			"type": 13
		},
		{
			"name": "Positions",
			"visible": false,
			"tooltip": "",
			"type": 1
		},
		{
			"name": "Rotations",
			"visible": false,
			"tooltip": "",
			"type": 1
		},
		{
			"name": "Scales",
			"visible": false,
			"tooltip": "",
			"type": 1
		},
		{
			"name": "Blend",
			"visible": false,
			"tooltip": "",
			"type": 3
		},
		{
			"name": "Alpha",
			"visible": false,
			"tooltip": "",
			"type": 1
		},
		{
			"name": "Surface",
			"visible": false,
			"tooltip": "",
			"type": 4
		}
	],
	"node": "Node_VFX_Override"
}