{
	"name": "VFX Variable",
	"outputs": [
		{
			"name": "Positions",
			"visible": false,
			"tooltip": "",
			"type": 1
		},
		{
			"name": "Scales",
			"visible": false,
			"tooltip": "",
			"type": 1
		},
		{
			"name": "Rotations",
			"visible": false,
			"tooltip": "",
			"type": 1
		},
		{
			"name": "Blending",
			"visible": false,
			"tooltip": "",
			"type": 3
		},
		{
			"name": "Alpha",
			"visible": false,
			"tooltip": "",
			"type": 1
		},
		{
			"name": "Life",
			"visible": false,
			"tooltip": "",
			"type": 1
		},
		{
			"name": "Max life",
			"visible": false,
			"tooltip": "",
			"type": 1
		},
		{
			"name": "Surface",
			"visible": false,
			"tooltip": "",
			"type": 4
		},
		{
			"name": "Velocity",
			"visible": false,
			"tooltip": "",
			"type": 1
		}
	],
	"inputs": [
		{
			"name": "Particles",
			"visible": true,
			"tooltip": "",
			"type": 13
		}
	],
	"tooltip": "",
	"node": "Node_VFX_Variable"
}