{
	"name": "Vortex",
	"outputs": [
		{
			"name": "Fluid Domain",
			"visible": true,
			"tooltip": "",
			"type": 15
		},
		{
			"name": "Fluid Domain",
			"visible": true,
			"tooltip": "",
			"type": 4
		}
	],
	"inputs": [
		{
			"name": "Fluid Domain",
			"visible": true,
			"tooltip": "",
			"type": 15
		},
		{
			"name": "Position",
			"visible": false,
			"tooltip": "",
			"type": 1
		},
		{
			"name": "Radius",
			"visible": false,
			"tooltip": "",
			"type": 1
		},
		{
			"name": "Strength",
			"visible": false,
			"tooltip": "",
			"type": 1
		},
		{
			"name": "Attraction",
			"visible": false,
			"tooltip": "",
			"type": 1
		},
		{
			"name": "Mode",
			"visible": false,
			"tooltip": "",
			"type": 0
		}
	],
	"tooltip": "",
	"node": "Node_Fluid_Vortex"
}