{
	"name": "Warp",
	"outputs": [
		{
			"name": "Surface out",
			"visible": true,
			"tooltip": "",
			"type": 4
		}
	],
	"inputs": [
		{
			"name": "Surface in",
			"visible": true,
			"tooltip": "",
			"type": 4
		},
		{
			"name": "Top left",
			"visible": false,
			"tooltip": "",
			"type": 1
		},
		{
			"name": "Top right",
			"visible": false,
			"tooltip": "",
			"type": 1
		},
		{
			"name": "Bottom left",
			"visible": false,
			"tooltip": "",
			"type": 1
		},
		{
			"name": "Bottom right",
			"visible": false,
			"tooltip": "",
			"type": 1
		},
		{
			"name": "Active",
			"visible": false,
			"tooltip": "",
			"type": 2
		}
	],
	"tooltip": "",
	"node": "Node_Warp"
}