{
	"name": "Wave Path",
	"outputs": [
		{
			"name": "Path",
			"visible": true,
			"tooltip": "",
			"type": 12
		}
	],
	"inputs": [
		{
			"name": "Path",
			"visible": true,
			"tooltip": "",
			"type": 12
		},
		{
			"name": "Frequency",
			"visible": false,
			"tooltip": "",
			"type": 1
		},
		{
			"name": "Size",
			"visible": false,
			"tooltip": "",
			"type": 1
		},
		{
			"name": "Shift",
			"visible": false,
			"tooltip": "",
			"type": 1
		},
		{
			"name": "Smooth",
			"visible": false,
			"tooltip": "",
			"type": 2
		}
	],
	"tooltip": "",
	"node": "Node_Path_Wave"
}