{
	"name": "Wiggler",
	"outputs": [
		{
			"name": "Output",
			"visible": true,
			"tooltip": "",
			"type": 1
		}
	],
	"tooltip": "",
	"inputs": [
		{
			"name": "Range",
			"visible": false,
			"tooltip": "",
			"type": 1
		},
		{
			"name": "Frequency",
			"visible": false,
			"tooltip": "",
			"type": 0
		},
		{
			"name": "Seed",
			"visible": false,
			"tooltip": "",
			"type": 1
		},
		{
			"name": "Display",
			"visible": false,
			"tooltip": "",
			"type": 0
		}
	],
	"node": "Node_Wiggler"
}