{
	"name": "Wind",
	"outputs": [
		{
			"name": "Particles",
			"visible": true,
			"tooltip": "",
			"type": 13
		}
	],
	"inputs": [
		{
			"name": "Particles",
			"visible": true,
			"tooltip": "",
			"type": 13
		},
		{
			"name": "Area",
			"visible": false,
			"tooltip": "",
			"type": 1
		},
		{
			"name": "Falloff",
			"visible": false,
			"tooltip": "",
			"type": 6
		},
		{
			"name": "Falloff distance",
			"visible": false,
			"tooltip": "",
			"type": 1
		},
		{
			"name": "Effect Vector",
			"visible": false,
			"tooltip": "",
			"type": 1
		},
		{
			"name": "Strength",
			"visible": false,
			"tooltip": "",
			"type": 1
		},
		{
			"name": "Rotate particle",
			"visible": false,
			"tooltip": "",
			"type": 1
		},
		{
			"name": "Scale particle",
			"visible": false,
			"tooltip": "",
			"type": 1
		}
	],
	"tooltip": "",
	"node": "Node_VFX_Wind"
}