{
    "2d_operations": "2D operations",
    "3d_generates": "3D generates",
    "3d_object": "3D object",
    "3d_operations": "3D operations",
    "3d_vertex": "3D vertex",
    "3d": "3D",
    "accept": "Accept",
    "actions": "Actions",
    "active": "Active",
    "add_preset": "Add to preset",
    "add": "Add",
    "addons": "Addons",
    "alias": "Alias",
    "align": "Align",
    "all": "All",
    "animation": "Animation",
    "animations": "Animations",
    "apply": "Apply",
    "arrays": "Arrays",
    "art_by": "Art by",
    "assets": "Assets",
    "atlas": "Atlas",
    "audio": "Audio",
    "author": "Author",
    "blurs": "Blurs",
    "boolean": "Boolean",
    "by": "By ",
    "cache": "Cache",
    "cancel": "Cancel",
    "close_program": "Close program",
    "close": "Close",
    "collapse_all": "Collapse all",
    "collections": "Collections",
    "color": "Color",
    "colors": "Colors",
    "combines": "Combines",
    "compose": "Compose",
    "composes": "Composes",
    "contact_info": "Contact info",
    "contests": "Contests",
    "control": "Control",
    "conversions": "Conversions",
    "copy": "Copy",
    "curve_object": "Curve object",
    "debug": "Debug",
    "delete": "Delete",
    "description": "Description",
    "dev": "Dev",
    "distribute": "Distribute",
    "dont_save": "Don't save",
    "drawer": "Drawer",
    "duplicate": "Duplicate",
    "edit": "Edit",
    "effects": "Effects",
    "enabled": "Enabled",
    "errors": "Errors",
    "expand_all": "Expand all",
    "export": "Export",
    "false": "False",
    "favourites": "Favourites",
    "feedback": "Feedback",
    "file": "File",
    "files": "Files",
    "filter": "Filter",
    "fixes": "Fixes",
    "fluid_odmain": "Fluid domain",
    "fluidsim": "FluidSim",
    "fps": "fps",
    "frame": "Frame",
    "fullscreen": "Fullscreen",
    "generate": "Generate",
    "getting_started": "Getting started",
    "global": "Global",
    "gradient": "Gradient",
    "gradients": "Gradients",
    "graph": "Graph",
    "grid": "Grid",
    "group": "Group",
    "groups": "Groups",
    "help": "Help",
    "hidden": "Hidden",
    "history": "History",
    "horizontal": "Horizontal",
    "hotkeys": "Hotkeys",
    "ignore": "Ignore",
    "images": "Images",
    "import": "Import",
    "inspect": "Inspect",
    "inspector": "Inspector",
    "interface": "Interface",
    "io": "IO",
    "link_values": "Link values",
    "lock": "Lock",
    "loop": "Loop",
    "lua": "Lua",
    "max": "Max",
    "menu": "Menu",
    "mesh_object": "Mesh object",
    "mesh": "Mesh",
    "metadata": "Metadata",
    "min": "Min",
    "mode": "Mode",
    "move": "Move",
    "name": "Name",
    "network": "Network",
    "new": "New",
    "node": "Node",
    "nodes": "Nodes",
    "noises": "Noises",
    "notifications": "Notifications",
    "numbers": "Numbers",
    "object": "Object",
    "open": "Open",
    "organize": "Organize",
    "others": "Others",
    "outputs": "Outputs",
    "palettes": "Palettes",
    "panels": "Panels",
    "particle_object": "Particle object",
    "paste": "Paste",
    "path_object": "Path object",
    "paths": "Paths",
    "patterns": "Patterns",
    "pause": "Pause",
    "pin": "Pin",
    "play": "Play",
    "populate": "Populate",
    "position": "Position",
    "preferences": "Preferences",
    "preset_new": "New preset",
    "presets": "Presets",
    "preview": "Preview",
    "raw_data": "Raw data",
    "recent_files": "Recent files",
    "recents": "Recents",
    "reconnect": "Reconnect",
    "recursive": "Recursive",
    "redo": "Redo",
    "refresh_server": "Refresh server",
    "refresh": "Refresh",
    "remove": "Remove",
    "rendering": "Rendering",
    "reset_all": "Reset all",
    "reset_view": "Reset view",
    "reset": "Reset",
    "restore": "Restore",
    "rigidbody_object": "Rigidbody object",
    "rigidsim": "RigidSim",
    "sample_projects": "Sample projects",
    "save_as": "Save as",
    "save": "Save",
    "select": "Select",
    "set_to_center": "Set to center",
    "show_on_startup": "Show on startup",
    "simulation": "Simulation",
    "splash_screen": "Splash screen",
    "stop": "Stop",
    "strand_object": "Strand object",
    "strandsim": "StrandSim",
    "struct": "Struct",
    "submissions": "Submissions",
    "tags": "Tags",
    "test": "Test",
    "texts": "Texts",
    "theme": "Theme",
    "transform": "Transform",
    "transformations": "Transformations",
    "trigger": "Trigger",
    "true": "True",
    "tunnels": "Tunnels",
    "type": "Type",
    "undo": "Undo",
    "ungroup": "Ungroup",
    "unlink_values": "Unlink values",
    "unpin": "Unpin",
    "unsubscribe": "Unsubscribe",
    "values": "Values",
    "vertical": "Vertical",
    "vfx": "VFX",
    "view_grid": "Grid view",
    "view_list": "List view",
    "visibility": "Visibility",
    "warning": "Warning",
    "warnings": "Warnings",
    "warps": "Warps",
    "workspace": "Workspace",
    "zoom_in": "Zoom in",
    "zoom_out": "Zoom out",
    "zoom_to_fit": "Zoom to fit",
    "zoom": "Zoom",

    "action": "Action",
    "armature": "Armature",
    "buffer": "Buffer",
    "curve": "Curve",
    "custom": "Custom",
    "default_surface": "Default Surface",
    "euler": "Euler",
    "format_": "Format ",
    "independent": "Independent",
    "legacy": "Legacy",
    "light": "Light",
    "linked": "Linked",
    "misc.": "Misc.",
    "misc": "Misc",
    "number": "Number",
    "onion_skin": "Onion skin",
    "opacity": "Opacity",
    "output": "Output",
    "palette": "Palette",
    "path": "Path",
    "quaternion": "Quaternion",
    "radius": "radius",
    "region": "Region",
    "render": "Render",
    "save_all": "Save all",
    "scale": "Scale",
    "settings": "Settings",
    "shader": "Shader",
    "shape": "Shape",
    "surface": "Surface",
    "system": "System",
    "text": "Text",

    "3d_camera": "3D Camera",
    "add_bones": "Add bones",
    "add_node": "Add node",
    "add_number": "Add number",
    "add_vector2": "Add vector2",
    "add_vector3": "Add vector3",
    "add_vector4": "Add vector4",
    "adjust_control_point": "Adjust control point",
    "anchor_add_/_remove": "Anchor add / remove",
    "anchor_remove": "Anchor remove",
    "array": "Array",
    "assetbox": "Assetbox",
    "bg": "Bg",
    "blend": "Blend",
    "canvas_blend": "Canvas blend",
    "canvas": "Canvas",
    "circle_path": "Circle path",
    "close_file": "Close file",
    "collection": "Collection",
    "color_picker": "Color picker",
    "comb": "Comb",
    "copy_property": "Copy property",
    "delete_(break)": "Delete (break)",
    "delete_(merge)": "Delete (merge)",
    "delete_keys": "Delete keys",
    "detach_bones": "Detach bones",
    "dialog": "Dialog",
    "draw_path": "Draw path",
    "edit_control_point": "Edit control point",
    "ellipse": "Ellipse",
    "eraser": "Eraser",
    "fill": "Fill",
    "first_frame": "First frame",
    "focus_content": "Focus content",
    "full_panel": "Full panel",
    "grab": "Grab",
    "ik": "IK",
    "import_image_array": "Import image array",
    "import_image": "Import image",
    "last_frame": "Last frame",
    "main": "Main",
    "mesh_edit": "Mesh edit",
    "mesh_warp": "Mesh Warp",
    "move_target": "Move Target",
    "new_file": "New file",
    "next_frame": "Next frame",
    "open_notification": "Open notification",
    "pan": "Pan",
    "panel": "Panel",
    "paste_property": "Paste property",
    "path_anchor": "Path Anchor",
    "pencil": "Pencil",
    "pin_mesh": "Pin mesh",
    "play/pause": "Play/Pause",
    "preview_focusing_node": "Preview focusing node",
    "preview_window": "Preview window",
    "previous_frame": "Previous frame",
    "push": "Push",
    "rectangle_path": "Rectangle path",
    "rectangle": "Rectangle",
    "remove_bones": "Remove bones",
    "render_all": "Render all",
    "resume/pause": "Resume/Pause",
    "rigid_object": "Rigid Object",
    "rotate": "Rotate",
    "rotation": "Rotation",
    "save_all_current_frame": "Save all current frame",
    "save_current_frame": "Save current frame",
    "scrollbar": "Scrollbar",
    "select_all": "Select all",
    "selection": "Selection",
    "shorten": "Shorten",
    "strand_create": "Strand Create",
    "stretch": "Stretch",
    "surfaces": "Surfaces",
    "toggle_animation": "Toggle animation",
    "toggle_grid": "Toggle grid",
    "toggle_preview": "Toggle preview",
    "toggle_render": "Toggle render",
    "transform_node": "Transform node",
    "widget": "Widget",
    "workshop": "Workshop",

    "rename": "Rename",
    "inputs": "Inputs",
    "save/load": "Save/Load",
    "crash": "Crash",
    "splash": "Splash",
    "quality": "Quality",
    "display": "Display",
    "data": "Data",
    "layers": "Layers",
    "brush": "Brush",
    "sprite": "Sprite",
    "spawn": "Spawn",
    "movement": "Movement",
    "physics": "Physics",
    "ground": "Ground",
    "wiggles": "Wiggles",
    "sdf": "SDF",
    "level": "Level",
    "channel": "Channel",
    "solid": "Solid",
    "noise": "Noise",
    "pattern": "Pattern",
    "related": "Related",

    "uncategorized": "uncategorized",
    "libraries": "Libraries",
    "extra": "Extra",
    "modify": "Modify",
    "points": "Points",
    "text_area": "Text Area",

    "safe_mode": "SAFE MODE",
    "read_only": "READ ONLY",
    "untitled": "Untitled",
    "supporter": "Supporter",
    "supporter_exclusive": "Supporter exclusive",

    "external": "External",
    "mk_effects": "MK Effects",
    "flip_fluid": "FLIP Fluid",

    "projects": "Projects",
    "project": "Project",
    "portable_project_(.zip)": "Portable project (.zip)",
    "brightness": "Brightness",
    "alpha": "Alpha",
    "material": "Material",
    "packing": "Packing",
    "resume" : "Resume", 

    // 1.16
    "histogram" : "Histogram",
    "background": "Background",
    "search": "Search",
    "welcome_files": "Welcome Files",
    "palette_mixer": "Palette Mixer",
    "file_explorer": "File Explorer",
    "show_avatar" : "Show Avatar",
    "open_in_explorer" : "Open in explorer",
    "downloads": "Downloads",
    "label": "Label",
    "list": "List",
    "view_mode": "View mode",
    "palettes_mixer": "Palettes Mixer",
    "release_note": "Release note",

    //1.17.10
    "3d_back_view" : "3D Back view",
    "3d_bottom_view" : "3D Bottom view",
    "3d_front_view" : "3D Front view",
    "3d_left_view_" : "3D Left view ",
    "3d_right_view_" : "3D Right view ",
    "3d_sdf_view_settings" : "3D SDF View Settings",
    "3d_snap_settings" : "3D Snap Settings",
    "3d_top_view" : "3D Top view",
    "3d_view_settings" : "3D View Settings",
    "add_display" : "Add Display",
    "addons_menu" : "Addons Menu",
    "animate" : "Animate",
    "append" : "Append",
    "auto_align" : "Auto Align",
    "blend_canvas" : "Blend Canvas",
    "clear_all_notifications" : "Clear all notifications",
    "clear_log_messages" : "Clear log messages",
    "clear_warning_messages" : "Clear warning messages",
    "close_all_files" : "Close all files",
    "close_project" : "Close project",
    "collapse_all_sections" : "Collapse All Sections",
    "combine_axis" : "Combine Axis",
    "command_palette" : "Command Palette",
    "connection_settings" : "Connection Settings",
    "console" : "Console",
    "copy_color_hex" : "Copy Color Hex",
    "copy_color" : "Copy Color",
    "copy_current_frame" : "Copy Current Frame",
    "copy_to_canvas" : "Copy to Canvas",
    "copy_value" : "Copy Value",
    "create_tunnel" : "Create Tunnel",
    "delete_collection" : "Delete Collection",
    "disable_expression" : "Disable Expression",
    "dopesheet_collapse" : "Dopesheet Collapse",
    "dopesheet_expand" : "Dopesheet Expand",
    "driver" : "Driver",
    "edit_keyframe_value" : "Edit Keyframe Value",
    "edit_meta" : "Edit Meta",
    "enter_group" : "Enter Group",
    "expand_all_sections" : "Expand All Sections",
    "export_.zip" : "Export .zip",
    "export_all" : "Export all",
    "export_as_image" : "Export As Image",
    "export_hovering_node" : "Export Hovering Node",
    "export_selected_node" : "Export Selected Node",
    "extract_value" : "Extract Value",
    "globalvar" : "Globalvar",
    "grid_settings" : "Grid Settings",
    "hide_disconnected" : "Hide Disconnected",
    "import_.zip" : "Import .zip",
    "lock_keyframe_y" : "Lock Keyframe Y",
    "new_preview_window" : "New Preview Window",
    "onion_skin_settings" : "Onion Skin Settings",
    "open_at" : "Open at",
    "open_autosave_folder" : "Open Autosave Folder",
    "open_group_in_new_tab" : "Open Group In New Tab",
    "open_log_file" : "Open log file",
    "open_safe" : "Open Safe",
    "paste_value" : "Paste Value",
    "remove_group" : "Remove Group",
    "rename_group" : "Rename Group",
    "replace" : "Replace",
    "reset_animation" : "Reset Animation",
    "reset_range" : "Reset Range",
    "reset_to_default" : "Reset To Default",
    "save_all_current_frames" : "Save All Current Frames",
    "save_at" : "Save at",
    "save_to_focused_file" : "Save to focused file",
    "scale_x1" : "Scale x1",
    "scale_x2" : "Scale x2",
    "scale_x4" : "Scale x4",
    "scale_x8" : "Scale x8",
    "scaler" : "Scaler",
    "send_to_inspector" : "Send To Inspector",
    "send_to_preview_window" : "Send To Preview Window",
    "send_to_preview" : "Send To Preview",
    "separate_axis" : "Separate Axis",
    "set_range_end" : "Set Range End",
    "set_range_start" : "Set Range Start",
    "set_tile_both" : "Set Tile Both",
    "set_tile_horizontal" : "Set Tile Horizontal",
    "set_tile_off" : "Set Tile Off",
    "set_tile_vertical" : "Set Tile Vertical",
    "snap_nodes" : "Snap Nodes",
    "stagger" : "Stagger",
    "tiling_settings" : "Tiling Settings",
    "toggle_avoid_label" : "Toggle Avoid Label",
    "toggle_bypass" : "Toggle Bypass",
    "toggle_compute" : "Toggle Compute",
    "toggle_control" : "Toggle Control",
    "toggle_dimension" : "Toggle Dimension",
    "toggle_grid_snap" : "Toggle Grid Snap",
    "toggle_lock" : "Toggle Lock",
    "toggle_minimap" : "Toggle Minimap",
    "toggle_onion_skin_view" : "Toggle Onion Skin view",
    "toggle_onion_skin" : "Toggle Onion Skin",
    "toggle_pixel_grid" : "Toggle Pixel Grid",
    "toggle_reset_view" : "Toggle Reset View",
    "toggle_show_info" : "Toggle Show Info",
    "toggle_show_origin" : "Toggle Show Origin",
    "toggle_snap_to_grid" : "Toggle Snap to Grid",
    "toggle_split_view" : "Toggle Split View",
    "toggle_tile" : "Toggle Tile",
    "update_steam" : "Update Steam",
    "update_thumbnail" : "Update Thumbnail",
    "upload_to_steam" : "Upload To Steam",
    "use_expression" : "Use Expression",
    "view_settings" : "View Settings",

    "" : ""
}