{
    "name": "Custom",
    "icon": "icon.png",
    "version": "1.0.0",
    "tooltip": "Custom node",
    "tooltip_spr": "",
    "tags": [],
    "category": -4,
    "shader_vs": "vs.hlsl",
    "shader_fs": "fs.hlsl",
    "uniforms": [
        {
            "name": "u_custom",
            "input_name": "position",
            "type": "vec2",
            "default": [
                0.0,
                0.0
            ]
        }
    ],
    "inputs": [
        {
            "name": "surface",
            "flags": ["SURFACE_IN"],
            "type": "surface",
            "display": "default",
            "show_in_inspector": true,
            "show_in_graph": true,
            "value": -4
        },
        {
            "name": "position",
            "flags": [],
            "type": "vec2",
            "display": "vector",
            "show_in_inspector": true,
            "show_in_graph": false,
            "value": [ 0, 0 ]
        }
    ],
    "outputs": [
        {
            "name": "color",
            "flags": ["SURFACE_OUT"],
            "type": "surface",
            "display": "default",
            "show_in_graph": true,
            "value": -4
        }
    ]

}