{
    "color_picker_sample": {
        "path": "./UI/s_color_picker_sample.png",
        "subimages": 2,
        "xorigin": 0,
        "yorigin": 0,
        "slice": {
            "enabled": true,
            "left": 10,
            "right": 10,
            "top": 10,
            "bottom": 10
        }
    },
    "button_color_overlay": {
        "path": "./UI/s_color_picker_sample.png",
        "subimages": 2,
        "xorigin": 0,
        "yorigin": 0,
        "slice": {
            "enabled": true,
            "left": 10,
            "right": 10,
            "top": 10,
            "bottom": 10
        }
    },
    "color_picker_box": {
        "path": "./UI/s_color_picker_box.png",
        "subimages": 2,
        "xorigin": 0,
        "yorigin": 0,
        "slice": {
            "enabled": true,
            "left": 10,
            "right": 10,
            "top": 10,
            "bottom": 10
        }
    },
    "dialog_active": {
        "path": "./UI/s_dialog_active.png",
        "subimages": 1,
        "xorigin": 0,
        "yorigin": 0,
        "slice": {
            "enabled": true,
            "left": 8,
            "right": 8,
            "top": 8,
            "bottom": 8
        }
    },
    "dialog_bg": {
        "path": "./UI/s_dialog_bg.png",
        "subimages": 1,
        "xorigin": 0,
        "yorigin": 0,
        "slice": {
            "enabled": true,
            "left": 8,
            "right": 8,
            "top": 8,
            "bottom": 8
        }
    },
    "group_label": {
        "path": "./UI/s_group_label.png",
        "subimages": 2,
        "xorigin": 0,
        "yorigin": 0,
        "slice": {
            "enabled": true,
            "left": 7,
            "right": 7,
            "top": 7,
            "bottom": 7
        }
    },
    "shadow_drop_down_24": {
        "path": "./UI/s_shadow_drop_down_24.png",
        "subimages": 1,
        "xorigin": 0,
        "yorigin": 0,
        "slice": null
    },
    "menu_bg": {
        "path": "./UI/s_menu_box_bg.png",
        "subimages": 2,
        "xorigin": 0,
        "yorigin": 0,
        "slice": {
            "enabled": true,
            "left": 7,
            "right": 7,
            "top": 7,
            "bottom": 7
        }
    },

    "accept": {
        "path": "./icon/s_icon_accept_24.png",
        "subimages": 1,
        "xorigin": 12,
        "yorigin": 12,
        "slice": null
    },
    "accept_16": {
        "path": "./icon/s_icon_accept_16.png",
        "subimages": 1,
        "xorigin": 8,
        "yorigin": 8,
        "slice": null
    },
    "add": {
        "path": "./icon/s_add_24.png",
        "subimages": 1,
        "xorigin": 12,
        "yorigin": 12,
        "slice": null
    },
    "animate_clock": {
        "path": "./icon/s_animate_clock_strip3.png",
        "subimages": 3,
        "xorigin": 8,
        "yorigin": 8,
        "slice": null
    },
    "animate_node_go": {
        "path": "./icon/s_animate_node_go.png",
        "subimages": 1,
        "xorigin": 5,
        "yorigin": 5,
        "slice": null
    },
    "animate_onion_skin": {
        "path": "./icon/s_animate_onion_skin.png",
        "subimages": 1,
        "xorigin": 5,
        "yorigin": 5,
        "slice": null
    },
    "animation_setting": {
        "path": "./icon/s_animation_setting.png",
        "subimages": 1,
        "xorigin": 12,
        "yorigin": 12,
        "slice": null
    },
    "animation_timing": {
        "path": "./icon/s_animation_timing.png",
        "subimages": 1,
        "xorigin": 12,
        "yorigin": 12,
        "slice": null
    },
    "animation_stretch": {
        "path": "./icon/s_animation_stretch.png",
        "subimages": 2,
        "xorigin": 10,
        "yorigin": 6,
        "slice": null
    },
    "arrow": {
        "path": "./icon/s_arrow_16_strip4.png",
        "subimages": 4,
        "xorigin": 8,
        "yorigin": 8,
        "slice": null
    },
    "button_path_icon": {
        "path": "./icon/s_button_path_icon.png",
        "subimages": 1,
        "xorigin": 12,
        "yorigin": 12,
        "slice": null
    },
    "button_path_not_found_icon": {
        "path": "./icon/s_button_path_not_found_icon.png",
        "subimages": 1,
        "xorigin": 12,
        "yorigin": 12,
        "slice": null
    },
    "cache": {
        "path": "./icon/s_cache.png",
        "subimages": 1,
        "xorigin": 12,
        "yorigin": 12,
        "slice": null
    },
    "cache_group": {
        "path": "./icon/s_cache_group.png",
        "subimages": 1,
        "xorigin": 12,
        "yorigin": 12,
        "slice": null
    },
    "circle": {
        "path": "./icon/s_circle_12.png",
        "subimages": 1,
        "xorigin": 6,
        "yorigin": 6,
        "slice": null
    },
    "color_picker_dropper": {
        "path": "./icon/s_color_picker_dropper.png",
        "subimages": 2,
        "xorigin": 12,
        "yorigin": 12,
        "slice": null
    },
    "cursor_select": {
        "path": "./icon/s_cursor.png",
        "subimages": 2,
        "xorigin": 8,
        "yorigin": 8,
        "slice": null
    },
    "file": {
        "path": "./icon/s_file.png",
        "subimages": 1,
        "xorigin": 12,
        "yorigin": 12,
        "slice": null
    },
    "explorer": {
        "path": "./icon/s_file_explorer.png",
        "subimages": 1,
        "xorigin": 10,
        "yorigin": 10,
        "slice": null
    },
    "fill": {
        "path": "./icon/s_fill_16.png",
        "subimages": 1,
        "xorigin": 8,
        "yorigin": 8,
        "slice": null
    },
    "filter_type": {
        "path": "./icon/s_filter_type.png",
        "subimages": 2,
        "xorigin": 12,
        "yorigin": 12,
        "slice": null
    },
    "fluid_sim": {
        "path": "./icon/s_fluid_sim.png",
        "subimages": 1,
        "xorigin": 8,
        "yorigin": 8,
        "slice": null
    },
    "folder": {
        "path": "./icon/s_folder_24.png",
        "subimages": 1,
        "xorigin": 12,
        "yorigin": 12,
        "slice": null
    },
    "folder_add": {
        "path": "./icon/s_folder_add_strip2.png",
        "subimages": 2,
        "xorigin": 12,
        "yorigin": 12,
        "slice": null
    },
    "folder_content": {
        "path": "./icon/s_folder_content.png",
        "subimages": 2,
        "xorigin": 12,
        "yorigin": 12,
        "slice": null
    },
    "gear": {
        "path": "./icon/s_gear_24.png",
        "subimages": 1,
        "xorigin": 12,
        "yorigin": 12,
        "slice": null
    },
    "grad_blend": {
        "path": "./icon/s_grad_blend.png",
        "subimages": 1,
        "xorigin": 12,
        "yorigin": 12,
        "slice": null
    },
    "graph": {
        "path": "./icon/s_graph.png",
        "subimages": 1,
        "xorigin": 12,
        "yorigin": 12,
        "slice": null
    },
    "group": {
        "path": "./icon/s_group_24.png",
        "subimages": 1,
        "xorigin": 12,
        "yorigin": 12,
        "slice": null
    },
    "group_s": {
        "path": "./icon/s_group_16.png",
        "subimages": 1,
        "xorigin": 8,
        "yorigin": 8,
        "slice": null
    },
    "hamburger": {
        "path": "./icon/s_hamburger.png",
        "subimages": 1,
        "xorigin": 12,
        "yorigin": 12,
        "slice": null
    },
    "visible": {
        "path": "./icon/s_visible.png",
        "subimages": 2,
        "xorigin": 12,
        "yorigin": 12,
        "slice": null
    },
    "workshop_download": {
        "path": "./icon/s_workshop_download.png",
        "subimages": 1,
        "xorigin": 10,
        "yorigin": 10,
        "slice": null
    },
    "workshop_upload": {
        "path": "./icon/s_workshop_upload.png",
        "subimages": 1,
        "xorigin": 10,
        "yorigin": 10,
        "slice": null
    },
    "workshop_update": {
        "path": "./icon/s_workshop_update.png",
        "subimages": 1,
        "xorigin": 10,
        "yorigin": 10,
        "slice": null
    },
    "icon_visibility": {
        "path": "./icon/s_icon_visibility.png",
        "subimages": 1,
        "xorigin": 12,
        "yorigin": 12,
        "slice": null
    },
    "info": {
        "path": "./icon/s_info.png",
        "subimages": 1,
        "xorigin": 8,
        "yorigin": 8,
        "slice": null
    },
    "junc_visible": {
        "path": "./icon/s_junc_visible_strip2.png",
        "subimages": 2,
        "xorigin": 8,
        "yorigin": 8,
        "slice": null
    },
    "loading": {
        "path": "./icon/s_loading.png",
        "subimages": 1,
        "xorigin": 32,
        "yorigin": 32,
        "slice": null
    },
    "loading_s": {
        "path": "./icon/s_loading_s.png",
        "subimages": 1,
        "xorigin": 12,
        "yorigin": 12,
        "slice": null
    },
    "feedback": {
        "path": "./icon/s_feedback_16.png",
        "subimages": 1,
        "xorigin": 8,
        "yorigin": 8,
        "slice": null
    },
    "loop": {
        "path": "./icon/s_loop_16.png",
        "subimages": 1,
        "xorigin": 8,
        "yorigin": 8,
        "slice": null
    },
    "unit_ref": {
        "path": "./icon/s_unit_ref.png",
        "subimages": 2,
        "xorigin": 10,
        "yorigin": 10,
        "slice": null
    },
    "unit_angle": {
        "path": "./icon/s_unit_angle.png",
        "subimages": 2,
        "xorigin": 12,
        "yorigin": 12,
        "slice": null
    },
    "vfx": {
        "path": "./icon/s_vfx.png",
        "subimages": 1,
        "xorigin": 8,
        "yorigin": 8,
        "slice": null
    },
    "minus": {
        "path": "./icon/s_minus_24.png",
        "subimages": 1,
        "xorigin": 12,
        "yorigin": 12,
        "slice": null
    },
    "text": {
        "path": "./icon/s_name.png",
        "subimages": 1,
        "xorigin": 12,
        "yorigin": 12,
        "slice": null
    },
    "new_file": {
        "path": "./icon/s_new.png",
        "subimages": 1,
        "xorigin": 12,
        "yorigin": 12,
        "slice": null
    },
    "node_processor": {
        "path": "./icon/s_node_processor.png",
        "subimages": 1,
        "xorigin": 8,
        "yorigin": 8,
        "slice": null
    },
    "value_link": {
        "path": "./icon/s_padding_link_strip2.png",
        "subimages": 2,
        "xorigin": 12,
        "yorigin": 12,
        "slice": null
    },
    "pin": {
        "path": "./icon/s_pin.png",
        "subimages": 2,
        "xorigin": 10,
        "yorigin": 10,
        "slice": null
    },
    "play_all": {
        "path": "./icon/s_play_all.png",
        "subimages": 1,
        "xorigin": 12,
        "yorigin": 12,
        "slice": null
    },
    "project": {
        "path": "./icon/s_project.png",
        "subimages": 1,
        "xorigin": 12,
        "yorigin": 12,
        "slice": null
    },
    "preset": {
        "path": "./icon/s_preset.png",
        "subimages": 1,
        "xorigin": 12,
        "yorigin": 12,
        "slice": null
    },
    "refresh": {
        "path": "./icon/s_refresh_24.png",
        "subimages": 1,
        "xorigin": 12,
        "yorigin": 12,
        "slice": null
    },
    "refresh_s": {
        "path": "./icon/s_refresh_16.png",
        "subimages": 1,
        "xorigin": 8,
        "yorigin": 8,
        "slice": null
    },
    "reverse": {
        "path": "./icon/s_reverse.png",
        "subimages": 1,
        "xorigin": 12,
        "yorigin": 12,
        "slice": null
    },
    "rigidSim": {
        "path": "./icon/s_rigidSim.png",
        "subimages": 1,
        "xorigin": 8,
        "yorigin": 8,
        "slice": null
    },
    "scroll_box_arrow": {
        "path": "./icon/s_scroll_box_arrow.png",
        "subimages": 1,
        "xorigin": 12,
        "yorigin": 12,
        "slice": null
    },
    "search": {
        "path": "./icon/s_search_16.png",
        "subimages": 1,
        "xorigin": 8,
        "yorigin": 8,
        "slice": null
    },
    "sequence_control": {
        "path": "./icon/s_sequence_control_strip7.png",
        "subimages": 7,
        "xorigin": 12,
        "yorigin": 12,
        "slice": null
    },
    "sort": {
        "path": "./icon/s_sort_24.png",
        "subimages": 1,
        "xorigin": 12,
        "yorigin": 12,
        "slice": null
    },
    "steam": {
        "path": "./icon/s_steam.png",
        "subimages": 1,
        "xorigin": 8,
        "yorigin": 8,
        "slice": null
    },
    "steam_creator": {
        "path": "./icon/s_steam_creator.png",
        "subimages": 1,
        "xorigin": 8,
        "yorigin": 8,
        "slice": null
    },
    "text_bullet": {
        "path": "./icon/s_text_bullet_strip2.png",
        "subimages": 2,
        "xorigin": 12,
        "yorigin": 12,
        "slice": null
    },
    "text_slider": {
        "path": "./icon/s_slider.png",
        "subimages": 1,
        "xorigin": 12,
        "yorigin": 12,
        "slice": null
    },
    "timeline_clock": {
        "path": "./icon/s_timeline_clock.png",
        "subimages": 1,
        "xorigin": 6,
        "yorigin": 6,
        "slice": null
    },
    "timeline_graph": {
        "path": "./icon/s_timeline_graph.png",
        "subimages": 1,
        "xorigin": 6,
        "yorigin": 6,
        "slice": null
    },
    "view_group": {
        "path": "./icon/s_view_group.png",
        "subimages": 2,
        "xorigin": 12,
        "yorigin": 12,
        "slice": null
    },
    "view_mode": {
        "path": "./icon/s_view_mode_strip2.png",
        "subimages": 2,
        "xorigin": 12,
        "yorigin": 12,
        "slice": null
    },
    "icon_delete": {
        "path": "./icon/s_delete_16.png",
        "subimages": 1,
        "xorigin": 8,
        "yorigin": 8,
        "slice": null
    },
    "addon_icon": {
        "path": "./icon/s_addon.png",
        "subimages": 1,
        "xorigin": 12,
        "yorigin": 12,
        "slice": null
    },
    "youtube": {
        "path": "./icon/s_youtube.png",
        "subimages": 1,
        "xorigin": 12,
        "yorigin": 12,
        "slice": null
    },
    "wiki": {
        "path": "./icon/s_wiki.png",
        "subimages": 1,
        "xorigin": 12,
        "yorigin": 12,
        "slice": null
    },
    "itch": {
        "path": "./icon/s_itch.png",
        "subimages": 1,
        "xorigin": 12,
        "yorigin": 12,
        "slice": null
    },
    "undo": {
        "path": "./icon/s_undo.png",
        "subimages": 1,
        "xorigin": 12,
        "yorigin": 12,
        "slice": null
    },
    "redo": {
        "path": "./icon/s_redo.png",
        "subimages": 1,
        "xorigin": 12,
        "yorigin": 12,
        "slice": null
    },
    "action_history": {
        "path": "./icon/s_action_history.png",
        "subimages": 1,
        "xorigin": 12,
        "yorigin": 12,
        "slice": null
    },
    "cross": {
        "path": "./icon/s_delete.png",
        "subimages": 1,
        "xorigin": 12,
        "yorigin": 12,
        "slice": null
    },
    "duplicate": {
        "path": "./icon/s_duplicate.png",
        "subimages": 1,
        "xorigin": 12,
        "yorigin": 12,
        "slice": null
    },
    "copy": {
        "path": "./icon/s_copy.png",
        "subimages": 1,
        "xorigin": 12,
        "yorigin": 12,
        "slice": null
    },
    "paste": {
        "path": "./icon/s_paste.png",
        "subimages": 1,
        "xorigin": 12,
        "yorigin": 12,
        "slice": null
    },
    "icon_curve_connection": {
        "path": "./icon/s_icon_curve_connection.png",
        "subimages": 4,
        "xorigin": 12,
        "yorigin": 12,
        "slice": null
    },
    "node_output_visible": {
        "path": "./icon/s_icon_output_visibility.png",
        "subimages": 1,
        "xorigin": 12,
        "yorigin": 12,
        "slice": null
    },
    "icon_minimap": {
        "path": "./icon/s_icon_minimap_strip2.png",
        "subimages": 2,
        "xorigin": 12,
        "yorigin": 12,
        "slice": null
    },
    "noti_icon_tick": {
        "path": "./icon/s_noti_icon_tick.png",
        "subimages": 1,
        "xorigin": 10,
        "yorigin": 10,
        "slice": null
    },
    "noti_icon_error": {
        "path": "./icon/s_noti_icon_error_strip2.png",
        "subimages": 2,
        "xorigin": 10,
        "yorigin": 10,
        "slice": null
    },
    "noti_icon_warning": {
        "path": "./icon/s_noti_icon_warning_strip2.png",
        "subimages": 2,
        "xorigin": 10,
        "yorigin": 10,
        "slice": null
    },
    "noti_icon_log": {
        "path": "./icon/s_noti_icon_log_strip2.png",
        "subimages": 2,
        "xorigin": 10,
        "yorigin": 10,
        "slice": null
    },
    "noti_icon_file_load": {
        "path": "./icon/s_noti_icon_file_load.png",
        "subimages": 1,
        "xorigin": 10,
        "yorigin": 10,
        "slice": null
    },
    "noti_icon_file_save": {
        "path": "./icon/s_noti_icon_file_save.png",
        "subimages": 1,
        "xorigin": 10,
        "yorigin": 10,
        "slice": null
    },
    "icon_center_canvas": {
        "path": "./icon/s_icon_center_canvas.png",
        "subimages": 1,
        "xorigin": 12,
        "yorigin": 12,
        "slice": null
    },
    "icon_grid": {
        "path": "./icon/s_icon_grid_strip2.png",
        "subimages": 2,
        "xorigin": 12,
        "yorigin": 12,
        "slice": null
    },
    "icon_grid_setting": {
        "path": "./icon/s_icon_grid_setting.png",
        "subimages": 1,
        "xorigin": 12,
        "yorigin": 12,
        "slice": null
    },
    "icon_preview_export": {
        "path": "./icon/s_icon_preview_export.png",
        "subimages": 1,
        "xorigin": 12,
        "yorigin": 12,
        "slice": null
    },
    "icon_reset_when_preview": {
        "path": "./icon/s_icon_reset_when_preview_strip2.png",
        "subimages": 2,
        "xorigin": 12,
        "yorigin": 12,
        "slice": null
    },
    "icon_split_view": {
        "path": "./icon/s_icon_split_view_strip3.png",
        "subimages": 3,
        "xorigin": 12,
        "yorigin": 12,
        "slice": null
    },
    "icon_tile_view": {
        "path": "./icon/s_icon_tile_view_strip4.png",
        "subimages": 4,
        "xorigin": 12,
        "yorigin": 12,
        "slice": null
    },
    "icon_active_split": {
        "path": "./icon/s_panel_active_split.png",
        "subimages": 1,
        "xorigin": 6,
        "yorigin": 6,
        "slice": null
    },
    "save": {
        "path": "./icon/s_icon_save.png",
        "subimages": 1,
        "xorigin": 12,
        "yorigin": 12,
        "slice": null
    },
    "save_auto": {
        "path": "./icon/s_icon_save_auto.png",
        "subimages": 1,
        "xorigin": 12,
        "yorigin": 12,
        "slice": null
    },
    "window_exit": {
        "path": "./icon/s_window_exit.png",
        "subimages": 1,
        "xorigin": 8,
        "yorigin": 8,
        "slice": null
    },
    "window_minimize": {
        "path": "./icon/s_window_minimize.png",
        "subimages": 1,
        "xorigin": 8,
        "yorigin": 8,
        "slice": null
    },
    "window_maximize": {
        "path": "./icon/s_window_maximize.png",
        "subimages": 2,
        "xorigin": 8,
        "yorigin": 8,
        "slice": null
    },
    "window_fullscreen": {
        "path": "./icon/s_window_fullscreen.png",
        "subimages": 2,
        "xorigin": 8,
        "yorigin": 8,
        "slice": null
    },
    "icon_splash_show_on_start": {
        "path": "./icon/s_icon_spalsh_show_on_start_strip2.png",
        "subimages": 2,
        "xorigin": 12,
        "yorigin": 12,
        "slice": null
    },
    "icon_array_processor": {
        "path": "./icon/s_icon_array_processor.png",
        "subimages": 4,
        "xorigin": 12,
        "yorigin": 12,
        "slice": null
    },
    "tunnel": {
        "path": "./icon/s_tunnel.png",
        "subimages": 2,
        "xorigin": 12,
        "yorigin": 12,
        "slice": null
    },
    "lock": {
        "path": "./icon/s_lock.png",
        "subimages": 2,
        "xorigin": 12,
        "yorigin": 12,
        "slice": null
    },
    "node_move": {
        "path": "./icon/s_node_move.png",
        "subimages": 1,
        "xorigin": 0,
        "yorigin": 0,
        "slice": null
    },
    "node_resize": {
        "path": "./icon/s_node_resize.png",
        "subimages": 1,
        "xorigin": 32,
        "yorigin": 32,
        "slice": null
    },
    "splash_thumbnail": {
        "path": "./icon/s_icon_splash_thumbnail.png",
        "subimages": 2,
        "xorigin": 12,
        "yorigin": 12,
        "slice": null
    },
    "node_goto": {
        "path": "./icon/s_node_goto.png",
        "subimages": 1,
        "xorigin": 12,
        "yorigin": 12,
        "slice": null
    },
    "node_create": {
        "path": "./icon/s_node_create.png",
        "subimages": 1,
        "xorigin": 12,
        "yorigin": 12,
        "slice": null
    },
    "node_use_global": {
        "path": "./icon/s_node_use_global.png",
        "subimages": 3,
        "xorigin": 8,
        "yorigin": 8,
        "slice": null
    },
    "node_use_expression": {
        "path": "./icon/s_node_use_experssion.png",
        "subimages": 3,
        "xorigin": 8,
        "yorigin": 8,
        "slice": null
    },
    "icon_toggle": {
        "path": "./icon/s_icon_toggle.png",
        "subimages": 1,
        "xorigin": 8,
        "yorigin": 8,
        "slice": null
    },
    "strandSim": {
        "path": "./icon/s_strandSim.png",
        "subimages": 1,
        "xorigin": 8,
        "yorigin": 8,
        "slice": null
    },
    "star": {
        "path": "./icon/s_star.png",
        "subimages": 1,
        "xorigin": 8,
        "yorigin": 8,
        "slice": null
    },
    "panel_graph": {
        "path": "./icon/s_panel_graph.png",
        "subimages": 1,
        "xorigin": 8,
        "yorigin": 8,
        "slice": null
    },
    "panel_preview": {
        "path": "./icon/s_panel_preview.png",
        "subimages": 1,
        "xorigin": 8,
        "yorigin": 8,
        "slice": null
    },
    "panel_inspector": {
        "path": "./icon/s_panel_inspector.png",
        "subimages": 1,
        "xorigin": 8,
        "yorigin": 8,
        "slice": null
    },
    "panel_animation": {
        "path": "./icon/s_panel_animation.png",
        "subimages": 1,
        "xorigin": 8,
        "yorigin": 8,
        "slice": null
    },
    "color_wheel": {
        "path": "./icon/s_color.png",
        "subimages": 1,
        "xorigin": 12,
        "yorigin": 12,
        "slice": null
    },
    "node_name_type": {
        "path": "./icon/s_node_name_type.png",
        "subimages": 3,
        "xorigin": 12,
        "yorigin": 12,
        "slice": null
    },
    "checkbox_on_start": {
        "path": "./icon/s_checkbox_on_start.png",
        "subimages": 1,
        "xorigin": 10,
        "yorigin": 10,
        "slice": null
    },
    "addon_setting": {
        "path": "./icon/s_addon_setting.png",
        "subimages": 1,
        "xorigin": 12,
        "yorigin": 12,
        "slice": null
    },
    "keyframe_override": {
        "path": "./icon/s_icon_keyframe_override.png",
        "subimages": 2,
        "xorigin": 12,
        "yorigin": 12,
        "slice": null
    },
    "play_sound": {
        "path": "./icon/s_icon_play_sound.png",
        "subimages": 2,
        "xorigin": 12,
        "yorigin": 12,
        "slice": null
    },
    "trophy": {
        "path": "./icon/s_trophy.png",
        "subimages": 1,
        "xorigin": 12,
        "yorigin": 12,
        "slice": null
    },
    "chat": {
        "path": "./icon/s_chat.png",
        "subimages": 1,
        "xorigin": 12,
        "yorigin": 12,
        "slice": null
    },
    "arrow_back_32": {
        "path": "./icon/s_arrow_back_32.png",
        "subimages": 1,
        "xorigin": 16,
        "yorigin": 16,
        "slice": null
    },
    "discord": {
        "path": "./icon/s_discord.png",
        "subimages": 1,
        "xorigin": 12,
        "yorigin": 12,
        "slice": null
    },
    "heart": {
        "path": "./icon/s_heart.png",
        "subimages": 1,
        "xorigin": 8,
        "yorigin": 8,
        "slice": null
    },
    "websocket": {
        "path": "./icon/s_websocket.png",
        "subimages": 1,
        "xorigin": 32,
        "yorigin": 32,
        "slice": null
    },
    "node_dropper": {
        "path": "./icon/s_icon_node_dropper.png",
        "subimages": 1,
        "xorigin": 8,
        "yorigin": 8,
        "slice": null
    },
    "bone": {
        "path": "./icon/s_bone.png",
        "subimages": 5,
        "xorigin": 8,
        "yorigin": 8,
        "slice": null
    },
    "tab_exit": {
        "path": "./icon/s_tab_exit.png",
        "subimages": 1,
        "xorigin": 8,
        "yorigin": 8,
        "slice": null
    },
    "icon_save_all": {
        "path": "./icon/s_icon_save_all.png",
        "subimages": 1,
        "xorigin": 12,
        "yorigin": 12,
        "slice": null
    },
    "onion_skin": {
        "path": "./icon/s_onion_skin.png",
        "subimages": 1,
        "xorigin": 12,
        "yorigin": 12,
        "slice": null
    },
    "preview_light": {
        "path": "./icon/s_icon_preview_light.png",
        "subimages": 2,
        "xorigin": 12,
        "yorigin": 12,
        "slice": null
    },
    "d3d_preview_settings": {
        "path": "./icon/s_3d_preview_settings.png",
        "subimages": 1,
        "xorigin": 12,
        "yorigin": 12,
        "slice": null
    },
    "d3d_snap_settings": {
        "path": "./icon/s_3d_snap_settings.png",
        "subimages": 1,
        "xorigin": 12,
        "yorigin": 12,
        "slice": null
    },
    "ac_function": {
        "path": "./icon/s_ac_function.png",
        "subimages": 1,
        "xorigin": 9,
        "yorigin": 9,
        "slice": null
    },
    "ac_constant": {
        "path": "./icon/s_ac_constant.png",
        "subimages": 4,
        "xorigin": 9,
        "yorigin": 9,
        "slice": null
    },
    "ac_node": {
        "path": "./icon/s_ac_node.png",
        "subimages": 2,
        "xorigin": 9,
        "yorigin": 9,
        "slice": null
    },
    "hamburger_s": {
        "path": "./icon/s_hamburger_s.png",
        "subimages": 1,
        "xorigin": 8,
        "yorigin": 8,
        "slice": null
    },
    "vct": {
        "path": "./icon/s_vct.png",
        "subimages": 1,
        "xorigin": 8,
        "yorigin": 8,
        "slice": null
    },
    "pixel_builder": {
        "path": "./icon/s_pixel_builder.png",
        "subimages": 1,
        "xorigin": 8,
        "yorigin": 8,
        "slice": null
    },
    "display_palette": {
        "path": "./icon/s_display_palette.png",
        "subimages": 2,
        "xorigin": 12,
        "yorigin": 12,
        "slice": null
    },
    "play_action": {
        "path": "./icon/s_play_24.png",
        "subimages": 1,
        "xorigin": 12,
        "yorigin": 12,
        "slice": null
    },
    "reset_16": {
        "path": "./icon/s_icon_reset_16.png",
        "subimages": 1,
        "xorigin": 8,
        "yorigin": 8,
        "slice": null
    },
    "workshop_project": {
        "path": "./icon/s_project_workshop.png",
        "subimages": 1,
        "xorigin": 24,
        "yorigin": 24,
        "slice": null
    },
    "workshop_collection": {
        "path": "./icon/s_group_workshop.png",
        "subimages": 1,
        "xorigin": 24,
        "yorigin": 24,
        "slice": null
    },
    "new_line_shift": {
        "path": "./icon/s_new_line_shift.png",
        "subimages": 2,
        "xorigin": 12,
        "yorigin": 12,
        "slice": null
    },
    "text_popup": {
        "path": "./icon/s_text_popup.png",
        "subimages": 1,
        "xorigin": 10,
        "yorigin": 10,
        "slice": null
    },
    "rotator_random_mode": {
        "path": "./icon/rotator_random_mode.png",
        "subimages": 4,
        "xorigin": 10,
        "yorigin": 10,
        "slice": null
    },
    "code_show_line": {
        "path": "./icon/code_show_line.png",
        "subimages": 2,
        "xorigin": 12,
        "yorigin": 12,
        "slice": null
    },
    "code_show_auto": {
        "path": "./icon/code_show_auto.png",
        "subimages": 2,
        "xorigin": 12,
        "yorigin": 12,
        "slice": null
    },
    "code_syntax_highlight": {
        "path": "./icon/code_syntax_highlight.png",
        "subimages": 2,
        "xorigin": 12,
        "yorigin": 12,
        "slice": null
    },
    "noti_icon_console": {
        "path": "./icon/s_noti_icon_console.png",
        "subimages": 1,
        "xorigin": 10,
        "yorigin": 10,
        "slice": null
    },
    "noti_icon_console_failed": {
        "path": "./icon/s_noti_icon_console_failed.png",
        "subimages": 1,
        "xorigin": 10,
        "yorigin": 10,
        "slice": null
    },
    "export_package": {
        "path": "./icon/s_icon_export_package.png",
        "subimages": 1,
        "xorigin": 12,
        "yorigin": 12,
        "slice": null
    },
    "unit_audio": {
        "path": "./icon/s_unit_audio.png",
        "subimages": 3,
        "xorigin": 12,
        "yorigin": 12,
        "slice": null
    },
    "close_16": {
        "path": "./icon/s_close_16.png",
        "subimages": 2,
        "xorigin": 8,
        "yorigin": 8,
        "slice": null
    },
    "add_16": {
        "path": "./icon/s_add_16.png",
        "subimages": 1,
        "xorigin": 8,
        "yorigin": 8,
        "slice": null
    },
    "minus_16": {
        "path": "./icon/s_minus_16.png",
        "subimages": 1,
        "xorigin": 8,
        "yorigin": 8,
        "slice": null
    },
    "add_20": {
        "path": "./icon/s_add_20.png",
        "subimages": 1,
        "xorigin": 10,
        "yorigin": 10,
        "slice": null
    },
    "minus_20": {
        "path": "./icon/s_minus_20.png",
        "subimages": 1,
        "xorigin": 10,
        "yorigin": 10,
        "slice": null
    },
    "folder_16": {
        "path": "./icon/s_folder_16.png",
        "subimages": 2,
        "xorigin": 8,
        "yorigin": 8,
        "slice": null
    },
    "animate_prop_go": {
        "path": "./icon/s_animate_prop_go.png",
        "subimages": 1,
        "xorigin": 4,
        "yorigin": 4,
        "slice": null
    },

    "inspector_area": {
        "path": "./inspector/s_inspector_area_strip2.png",
        "subimages": 2,
        "xorigin": 36,
        "yorigin": 36,
        "slice": null
    },
    "inspector_area_type": {
        "path": "./inspector/s_prop_area_type.png",
        "subimages": 3,
        "xorigin": 8,
        "yorigin": 8,
        "slice": null
    },
    "inspector_padding": {
        "path": "./inspector/s_inspector_padding.png",
        "subimages": 1,
        "xorigin": 48,
        "yorigin": 48,
        "slice": null
    },
    "inspector_corner": {
        "path": "./inspector/s_inspector_corner.png",
        "subimages": 1,
        "xorigin": 48,
        "yorigin": 48,
        "slice": null
    },
    "inspector_surface_halign": {
        "path": "./inspector/s_inspector_surface_halign.png",
        "subimages": 3,
        "xorigin": 12,
        "yorigin": 12,
        "slice": null
    },
    "inspector_surface_valign": {
        "path": "./inspector/s_inspector_surface_valign.png",
        "subimages": 3,
        "xorigin": 12,
        "yorigin": 12,
        "slice": null
    },
    "inspector_text_halign": {
        "path": "./inspector/s_inspector_text_halign_strip3.png",
        "subimages": 3,
        "xorigin": 12,
        "yorigin": 12,
        "slice": null
    },
    "inspector_text_valign": {
        "path": "./inspector/s_inspector_text_valign_strip3.png",
        "subimages": 3,
        "xorigin": 12,
        "yorigin": 12,
        "slice": null
    },
    "prop_gradient": {
        "path": "./inspector/s_prop_gradient_strip2.png",
        "subimages": 2,
        "xorigin": 10,
        "yorigin": 16,
        "slice": null
    },
    "prop_keyframe": {
        "path": "./inspector/s_prop_keyframe_strip3.png",
        "subimages": 3,
        "xorigin": 8,
        "yorigin": 8,
        "slice": null
    },
    "prop_on_end": {
        "path": "./inspector/s_prop_on_end.png",
        "subimages": 4,
        "xorigin": 8,
        "yorigin": 8,
        "slice": null
    },
    "prop_selecting": {
        "path": "./inspector/s_prop_selecting.png",
        "subimages": 1,
        "xorigin": 0,
        "yorigin": 0,
        "slice": {
            "enabled": true,
            "left": 11,
            "right": 11,
            "top": 11,
            "bottom": 11
        }
    },
    "rotator_bg": {
        "path": "./inspector/s_rotator_bg.png",
        "subimages": 1,
        "xorigin": 20,
        "yorigin": 20,
        "slice": null
    },
    "rotator_knob": {
        "path": "./inspector/s_rotator_knob.png",
        "subimages": 2,
        "xorigin": 8,
        "yorigin": 8,
        "slice": null
    },
    "prop_anchor": {
        "path": "./inspector/s_prop_anchor.png",
        "subimages": 2,
        "xorigin": 5,
        "yorigin": 5,
        "slice": null
    },

    "icon_24": {
        "path": "./meta/s_icon_24.png",
        "subimages": 1,
        "xorigin": 12,
        "yorigin": 12,
        "slice": null
    },
    "icon_32": {
        "path": "./meta/s_icon_32.png",
        "subimages": 1,
        "xorigin": 16,
        "yorigin": 16,
        "slice": null
    },
    "icon_64": {
        "path": "./meta/s_icon_64.png",
        "subimages": 1,
        "xorigin": 32,
        "yorigin": 32,
        "slice": null
    },
    "node_draw_area": {
        "path": "./node/s_node_draw_area.png",
        "subimages": 1,
        "xorigin": 20,
        "yorigin": 20,
        "slice": null
    },
    "node_draw_path": {
        "path": "./node/s_node_draw_path.png",
        "subimages": 1,
        "xorigin": 20,
        "yorigin": 20,
        "slice": null
    },
    "node_junction_inspector": {
        "path": "./node/s_node_junction_inspector.png",
        "subimages": 2,
        "xorigin": 16,
        "yorigin": 16,
        "slice": null
    },
    "node_junctions_array": {
        "path": "./node/s_node_junctions_array.png",
        "subimages": 34,
        "xorigin": 16,
        "yorigin": 16,
        "slice": null
    },
    "node_junctions_array_hover": {
        "path": "./node/s_node_junctions_array_hover.png",
        "subimages": 34,
        "xorigin": 16,
        "yorigin": 16,
        "slice": null
    },
    "node_junctions_single": {
        "path": "./node/s_node_junctions_single.png",
        "subimages": 34,
        "xorigin": 16,
        "yorigin": 16,
        "slice": null
    },
    "node_junctions_single_hover": {
        "path": "./node/s_node_junctions_single_hover.png",
        "subimages": 34,
        "xorigin": 16,
        "yorigin": 16,
        "slice": null
    },
    "node_junctions_bg": {
        "path": "./node/s_node_junctions_bg.png",
        "subimages": 34,
        "xorigin": 16,
        "yorigin": 16,
        "slice": null
    },
    "node_junctions_outline": {
        "path": "./node/s_node_junctions_outline.png",
        "subimages": 34,
        "xorigin": 16,
        "yorigin": 16,
        "slice": null
    },
    "node_junctions_outline_hover": {
        "path": "./node/s_node_junctions_outline_hover.png",
        "subimages": 34,
        "xorigin": 16,
        "yorigin": 16,
        "slice": null
    },
    "node_new_badge": {
        "path": "./node/s_node_new_badge.png",
        "subimages": 2,
        "xorigin": 18,
        "yorigin": 9,
        "slice": null
    },
    "node_deprecated_badge": {
        "path": "./node/s_node_deprecated_badge.png",
        "subimages": 2,
        "xorigin": 18,
        "yorigin": 9,
        "slice": null
    },
    "node_pin_bg": {
        "path": "./node/s_node_pin.png",
        "subimages": 1,
        "xorigin": 0,
        "yorigin": 0,
        "slice": {
            "enabled": true,
            "left": 15,
            "right": 15,
            "top": 15,
            "bottom": 15
        }
    },
    "node_pin_bg_active": {
        "path": "./node/s_node_pin_active.png",
        "subimages": 1,
        "xorigin": 20,
        "yorigin": 20,
        "slice": null
    },
    "node_active": {
        "path": "./node/s_node_active.png",
        "subimages": 1,
        "xorigin": 0,
        "yorigin": 0,
        "slice": {
            "enabled": true,
            "left": 7,
            "right": 7,
            "top": 7,
            "bottom": 7
        }
    },
    "node_bg": {
        "path": "./node/s_node_bg.png",
        "subimages": 1,
        "xorigin": 0,
        "yorigin": 0,
        "slice": {
            "enabled": true,
            "left": 7,
            "right": 7,
            "top": 7,
            "bottom": 7
        }
    },
    "node_bg_name": {
        "path": "./node/s_node_bg_name.png",
        "subimages": 1,
        "xorigin": 0,
        "yorigin": 0,
        "slice": {
            "enabled": true,
            "left": 7,
            "right": 7,
            "top": 7,
            "bottom": 7
        }
    },
    "node_glow": {
        "path": "./node/s_node_glow.png",
        "subimages": 1,
        "xorigin": 15,
        "yorigin": 15,
        "slice": {
            "enabled": true,
            "left": 15,
            "right": 15,
            "top": 15,
            "bottom": 15
        }
    },
    "node_frame_bg": {
        "path": "./node/s_node_frame_bg.png",
        "subimages": 1,
        "xorigin": 0,
        "yorigin": 0,
        "slice": {
            "enabled": true,
            "left": 7,
            "right": 7,
            "top": 7,
            "bottom": 7
        }
    },
    "node_frame_title": {
        "path": "./node/s_node_frame_title.png",
        "subimages": 1,
        "xorigin": 0,
        "yorigin": 0,
        "slice": {
            "enabled": true,
            "left": 7,
            "right": 7,
            "top": 7,
            "bottom": 7
        }
    },
    "node_junction_name_bg": {
        "path": "./node/s_node_junction_name_bg.png",
        "subimages": 1,
        "xorigin": 0,
        "yorigin": 0,
        "slice": {
            "enabled": true,
            "left": 15,
            "right": 15,
            "top": 15,
            "bottom": 15
        }
    },
    "node_state": {
        "path": "./node/s_node_state.png",
        "subimages": 3,
        "xorigin": 12,
        "yorigin": 12,
        "slice": null
    },
    "node_bg_pill": {
        "path": "./node/s_node_bg_pill.png",
        "subimages": 1,
        "xorigin": 0,
        "yorigin": 0,
        "slice": {
            "enabled": true,
            "left": 15,
            "right": 15,
            "top": 15,
            "bottom": 15
        }
    },
    "node_trigger": {
        "path": "./node/s_node_trigger.png",
        "subimages": 2,
        "xorigin": 20,
        "yorigin": 20,
        "slice": null
    },
    "node_slider": {
        "path": "./node/widget/s_node_slider.png",
        "subimages": 5,
        "xorigin": 0,
        "yorigin": 0,
        "slice": {
            "enabled": true,
            "left": 4,
            "right": 4,
            "top": 4,
            "bottom": 4
        }
    },
    "node_rotator_bg": {
        "path": "./node/widget/s_node_rotator_bg.png",
        "subimages": 1,
        "xorigin": 80,
        "yorigin": 80,
        "slice": null
    },
    "node_rotator_knob": {
        "path": "./node/widget/s_node_rotator_knob.png",
        "subimages": 2,
        "xorigin": 20,
        "yorigin": 20,
        "slice": null
    },
    "node_checkbox": {
        "path": "./node/widget/s_node_checkbox.png",
        "subimages": 3,
        "xorigin": 0,
        "yorigin": 0,
        "slice": {
            "enabled": true,
            "left": 7,
            "right": 7,
            "top": 7,
            "bottom": 7
        }
    },
    "node_coor_pin": {
        "path": "./node/widget/s_node_coor_pin.png",
        "subimages": 1,
        "xorigin": 6,
        "yorigin": 6,
        "slice": null
    },
    "node_websocket_receive": {
        "path": "./node/assets/s_websocket_receive.png",
        "subimages": 1,
        "xorigin": 64,
        "yorigin": 64,
        "slice": null
    },
    "node_websocket_send": {
        "path": "./node/assets/s_websocket_send.png",
        "subimages": 1,
        "xorigin": 64,
        "yorigin": 64,
        "slice": null
    },
    "node_note_bg": {
        "path": "./node/s_node_note_bg.png",
        "subimages": 1,
        "xorigin": 0,
        "yorigin": 0,
        "slice": {
            "enabled": true,
            "left": 7,
            "right": 7,
            "top": 7,
            "bottom": 7
        }
    },
    "node_note_title": {
        "path": "./node/s_node_note_title.png",
        "subimages": 1,
        "xorigin": 0,
        "yorigin": 0,
        "slice": {
            "enabled": true,
            "left": 7,
            "right": 7,
            "top": 7,
            "bottom": 7
        }
    },
    "node_note_selecting": {
        "path": "./node/s_node_note_selecting.png",
        "subimages": 1,
        "xorigin": 0,
        "yorigin": 0,
        "slice": {
            "enabled": true,
            "left": 7,
            "right": 7,
            "top": 7,
            "bottom": 7
        }
    },
    "node_note_resize": {
        "path": "./node/s_node_note_resize.png",
        "subimages": 2,
        "xorigin": 16,
        "yorigin": 16,
        "slice": null
    },
    "node_note_pin": {
        "path": "./node/s_node_note_pin.png",
        "subimages": 2,
        "xorigin": 6,
        "yorigin": 6,
        "slice": null
    },

    "menu_separator": {
        "path": "./UI/s_menu_separator.png",
        "subimages": 1,
        "xorigin": 3,
        "yorigin": 3,
        "slice": {
            "enabled": true,
            "left": 0,
            "right": 0,
            "top": 0,
            "bottom": 0
        }
    },
    "menu_button": {
        "path": "./UI/s_menu_button.png",
        "subimages": 1,
        "xorigin": 0,
        "yorigin": 0,
        "slice": {
            "enabled": true,
            "left": 3,
            "right": 3,
            "top": 3,
            "bottom": 3
        }
    },
    "menu_button_mask": {
        "path": "./UI/s_menu_white.png",
        "subimages": 1,
        "xorigin": 0,
        "yorigin": 0,
        "slice": {
            "enabled": true,
            "left": 5,
            "right": 5,
            "top": 5,
            "bottom": 5
        }
    },
    "key_display": {
        "path": "./UI/s_key_display.png",
        "subimages": 1,
        "xorigin": 0,
        "yorigin": 0,
        "slice": {
            "enabled": true,
            "left": 10,
            "right": 10,
            "top": 10,
            "bottom": 10
        }
    },
    "toolbar_shadow": {
        "path": "./UI/s_toolbar_shadow.png",
        "subimages": 1,
        "xorigin": 6,
        "yorigin": 6,
        "slice": null
    },
    "ui_panel_active": {
        "path": "./UI/s_ui_panel_active.png",
        "subimages": 1,
        "xorigin": 0,
        "yorigin": 0,
        "slice": {
            "enabled": true,
            "left": 4,
            "right": 4,
            "top": 4,
            "bottom": 4
        }
    },
    "ui_panel_tab": {
        "path": "./UI/s_ui_panel_tab.png",
        "subimages": 4,
        "xorigin": 0,
        "yorigin": 0,
        "slice": {
            "enabled": true,
            "left": 5,
            "right": 5,
            "top": 5,
            "bottom": 5
        }
    },
    "ui_panel_bg": {
        "path": "./UI/s_ui_panel_bg.png",
        "subimages": 4,
        "xorigin": 0,
        "yorigin": 0,
        "slice": {
            "enabled": true,
            "left": 4,
            "right": 4,
            "top": 4,
            "bottom": 4
        }
    },
    "ui_panel_inner_bg": {
        "path": "./UI/s_ui_panel_inner_bg.png",
        "subimages": 2,
        "xorigin": 0,
        "yorigin": 0,
        "slice": {
            "enabled": true,
            "left": 4,
            "right": 4,
            "top": 4,
            "bottom": 4
        }
    },
    "ui_panel_fg": {
        "path": "./UI/s_ui_panel_fg.png",
        "subimages": 2,
        "xorigin": 0,
        "yorigin": 0,
        "slice": {
            "enabled": true,
            "left": 4,
            "right": 4,
            "top": 4,
            "bottom": 4
        }
    },
    "ui_panel_bg_cover": {
        "path": "./empty.png",
        "subimages": 1,
        "xorigin": 0,
        "yorigin": 0,
        "slice": null
    },
    "ui_scrollbar": {
        "path": "./UI/s_ui_scroll_bar.png",
        "subimages": 1,
        "xorigin": 0,
        "yorigin": 0,
        "slice": {
            "enabled": true,
            "left": 1,
            "right": 1,
            "top": 1,
            "bottom": 1
        }
    },
    "toolbar": {
        "path": "./UI/s_toolbar.png",
        "subimages": 2,
        "xorigin": 0,
        "yorigin": 0,
        "slice": {
            "enabled": true,
            "left": 4,
            "right": 4,
            "top": 4,
            "bottom": 4
        }
    },
    "tool_side": {
        "path": "./UI/s_tool_side.png",
        "subimages": 1,
        "xorigin": 0,
        "yorigin": 0,
        "slice": {
            "enabled": true,
            "left": 4,
            "right": 4,
            "top": 4,
            "bottom": 4
        }
    },
    "ui_selection": {
        "path": "./UI/s_ui_selection.png",
        "subimages": 1,
        "xorigin": 0,
        "yorigin": 0,
        "slice": {
            "enabled": true,
            "left": 4,
            "right": 4,
            "top": 4,
            "bottom": 4
        }
    },
    "timeline_dopesheet_bg": {
        "path": "./UI/s_timeline_dopesheet_bg.png",
        "subimages": 1,
        "xorigin": 0,
        "yorigin": 0,
        "slice": {
            "enabled": true,
            "left": 5,
            "right": 5,
            "top": 5,
            "bottom": 5
        }
    },
    "timeline_folder": {
        "path": "./UI/s_ui_timeline_folder.png",
        "subimages": 2,
        "xorigin": 0,
        "yorigin": 0,
        "slice": {
            "enabled": true,
            "left": 5,
            "right": 5,
            "top": 5,
            "bottom": 5
        }
    },
    "timeline_node": {
        "path": "./UI/s_ui_timeline_node.png",
        "subimages": 2,
        "xorigin": 0,
        "yorigin": 0,
        "slice": {
            "enabled": true,
            "left": 5,
            "right": 5,
            "top": 5,
            "bottom": 5
        }
    },
    "timeline_color": {
        "path": "./UI/s_ui_timeline_color.png",
        "subimages": 3,
        "xorigin": 8,
        "yorigin": 8,
        "slice": null
    },
    
    "cursor_path_add": {
        "path": "./preview/s_cursor_path_add.png",
        "subimages": 2,
        "xorigin": 0,
        "yorigin": 0,
        "slice": null
    },
    "cursor_path_anchor": {
        "path": "./preview/s_cursor_path_anchor.png",
        "subimages": 2,
        "xorigin": 0,
        "yorigin": 0,
        "slice": null
    },
    "cursor_path_move": {
        "path": "./preview/s_cursor_path_move.png",
        "subimages": 2,
        "xorigin": 0,
        "yorigin": 0,
        "slice": null
    },
    "cursor_path_remove": {
        "path": "./preview/s_cursor_path_remove.png",
        "subimages": 2,
        "xorigin": 0,
        "yorigin": 0,
        "slice": null
    },
    "anchor": {
        "path": "./preview/s_anchor.png",
        "subimages": 4,
        "xorigin": 10,
        "yorigin": 10,
        "slice": null
    },
    "anchor_rotate": {
        "path": "./preview/s_anchor_rotate.png",
        "subimages": 4,
        "xorigin": 12,
        "yorigin": 12,
        "slice": null
    },
    "anchor_scale": {
        "path": "./preview/s_anchor_scale.png",
        "subimages": 4,
        "xorigin": 12,
        "yorigin": 12,
        "slice": null
    },
    "anchor_solid_hori": {
        "path": "./preview/s_anchor_solid.png",
        "subimages": 4,
        "xorigin": 16,
        "yorigin": 10,
        "slice": null
    },
    "anchor_scale_hori": {
        "path": "./preview/s_anchor_scale_hori.png",
        "subimages": 4,
        "xorigin": 12,
        "yorigin": 12,
        "slice": null
    },
    "anchor_selector": {
        "path": "./preview/anchor_selector.png",
        "subimages": 6,
        "xorigin": 9,
        "yorigin": 9,
        "slice": null
    },
    "anchor_arrow": {
        "path": "./preview/anchor_arrow.png",
        "subimages": 4,
        "xorigin": 9,
        "yorigin": 9,
        "slice": null
    },
    "preview_crosshair": {
        "path": "./preview/s_preview_crosshair.png",
        "subimages": 1,
        "xorigin": 7,
        "yorigin": 7,
        "slice": null
    },
    "preview_bone_IK": {
        "path": "./preview/s_bone_IK.png",
        "subimages": 1,
        "xorigin": 24,
        "yorigin": 24,
        "slice": null
    },
    "anchor_bone_stick": {
        "path": "./preview/anchor_bone_stick.png",
        "subimages": 2,
        "xorigin": 9,
        "yorigin": 9,
        "slice": null
    },

    "timeline_ease": {
        "path": "./timeline/s_timeline_ease.png",
        "subimages": 5,
        "xorigin": 12,
        "yorigin": 12,
        "slice": null
    },
    "timeline_elastic": {
        "path": "./timeline/s_timeline_elastic.png",
        "subimages": 1,
        "xorigin": 8,
        "yorigin": 2,
        "slice": {
            "enabled": true,
            "left": 0,
            "right": 0,
            "top": 0,
            "bottom": 0
        }
    },
    "timeline_keyframe": {
        "path": "./timeline/s_timeline_keyframes.png",
        "subimages": 7,
        "xorigin": 8,
        "yorigin": 8,
        "slice": null
    },
    "timeline_keyframe_selecting": {
        "path": "./timeline/s_timeline_keyframe_selecting.png",
        "subimages": 2,
        "xorigin": 10,
        "yorigin": 10,
        "slice": null
    },
    "timeline_onion_skin": {
        "path": "./timeline/s_timeline_onion_skin.png",
        "subimages": 2,
        "xorigin": 8,
        "yorigin": 8,
        "slice": {
            "enabled": true,
            "left": 7,
            "right": 7,
            "top": 7,
            "bottom": 7
        }
    },

    "object_halign": {
        "path": "./inspector/s_inspector_obj_halign.png",
        "subimages": 3,
        "xorigin": 12,
        "yorigin": 12,
        "slice": null
    },
    "object_valign": {
        "path": "./inspector/s_inspector_obj_valign.png",
        "subimages": 3,
        "xorigin": 12,
        "yorigin": 12,
        "slice": null
    },
    "obj_distribute_h": {
        "path": "./inspector/s_obj_distribute_h.png",
        "subimages": 1,
        "xorigin": 12,
        "yorigin": 12,
        "slice": null
    },
    "obj_distribute_v": {
        "path": "./inspector/s_obj_distribute_v.png",
        "subimages": 1,
        "xorigin": 12,
        "yorigin": 12,
        "slice": null
    },
    "obj_hemicircle": {
        "path": "./inspector/s_inspector_obj_hemicircle.png",
        "subimages": 4,
        "xorigin": 12,
        "yorigin": 12,
        "slice": null
    },
    "obj_angle": {
        "path": "./inspector/s_inspector_obj_angle.png",
        "subimages": 4,
        "xorigin": 12,
        "yorigin": 12,
        "slice": null
    },
    "obj_direction": {
        "path": "./inspector/s_inspector_direction.png",
        "subimages": 4,
        "xorigin": 12,
        "yorigin": 12,
        "slice": null
    },
    "obj_draw_line": {
        "path": "./inspector/s_inspector_draw_line.png",
        "subimages": 4,
        "xorigin": 12,
        "yorigin": 12,
        "slice": null
    },
    
    "tools_canvas_channel": {
        "path": "./tool/s_canvas_channel.png",
        "subimages": 4,
        "xorigin": 8,
        "yorigin": 8,
        "slice": null
    },
    "canvas_tools_bucket": {
        "path": "./tool/s_canvas_tools_bucket.png",
        "subimages": 2,
        "xorigin": 9,
        "yorigin": 9,
        "slice": null
    },
    "canvas_tools_ellip": {
        "path": "./tool/s_canvas_tools_ellip.png",
        "subimages": 2,
        "xorigin": 9,
        "yorigin": 9,
        "slice": null
    },
    "canvas_tools_ellip_fill": {
        "path": "./tool/s_canvas_tools_ellip_fill.png",
        "subimages": 2,
        "xorigin": 9,
        "yorigin": 9,
        "slice": null
    },
    "canvas_tools_eraser": {
        "path": "./tool/s_canvas_tools_eraser.png",
        "subimages": 2,
        "xorigin": 9,
        "yorigin": 9,
        "slice": null
    },
    "canvas_tools_pencil": {
        "path": "./tool/s_canvas_tools_pencil.png",
        "subimages": 2,
        "xorigin": 9,
        "yorigin": 9,
        "slice": null
    },
    "canvas_tools_rect": {
        "path": "./tool/s_canvas_tools_rect.png",
        "subimages": 2,
        "xorigin": 9,
        "yorigin": 9,
        "slice": null
    },
    "canvas_tools_rect_fill": {
        "path": "./tool/s_canvas_tools_rect_fill.png",
        "subimages": 2,
        "xorigin": 9,
        "yorigin": 9,
        "slice": null
    },
    "canvas_tools_selection_rectangle": {
        "path": "./tool/s_canvas_selection_rectangle.png",
        "subimages": 2,
        "xorigin": 9,
        "yorigin": 9,
        "slice": null
    },
    "canvas_tools_selection_circle": {
        "path": "./tool/s_canvas_selection_circle.png",
        "subimages": 2,
        "xorigin": 9,
        "yorigin": 9,
        "slice": null
    },
    "control_add": {
        "path": "./tool/s_control_add.png",
        "subimages": 2,
        "xorigin": 9,
        "yorigin": 9,
        "slice": null
    },
    "control_remove": {
        "path": "./tool/s_control_remove.png",
        "subimages": 2,
        "xorigin": 9,
        "yorigin": 9,
        "slice": null
    },
    "control_pin": {
        "path": "./tool/s_control_pin.png",
        "subimages": 2,
        "xorigin": 9,
        "yorigin": 9,
        "slice": null
    },
    "control_unpin": {
        "path": "./tool/s_control_unpin.png",
        "subimages": 2,
        "xorigin": 9,
        "yorigin": 9,
        "slice": null
    },
    "mesh_tool_edit": {
        "path": "./tool/s_mesh_edit.png",
        "subimages": 2,
        "xorigin": 9,
        "yorigin": 9,
        "slice": null
    },
    "mesh_tool_delete": {
        "path": "./tool/s_mesh_delete.png",
        "subimages": 2,
        "xorigin": 9,
        "yorigin": 9,
        "slice": null
    },
    "path_tools_add": {
        "path": "./tool/s_path_tools_add.png",
        "subimages": 2,
        "xorigin": 9,
        "yorigin": 9,
        "slice": null
    },
    "path_tools_anchor": {
        "path": "./tool/s_path_tools_anchor.png",
        "subimages": 2,
        "xorigin": 9,
        "yorigin": 9,
        "slice": null
    },
    "path_tools_circle": {
        "path": "./tool/s_path_tools_circle.png",
        "subimages": 2,
        "xorigin": 9,
        "yorigin": 9,
        "slice": null
    },
    "path_tools_rectangle": {
        "path": "./tool/s_path_tools_rectangle.png",
        "subimages": 2,
        "xorigin": 9,
        "yorigin": 9,
        "slice": null
    },
    "path_tools_draw": {
        "path": "./tool/s_path_tools_draw.png",
        "subimages": 2,
        "xorigin": 9,
        "yorigin": 9,
        "slice": null
    },
    "path_tools_transform": {
        "path": "./tool/s_path_tools_transform.png",
        "subimages": 2,
        "xorigin": 9,
        "yorigin": 9,
        "slice": null
    },
    "tools_3d_transform": {
        "path": "./tool/s_3d_tool_transform.png",
        "subimages": 2,
        "xorigin": 9,
        "yorigin": 9,
        "slice": null
    },
    "tools_3d_rotate": {
        "path": "./tool/s_3d_tool_rotate.png",
        "subimages": 2,
        "xorigin": 9,
        "yorigin": 9,
        "slice": null
    },
    "tools_3d_scale": {
        "path": "./tool/s_3d_tool_scale.png",
        "subimages": 2,
        "xorigin": 9,
        "yorigin": 9,
        "slice": null
    },
    "tools_3d_transform_object": {
        "path": "./tool/s_3d_tool_transform_object.png",
        "subimages": 2,
        "xorigin": 9,
        "yorigin": 9,
        "slice": null
    },
    "splice_draw": {
        "path": "./tool/s_splice_draw.png",
        "subimages": 2,
        "xorigin": 9,
        "yorigin": 9,
        "slice": null
    },
    "strand_comb": {
        "path": "./tool/s_strand_tool_comb.png",
        "subimages": 2,
        "xorigin": 9,
        "yorigin": 9,
        "slice": null
    },
    "strand_cut": {
        "path": "./tool/s_strand_tool_cut.png",
        "subimages": 2,
        "xorigin": 9,
        "yorigin": 9,
        "slice": null
    },
    "strand_grab": {
        "path": "./tool/s_strand_tool_grab.png",
        "subimages": 2,
        "xorigin": 9,
        "yorigin": 9,
        "slice": null
    },
    "strand_push": {
        "path": "./tool/s_strand_tool_push.png",
        "subimages": 2,
        "xorigin": 9,
        "yorigin": 9,
        "slice": null
    },
    "strand_stretch": {
        "path": "./tool/s_strand_tool_stretch.png",
        "subimages": 2,
        "xorigin": 9,
        "yorigin": 9,
        "slice": null
    },
    "bone_tool_add": {
        "path": "./tool/s_bone_tool_add.png",
        "subimages": 2,
        "xorigin": 9,
        "yorigin": 9,
        "slice": null
    },
    "bone_tool_detach": {
        "path": "./tool/s_bone_tool_detach.png",
        "subimages": 2,
        "xorigin": 9,
        "yorigin": 9,
        "slice": null
    },
    "bone_tool_remove": {
        "path": "./tool/s_bone_tool_remove.png",
        "subimages": 2,
        "xorigin": 9,
        "yorigin": 9,
        "slice": null
    },
    "bone_tool_transform": {
        "path": "./tool/s_bone_tool_transform.png",
        "subimages": 2,
        "xorigin": 9,
        "yorigin": 9,
        "slice": null
    },
    "bone_tool_IK": {
        "path": "./tool/s_bone_tool_IK.png",
        "subimages": 2,
        "xorigin": 9,
        "yorigin": 9,
        "slice": null
    },
    "bone_tool_move": {
        "path": "./tool/s_bone_tool_move.png",
        "subimages": 2,
        "xorigin": 9,
        "yorigin": 9,
        "slice": null
    },
    "bone_tool_scale": {
        "path": "./tool/s_bone_tool_scale.png",
        "subimages": 2,
        "xorigin": 9,
        "yorigin": 9,
        "slice": null
    },

    "button": {
        "path": "./widget/s_button.png",
        "subimages": 4,
        "xorigin": 0,
        "yorigin": 0,
        "slice": {
            "enabled": true,
            "left": 7,
            "right": 7,
            "top": 7,
            "bottom": 7
        }
    },
    "button_hide": {
        "path": "./widget/s_button_hide.png",
        "subimages": 4,
        "xorigin": 0,
        "yorigin": 0,
        "slice": {
            "enabled": true,
            "left": 7,
            "right": 7,
            "top": 7,
            "bottom": 7
        }
    },
    "button_hide_fill": {
        "path": "./widget/s_button_hide_fill.png",
        "subimages": 4,
        "xorigin": 0,
        "yorigin": 0,
        "slice": {
            "enabled": true,
            "left": 7,
            "right": 7,
            "top": 7,
            "bottom": 7
        }
    },
    "button_hide_left": {
        "path": "./widget/s_button_hide_left.png",
        "subimages": 4,
        "xorigin": 0,
        "yorigin": 0,
        "slice": {
            "enabled": true,
            "left": 7,
            "right": 7,
            "top": 7,
            "bottom": 7
        }
    },
    "button_hide_middle": {
        "path": "./widget/s_button_hide_middle.png",
        "subimages": 4,
        "xorigin": 0,
        "yorigin": 0,
        "slice": {
            "enabled": true,
            "left": 7,
            "right": 7,
            "top": 7,
            "bottom": 7
        }
    },
    "button_hide_right": {
        "path": "./widget/s_button_hide_right.png",
        "subimages": 4,
        "xorigin": 0,
        "yorigin": 0,
        "slice": {
            "enabled": true,
            "left": 7,
            "right": 7,
            "top": 7,
            "bottom": 7
        }
    },
    "button_hide_circle_28": {
        "path": "./widget/s_button_hide_circle_28.png",
        "subimages": 4,
        "xorigin": 14,
        "yorigin": 14,
        "slice": null
    },
    "button_left": {
        "path": "./widget/s_button_left.png",
        "subimages": 4,
        "xorigin": 0,
        "yorigin": 0,
        "slice": {
            "enabled": true,
            "left": 7,
            "right": 7,
            "top": 7,
            "bottom": 7
        }
    },
    "button_lime": {
        "path": "./widget/s_button_lime.png",
        "subimages": 4,
        "xorigin": 0,
        "yorigin": 0,
        "slice": {
            "enabled": true,
            "left": 7,
            "right": 7,
            "top": 7,
            "bottom": 7
        }
    },
    "button_middle": {
        "path": "./widget/s_button_middle.png",
        "subimages": 4,
        "xorigin": 0,
        "yorigin": 0,
        "slice": {
            "enabled": true,
            "left": 7,
            "right": 7,
            "top": 7,
            "bottom": 7
        }
    },
    "button_right": {
        "path": "./widget/s_button_right.png",
        "subimages": 4,
        "xorigin": 0,
        "yorigin": 0,
        "slice": {
            "enabled": true,
            "left": 7,
            "right": 7,
            "top": 7,
            "bottom": 7
        }
    },
    "checkbox": {
        "path": "./widget/s_checkbox.png",
        "subimages": 4,
        "xorigin": 0,
        "yorigin": 0,
        "slice": {
            "enabled": true,
            "left": 7,
            "right": 7,
            "top": 7,
            "bottom": 7
        }
    },
    "slider": {
        "path": "./widget/s_slider.png",
        "subimages": 5,
        "xorigin": 0,
        "yorigin": 0,
        "slice": {
            "enabled": true,
            "left": 4,
            "right": 4,
            "top": 4,
            "bottom": 4
        }
    },
    "widget_selecting": {
        "path": "./widget/s_widget_highlight.png",
        "subimages": 1,
        "xorigin": 0,
        "yorigin": 0,
        "slice": {
            "enabled": true,
            "left": 5,
            "right": 5,
            "top": 5,
            "bottom": 5
        }
    },
    "textbox_number_slider": {
        "path": "./widget/s_textbox_number_slider.png",
        "subimages": 1,
        "xorigin": 0,
        "yorigin": 0,
        "slice": {
            "enabled": true,
            "left": 23,
            "right": 23,
            "top": 23,
            "bottom": 23
        }
    },
    "textbox": {
        "path": "./widget/s_textbox.png",
        "subimages": 4,
        "xorigin": 0,
        "yorigin": 0,
        "slice": {
            "enabled": true,
            "left": 5,
            "right": 5,
            "top": 5,
            "bottom": 5
        }
    },
    "textbox_header": {
        "path": "./widget/s_text_box_header.png",
        "subimages": 1,
        "xorigin": 0,
        "yorigin": 0,
        "slice": {
            "enabled": true,
            "left": 5,
            "right": 5,
            "top": 5,
            "bottom": 5
        }
    },
    "textbox_code": {
        "path": "./widget/s_textbox_code_line.png",
        "subimages": 1,
        "xorigin": 0,
        "yorigin": 0,
        "slice": {
            "enabled": true,
            "left": 5,
            "right": 5,
            "top": 5,
            "bottom": 5
        }
    },
    "progress_bar": {
        "path": "./widget/s_progress_bar.png",
        "subimages": 2,
        "xorigin": 0,
        "yorigin": 0,
        "slice": {
            "enabled": true,
            "left": 5,
            "right": 5,
            "top": 5,
            "bottom": 5
        }
    }
}