{
    "color_picker_sample": {
        "path": "./UI/s_color_picker_sample.png",
        "subimages": 2,
        "xorigin": 0,
        "yorigin": 0,
        "slice": {
            "enabled": true,
            "left": 10,
            "right": 10,
            "top": 10,
            "bottom": 10
        }
    },
    "color_picker_box": {
        "path": "./UI/s_color_picker_box.png",
        "subimages": 2,
        "xorigin": 0,
        "yorigin": 0,
        "slice": {
            "enabled": true,
            "left": 10,
            "right": 10,
            "top": 10,
            "bottom": 10
        }
    },
    "dialog_active": {
        "path": "./UI/s_dialog_active.png",
        "subimages": 1,
        "xorigin": 0,
        "yorigin": 0,
        "slice": {
            "enabled": true,
            "left": 8,
            "right": 8,
            "top": 8,
            "bottom": 8
        }
    },
    "dialog_bg": {
        "path": "./UI/s_dialog_bg.png",
        "subimages": 1,
        "xorigin": 0,
        "yorigin": 0,
        "slice": {
            "enabled": true,
            "left": 8,
            "right": 8,
            "top": 8,
            "bottom": 8
        }
    },
    "group_label": {
        "path": "./UI/s_group_label.png",
        "subimages": 1,
        "xorigin": 0,
        "yorigin": 0,
        "slice": {
            "enabled": true,
            "left": 7,
            "right": 7,
            "top": 7,
            "bottom": 7
        }
    },

    "workspace_horizontal": {
        "path": "./icon/s_workspace_0.png",
        "subimages": 1,
        "xorigin": 16,
        "yorigin": 16,
        "slice": null
    },
    "workspace_vertical": {
        "path": "./icon/s_workspace_1.png",
        "subimages": 1,
        "xorigin": 16,
        "yorigin": 16,
        "slice": null
    },

    "accept": {
        "path": "./icon/s_icon_accept_24.png",
        "subimages": 1,
        "xorigin": 24,
        "yorigin": 24,
        "slice": null
    },
    "add": {
        "path": "./icon/s_add_24.png",
        "subimages": 1,
        "xorigin": 24,
        "yorigin": 24,
        "slice": null
    },
    "animate_clock": {
        "path": "./icon/s_animate_clock_strip3.png",
        "subimages": 3,
        "xorigin": 16,
        "yorigin": 16,
        "slice": null
    },
    "animate_node_go": {
        "path": "./icon/s_animate_node_go.png",
        "subimages": 1,
        "xorigin": 10,
        "yorigin": 10,
        "slice": null
    },
    "animation_setting": {
        "path": "./icon/s_animation_setting.png",
        "subimages": 1,
        "xorigin": 24,
        "yorigin": 24,
        "slice": null
    },
    "animation_timing": {
        "path": "./icon/s_animation_timing.png",
        "subimages": 1,
        "xorigin": 24,
        "yorigin": 24,
        "slice": null
    },
    "animation_stretch": {
        "path": "./icon/s_animation_stretch.png",
        "subimages": 2,
        "xorigin": 20,
        "yorigin": 12,
        "slice": null
    },
    "arrow": {
        "path": "./icon/s_arrow_16_strip4.png",
        "subimages": 4,
        "xorigin": 16,
        "yorigin": 16,
        "slice": null
    },
    "button_path_icon": {
        "path": "./icon/s_button_path_icon.png",
        "subimages": 1,
        "xorigin": 24,
        "yorigin": 24,
        "slice": null
    },
    "button_path_not_found_icon": {
        "path": "./icon/s_button_path_not_found_icon.png",
        "subimages": 1,
        "xorigin": 24,
        "yorigin": 24,
        "slice": null
    },
    "cache": {
        "path": "./icon/s_cache.png",
        "subimages": 1,
        "xorigin": 24,
        "yorigin": 24,
        "slice": null
    },
    "circle": {
        "path": "./icon/s_circle_12.png",
        "subimages": 1,
        "xorigin": 12,
        "yorigin": 12,
        "slice": null
    },
    "color_picker_dropper": {
        "path": "./icon/s_color_picker_dropper.png",
        "subimages": 1,
        "xorigin": 24,
        "yorigin": 24,
        "slice": null
    },
    "cursor_select": {
        "path": "./icon/s_cursor.png",
        "subimages": 2,
        "xorigin": 16,
        "yorigin": 16,
        "slice": null
    },
    "file": {
        "path": "./icon/s_file.png",
        "subimages": 1,
        "xorigin": 24,
        "yorigin": 24,
        "slice": null
    },
    "explorer": {
        "path": "./icon/s_file_explorer.png",
        "subimages": 1,
        "xorigin": 20,
        "yorigin": 20,
        "slice": null
    },
    "fill": {
        "path": "./icon/s_fill_16.png",
        "subimages": 1,
        "xorigin": 16,
        "yorigin": 16,
        "slice": null
    },
    "filter_type": {
        "path": "./icon/s_filter_type.png",
        "subimages": 2,
        "xorigin": 24,
        "yorigin": 24,
        "slice": null
    },
    "fluid_sim": {
        "path": "./icon/s_fluid_sim.png",
        "subimages": 1,
        "xorigin": 16,
        "yorigin": 16,
        "slice": null
    },
    "folder": {
        "path": "./icon/s_folder_24.png",
        "subimages": 1,
        "xorigin": 24,
        "yorigin": 24,
        "slice": null
    },
    "folder_add": {
        "path": "./icon/s_folder_add_strip2.png",
        "subimages": 2,
        "xorigin": 24,
        "yorigin": 24,
        "slice": null
    },
    "folder_content": {
        "path": "./icon/s_folder_content_strip2.png",
        "subimages": 2,
        "xorigin": 24,
        "yorigin": 24,
        "slice": null
    },
    "gear": {
        "path": "./icon/s_gear_24.png",
        "subimages": 1,
        "xorigin": 24,
        "yorigin": 24,
        "slice": null
    },
    "grad_blend": {
        "path": "./icon/s_grad_blend.png",
        "subimages": 1,
        "xorigin": 24,
        "yorigin": 24,
        "slice": null
    },
    "graph": {
        "path": "./icon/s_graph.png",
        "subimages": 1,
        "xorigin": 24,
        "yorigin": 24,
        "slice": null
    },
    "group": {
        "path": "./icon/s_group_24.png",
        "subimages": 1,
        "xorigin": 24,
        "yorigin": 24,
        "slice": null
    },
    "group_s": {
        "path": "./icon/s_group_16.png",
        "subimages": 1,
        "xorigin": 16,
        "yorigin": 16,
        "slice": null
    },
    "hamburger": {
        "path": "./icon/s_hamburger.png",
        "subimages": 1,
        "xorigin": 24,
        "yorigin": 24,
        "slice": null
    },
    "visible": {
        "path": "./icon/s_visible.png",
        "subimages": 2,
        "xorigin": 24,
        "yorigin": 24,
        "slice": null
    },
    "workshop_download": {
        "path": "./icon/s_workshop_download.png",
        "subimages": 1,
        "xorigin": 20,
        "yorigin": 20,
        "slice": null
    },
    "workshop_upload": {
        "path": "./icon/s_workshop_upload.png",
        "subimages": 1,
        "xorigin": 20,
        "yorigin": 20,
        "slice": null
    },
    "workshop_update": {
        "path": "./icon/s_workshop_update.png",
        "subimages": 1,
        "xorigin": 20,
        "yorigin": 20,
        "slice": null
    },
    "icon_visibility": {
        "path": "./icon/s_icon_visibility.png",
        "subimages": 1,
        "xorigin": 24,
        "yorigin": 24,
        "slice": null
    },
    "info": {
        "path": "./icon/s_info.png",
        "subimages": 1,
        "xorigin": 16,
        "yorigin": 16,
        "slice": null
    },
    "junc_visible": {
        "path": "./icon/s_junc_visible_strip2.png",
        "subimages": 2,
        "xorigin": 16,
        "yorigin": 16,
        "slice": null
    },
    "loading": {
        "path": "./icon/s_loading.png",
        "subimages": 1,
        "xorigin": 64,
        "yorigin": 64,
        "slice": null
    },
    "loading_s": {
        "path": "./icon/s_loading_s.png",
        "subimages": 1,
        "xorigin": 24,
        "yorigin": 24,
        "slice": null
    },
    "feedback": {
        "path": "./icon/s_feedback_16.png",
        "subimages": 1,
        "xorigin": 16,
        "yorigin": 16,
        "slice": null
    },
    "loop": {
        "path": "./icon/s_loop_16.png",
        "subimages": 1,
        "xorigin": 16,
        "yorigin": 16,
        "slice": null
    },
    "unit_ref": {
        "path": "./icon/s_unit_ref.png",
        "subimages": 2,
        "xorigin": 20,
        "yorigin": 20,
        "slice": null
    },
    "vfx": {
        "path": "./icon/s_vfx.png",
        "subimages": 1,
        "xorigin": 16,
        "yorigin": 16,
        "slice": null
    },
    "minus": {
        "path": "./icon/s_minus_24.png",
        "subimages": 1,
        "xorigin": 24,
        "yorigin": 24,
        "slice": null
    },
    "text": {
        "path": "./icon/s_name.png",
        "subimages": 1,
        "xorigin": 24,
        "yorigin": 24,
        "slice": null
    },
    "new_file": {
        "path": "./icon/s_new.png",
        "subimages": 1,
        "xorigin": 24,
        "yorigin": 24,
        "slice": null
    },
    "node_processor": {
        "path": "./icon/s_node_processor.png",
        "subimages": 1,
        "xorigin": 16,
        "yorigin": 16,
        "slice": null
    },
    "value_link": {
        "path": "./icon/s_padding_link_strip2.png",
        "subimages": 2,
        "xorigin": 24,
        "yorigin": 24,
        "slice": null
    },
    "pin": {
        "path": "./icon/s_pin.png",
        "subimages": 2,
        "xorigin": 20,
        "yorigin": 20,
        "slice": null
    },
    "play_all": {
        "path": "./icon/s_play_all.png",
        "subimages": 1,
        "xorigin": 24,
        "yorigin": 24,
        "slice": null
    },
    "project": {
        "path": "./icon/s_project.png",
        "subimages": 1,
        "xorigin": 24,
        "yorigin": 24,
        "slice": null
    },
    "preset": {
        "path": "./icon/s_preset.png",
        "subimages": 1,
        "xorigin": 24,
        "yorigin": 24,
        "slice": null
    },
    "refresh": {
        "path": "./icon/s_refresh_24.png",
        "subimages": 1,
        "xorigin": 24,
        "yorigin": 24,
        "slice": null
    },
    "refresh_s": {
        "path": "./icon/s_refresh_16.png",
        "subimages": 1,
        "xorigin": 16,
        "yorigin": 16,
        "slice": null
    },
    "reverse": {
        "path": "./icon/s_reverse.png",
        "subimages": 1,
        "xorigin": 24,
        "yorigin": 24,
        "slice": null
    },
    "rigidSim": {
        "path": "./icon/s_rigidSim.png",
        "subimages": 1,
        "xorigin": 16,
        "yorigin": 16,
        "slice": null
    },
    "scroll_box_arrow": {
        "path": "./icon/s_scroll_box_arrow.png",
        "subimages": 1,
        "xorigin": 24,
        "yorigin": 24,
        "slice": null
    },
    "search": {
        "path": "./icon/s_search_16.png",
        "subimages": 1,
        "xorigin": 16,
        "yorigin": 16,
        "slice": null
    },
    "sequence_control": {
        "path": "./icon/s_sequence_control_strip7.png",
        "subimages": 7,
        "xorigin": 24,
        "yorigin": 24,
        "slice": null
    },
    "sort": {
        "path": "./icon/s_sort_24.png",
        "subimages": 1,
        "xorigin": 24,
        "yorigin": 24,
        "slice": null
    },
    "steam": {
        "path": "./icon/s_steam.png",
        "subimages": 1,
        "xorigin": 16,
        "yorigin": 16,
        "slice": null
    },
    "steam_creator": {
        "path": "./icon/s_steam_creator.png",
        "subimages": 1,
        "xorigin": 16,
        "yorigin": 16,
        "slice": null
    },
    "text_bullet": {
        "path": "./icon/s_text_bullet_strip2.png",
        "subimages": 2,
        "xorigin": 24,
        "yorigin": 24,
        "slice": null
    },
    "text_slider": {
        "path": "./icon/s_slider.png",
        "subimages": 1,
        "xorigin": 24,
        "yorigin": 24,
        "slice": null
    },
    "timeline_clock": {
        "path": "./icon/s_timeline_clock.png",
        "subimages": 1,
        "xorigin": 12,
        "yorigin": 12,
        "slice": null
    },
    "timeline_graph": {
        "path": "./icon/s_timeline_graph.png",
        "subimages": 1,
        "xorigin": 16,
        "yorigin": 16,
        "slice": null
    },
    "view_group": {
        "path": "./icon/s_view_group.png",
        "subimages": 2,
        "xorigin": 24,
        "yorigin": 24,
        "slice": null
    },
    "view_mode": {
        "path": "./icon/s_view_mode_strip2.png",
        "subimages": 2,
        "xorigin": 24,
        "yorigin": 24,
        "slice": null
    },
    "icon_delete": {
        "path": "./icon/s_delete_16.png",
        "subimages": 1,
        "xorigin": 16,
        "yorigin": 16,
        "slice": null
    },
    "addon": {
        "path": "./icon/s_addon.png",
        "subimages": 1,
        "xorigin": 24,
        "yorigin": 24,
        "slice": null
    },
    "youtube": {
        "path": "./icon/s_youtube.png",
        "subimages": 1,
        "xorigin": 24,
        "yorigin": 24,
        "slice": null
    },
    "wiki": {
        "path": "./icon/s_wiki.png",
        "subimages": 1,
        "xorigin": 24,
        "yorigin": 24,
        "slice": null
    },
    "itch": {
        "path": "./icon/s_itch.png",
        "subimages": 1,
        "xorigin": 24,
        "yorigin": 24,
        "slice": null
    },
    "undo": {
        "path": "./icon/s_undo.png",
        "subimages": 1,
        "xorigin": 24,
        "yorigin": 24,
        "slice": null
    },
    "redo": {
        "path": "./icon/s_redo.png",
        "subimages": 1,
        "xorigin": 24,
        "yorigin": 24,
        "slice": null
    },
    "action_history": {
        "path": "./icon/s_action_history.png",
        "subimages": 1,
        "xorigin": 24,
        "yorigin": 24,
        "slice": null
    },
    "cross": {
        "path": "./icon/s_delete.png",
        "subimages": 1,
        "xorigin": 24,
        "yorigin": 24,
        "slice": null
    },
    "duplicate": {
        "path": "./icon/s_duplicate.png",
        "subimages": 1,
        "xorigin": 24,
        "yorigin": 24,
        "slice": null
    },
    "copy": {
        "path": "./icon/s_copy.png",
        "subimages": 1,
        "xorigin": 24,
        "yorigin": 24,
        "slice": null
    },
    "paste": {
        "path": "./icon/s_paste.png",
        "subimages": 1,
        "xorigin": 24,
        "yorigin": 24,
        "slice": null
    },
    "node_resize": {
        "path": "./icon/s_node_resize.png",
        "subimages": 1,
        "xorigin": 32,
        "yorigin": 32,
        "slice": null
    },
    "icon_curve_connection": {
        "path": "./icon/s_icon_curve_connection.png",
        "subimages": 4,
        "xorigin": 24,
        "yorigin": 24,
        "slice": null
    },
    "node_output_visible": {
        "path": "./icon/s_icon_output_visibility.png",
        "subimages": 1,
        "xorigin": 24,
        "yorigin": 24,
        "slice": null
    },
    "icon_minimap": {
        "path": "./icon/s_icon_minimap_strip2.png",
        "subimages": 2,
        "xorigin": 24,
        "yorigin": 24,
        "slice": null
    },
    "noti_icon_tick": {
        "path": "./icon/s_noti_icon_tick.png",
        "subimages": 1,
        "xorigin": 20,
        "yorigin": 20,
        "slice": null
    },
    "noti_icon_error": {
        "path": "./icon/s_noti_icon_error_strip2.png",
        "subimages": 2,
        "xorigin": 20,
        "yorigin": 20,
        "slice": null
    },
    "noti_icon_warning": {
        "path": "./icon/s_noti_icon_warning_strip2.png",
        "subimages": 2,
        "xorigin": 20,
        "yorigin": 20,
        "slice": null
    },
    "noti_icon_log": {
        "path": "./icon/s_noti_icon_log_strip2.png",
        "subimages": 2,
        "xorigin": 20,
        "yorigin": 20,
        "slice": null
    },
    "noti_icon_file_load": {
        "path": "./icon/s_noti_icon_file_load.png",
        "subimages": 1,
        "xorigin": 20,
        "yorigin": 20,
        "slice": null
    },
    "noti_icon_file_save": {
        "path": "./icon/s_noti_icon_file_save.png",
        "subimages": 1,
        "xorigin": 20,
        "yorigin": 20,
        "slice": null
    },
    "icon_center_canvas": {
        "path": "./icon/s_icon_center_canvas.png",
        "subimages": 1,
        "xorigin": 24,
        "yorigin": 24,
        "slice": null
    },
    "icon_grid": {
        "path": "./icon/s_icon_grid_strip2.png",
        "subimages": 2,
        "xorigin": 24,
        "yorigin": 24,
        "slice": null
    },
    "icon_grid_setting": {
        "path": "./icon/s_icon_grid_setting.png",
        "subimages": 1,
        "xorigin": 24,
        "yorigin": 24,
        "slice": null
    },
    "icon_preview_export": {
        "path": "./icon/s_icon_preview_export.png",
        "subimages": 1,
        "xorigin": 24,
        "yorigin": 24,
        "slice": null
    },
    "icon_reset_when_preview": {
        "path": "./icon/s_icon_reset_when_preview_strip2.png",
        "subimages": 2,
        "xorigin": 24,
        "yorigin": 24,
        "slice": null
    },
    "icon_split_view": {
        "path": "./icon/s_icon_split_view_strip3.png",
        "subimages": 3,
        "xorigin": 24,
        "yorigin": 24,
        "slice": null
    },
    "icon_tile_view": {
        "path": "./icon/s_icon_tile_view_strip4.png",
        "subimages": 4,
        "xorigin": 24,
        "yorigin": 24,
        "slice": null
    },
    "icon_active_split": {
        "path": "./icon/s_panel_active_split.png",
        "subimages": 1,
        "xorigin": 12,
        "yorigin": 12,
        "slice": null
    },
    "revert": {
        "path": "./icon/s_icon_revert.png",
        "subimages": 1,
        "xorigin": 24,
        "yorigin": 24,
        "slice": null
    },
    "save": {
        "path": "./icon/s_icon_save.png",
        "subimages": 1,
        "xorigin": 24,
        "yorigin": 24,
        "slice": null
    },
    "save_auto": {
        "path": "./icon/s_icon_save_auto.png",
        "subimages": 1,
        "xorigin": 24,
        "yorigin": 24,
        "slice": null
    },
    "window_exit": {
        "path": "./icon/s_window_exit.png",
        "subimages": 1,
        "xorigin": 16,
        "yorigin": 16,
        "slice": null
    },
    "window_minimize": {
        "path": "./icon/s_window_minimize.png",
        "subimages": 1,
        "xorigin": 16,
        "yorigin": 16,
        "slice": null
    },
    "window_maximize": {
        "path": "./icon/s_window_maximize.png",
        "subimages": 2,
        "xorigin": 16,
        "yorigin": 16,
        "slice": null
    },
    "window_fullscreen": {
        "path": "./icon/s_window_fullscreen.png",
        "subimages": 2,
        "xorigin": 16,
        "yorigin": 16,
        "slice": null
    },
    "icon_splash_show_on_start": {
        "path": "./icon/s_icon_spalsh_show_on_start_strip2.png",
        "subimages": 2,
        "xorigin": 24,
        "yorigin": 24,
        "slice": null
    },
    "icon_array_processor": {
        "path": "./icon/s_icon_array_processor.png",
        "subimages": 4,
        "xorigin": 24,
        "yorigin": 24,
        "slice": null
    },
    "tunnel": {
        "path": "./icon/s_tunnel.png",
        "subimages": 2,
        "xorigin": 24,
        "yorigin": 24,
        "slice": null
    },
    "lock": {
        "path": "./icon/s_lock.png",
        "subimages": 2,
        "xorigin": 24,
        "yorigin": 24,
        "slice": null
    },
    "node_move": {
        "path": "./icon/s_node_move.png",
        "subimages": 1,
        "xorigin": 0,
        "yorigin": 0,
        "slice": null
    },
    "splash_thumbnail": {
        "path": "./icon/s_icon_splash_thumbnail.png",
        "subimages": 2,
        "xorigin": 24,
        "yorigin": 24,
        "slice": null
    },
    "node_goto": {
        "path": "./icon/s_node_goto.png",
        "subimages": 1,
        "xorigin": 24,
        "yorigin": 24,
        "slice": null
    },
    "node_create": {
        "path": "./icon/s_node_create.png",
        "subimages": 1,
        "xorigin": 24,
        "yorigin": 24,
        "slice": null
    },
    "node_use_global": {
        "path": "./icon/s_node_use_global.png",
        "subimages": 3,
        "xorigin": 16,
        "yorigin": 16,
        "slice": null
    },
    "icon_toggle": {
        "path": "./icon/s_icon_toggle.png",
        "subimages": 1,
        "xorigin": 16,
        "yorigin": 16,
        "slice": null
    },
    "inspector_area": {
        "path": "./inspector/s_inspector_area_strip2.png",
        "subimages": 2,
        "xorigin": 72,
        "yorigin": 72,
        "slice": null
    },
    "inspector_area_type": {
        "path": "./inspector/s_prop_area_type.png",
        "subimages": 3,
        "xorigin": 16,
        "yorigin": 16,
        "slice": null
    },
    "inspector_padding": {
        "path": "./inspector/s_inspector_padding.png",
        "subimages": 1,
        "xorigin": 96,
        "yorigin": 96,
        "slice": null
    },
    "inspector_surface_halign": {
        "path": "./inspector/s_inspector_surface_halign.png",
        "subimages": 3,
        "xorigin": 24,
        "yorigin": 24,
        "slice": null
    },
    "inspector_surface_valign": {
        "path": "./inspector/s_inspector_surface_valign.png",
        "subimages": 3,
        "xorigin": 24,
        "yorigin": 24,
        "slice": null
    },
    "inspector_text_halign": {
        "path": "./inspector/s_inspector_text_halign_strip3.png",
        "subimages": 3,
        "xorigin": 24,
        "yorigin": 24,
        "slice": null
    },
    "inspector_text_valign": {
        "path": "./inspector/s_inspector_text_valign_strip3.png",
        "subimages": 3,
        "xorigin": 24,
        "yorigin": 24,
        "slice": null
    },
    "prop_gradient": {
        "path": "./inspector/s_prop_gradient_strip2.png",
        "subimages": 2,
        "xorigin": 20,
        "yorigin": 32,
        "slice": null
    },
    "prop_keyframe": {
        "path": "./inspector/s_prop_keyframe_strip3.png",
        "subimages": 3,
        "xorigin": 16,
        "yorigin": 16,
        "slice": null
    },
    "prop_on_end": {
        "path": "./inspector/s_prop_on_end.png",
        "subimages": 4,
        "xorigin": 16,
        "yorigin": 16,
        "slice": null
    },
    "prop_selecting": {
        "path": "./inspector/s_prop_selecting.png",
        "subimages": 1,
        "xorigin": 0,
        "yorigin": 0,
        "slice": {
            "enabled": true,
            "left": 11,
            "right": 11,
            "top": 11,
            "bottom": 11
        }
    },
    "rotator_bg": {
        "path": "./inspector/s_rotator_bg.png",
        "subimages": 1,
        "xorigin": 80,
        "yorigin": 80,
        "slice": null
    },
    "rotator_knob": {
        "path": "./inspector/s_rotator_knob_strip2.png",
        "subimages": 2,
        "xorigin": 20,
        "yorigin": 20,
        "slice": null
    },
    "icon_24": {
        "path": "./meta/s_icon_24.png",
        "subimages": 1,
        "xorigin": 24,
        "yorigin": 24,
        "slice": null
    },
    "icon_32": {
        "path": "./meta/s_icon_32.png",
        "subimages": 1,
        "xorigin": 32,
        "yorigin": 32,
        "slice": null
    },
    "icon_64": {
        "path": "./meta/s_icon_64.png",
        "subimages": 1,
        "xorigin": 64,
        "yorigin": 64,
        "slice": null
    },
    "node_draw_area": {
        "path": "./node/s_node_draw_area.png",
        "subimages": 1,
        "xorigin": 20,
        "yorigin": 20,
        "slice": null
    },
    "node_draw_path": {
        "path": "./node/s_node_draw_path.png",
        "subimages": 1,
        "xorigin": 20,
        "yorigin": 20,
        "slice": null
    },
    "node_junctions_array": {
        "path": "./node/s_node_junctions_array.png",
        "subimages": 17,
        "xorigin": 16,
        "yorigin": 16,
        "slice": null
    },
    "node_junctions_array_hover": {
        "path": "./node/s_node_junctions_array_hover.png",
        "subimages": 17,
        "xorigin": 16,
        "yorigin": 16,
        "slice": null
    },
    "node_junctions_single": {
        "path": "./node/s_node_junctions_single.png",
        "subimages": 17,
        "xorigin": 16,
        "yorigin": 16,
        "slice": null
    },
    "node_junctions_single_hover": {
        "path": "./node/s_node_junctions_single_hover.png",
        "subimages": 17,
        "xorigin": 16,
        "yorigin": 16,
        "slice": null
    },
    "node_new_badge": {
        "path": "./node/s_node_new_badge.png",
        "subimages": 1,
        "xorigin": 36,
        "yorigin": 18,
        "slice": null
    },
    "node_pin_bg": {
        "path": "./node/s_node_pin.png",
        "subimages": 1,
        "xorigin": 0,
        "yorigin": 0,
        "slice": {
            "enabled": true,
            "left": 15,
            "right": 15,
            "top": 15,
            "bottom": 15
        }
    },
    "node_pin_bg_active": {
        "path": "./node/s_node_pin_active.png",
        "subimages": 1,
        "xorigin": 20,
        "yorigin": 20,
        "slice": null
    },
    "node_active": {
        "path": "./node/s_node_active.png",
        "subimages": 1,
        "xorigin": 0,
        "yorigin": 0,
        "slice": {
            "enabled": true,
            "left": 7,
            "right": 7,
            "top": 7,
            "bottom": 7
        }
    },
    "node_bg": {
        "path": "./node/s_node_bg.png",
        "subimages": 1,
        "xorigin": 0,
        "yorigin": 0,
        "slice": {
            "enabled": true,
            "left": 7,
            "right": 7,
            "top": 7,
            "bottom": 7
        }
    },
    "node_bg_name": {
        "path": "./node/s_node_bg_name.png",
        "subimages": 1,
        "xorigin": 0,
        "yorigin": 0,
        "slice": {
            "enabled": true,
            "left": 7,
            "right": 7,
            "top": 7,
            "bottom": 7
        }
    },
    "node_glow": {
        "path": "./node/s_node_glow.png",
        "subimages": 1,
        "xorigin": 15,
        "yorigin": 15,
        "slice": {
            "enabled": true,
            "left": 15,
            "right": 15,
            "top": 15,
            "bottom": 15
        }
    },
    "node_frame_bg": {
        "path": "./node/s_node_frame_bg.png",
        "subimages": 1,
        "xorigin": 0,
        "yorigin": 0,
        "slice": {
            "enabled": true,
            "left": 7,
            "right": 7,
            "top": 7,
            "bottom": 7
        }
    },
    "node_frame_title": {
        "path": "./node/s_node_frame_title.png",
        "subimages": 1,
        "xorigin": 0,
        "yorigin": 0,
        "slice": {
            "enabled": true,
            "left": 7,
            "right": 7,
            "top": 7,
            "bottom": 7
        }
    },
    "node_junction_name_bg": {
        "path": "./node/s_node_junction_name_bg.png",
        "subimages": 1,
        "xorigin": 0,
        "yorigin": 0,
        "slice": {
            "enabled": true,
            "left": 15,
            "right": 15,
            "top": 15,
            "bottom": 15
        }
    },
    "node_state": {
        "path": "./node/s_node_state_strip2.png",
        "subimages": 2,
        "xorigin": 12,
        "yorigin": 12,
        "slice": null
    },
    "node_bg_pill": {
        "path": "./node/s_node_bg_pill.png",
        "subimages": 1,
        "xorigin": 0,
        "yorigin": 0,
        "slice": {
            "enabled": true,
            "left": 15,
            "right": 15,
            "top": 15,
            "bottom": 15
        }
    },
    "node_slider": {
        "path": "./node/widget/s_node_slider.png",
        "subimages": 5,
        "xorigin": 0,
        "yorigin": 0,
        "slice": {
            "enabled": true,
            "left": 4,
            "right": 4,
            "top": 4,
            "bottom": 4
        }
    },
    "node_rotator_bg": {
        "path": "./node/widget/s_node_rotator_bg.png",
        "subimages": 1,
        "xorigin": 80,
        "yorigin": 80,
        "slice": null
    },
    "node_rotator_knob": {
        "path": "./node/widget/s_node_rotator_knob_strip2.png",
        "subimages": 2,
        "xorigin": 20,
        "yorigin": 20,
        "slice": null
    },
    "node_checkbox": {
        "path": "./node/widget/s_node_checkbox_strip4.png",
        "subimages": 4,
        "xorigin": 0,
        "yorigin": 0,
        "slice": {
            "enabled": true,
            "left": 7,
            "right": 7,
            "top": 7,
            "bottom": 7
        }
    },
    "node_coor_pin": {
        "path": "./node/widget/s_node_coor_pin.png",
        "subimages": 1,
        "xorigin": 6,
        "yorigin": 6,
        "slice": null
    },
    "menu_separator": {
        "path": "./UI/s_menu_separator.png",
        "subimages": 1,
        "xorigin": 3,
        "yorigin": 3,
        "slice": {
            "enabled": true,
            "left": 0,
            "right": 0,
            "top": 0,
            "bottom": 0
        }
    },
    "menu_button": {
        "path": "./UI/s_menu_button.png",
        "subimages": 1,
        "xorigin": 0,
        "yorigin": 0,
        "slice": {
            "enabled": true,
            "left": 3,
            "right": 3,
            "top": 3,
            "bottom": 3
        }
    },
    "menu_button_mask": {
        "path": "./UI/s_menu_white.png",
        "subimages": 1,
        "xorigin": 0,
        "yorigin": 0,
        "slice": {
            "enabled": true,
            "left": 5,
            "right": 5,
            "top": 5,
            "bottom": 5
        }
    },
    "key_display": {
        "path": "./UI/s_key_display.png",
        "subimages": 1,
        "xorigin": 0,
        "yorigin": 0,
        "slice": {
            "enabled": true,
            "left": 10,
            "right": 10,
            "top": 10,
            "bottom": 10
        }
    },
    "toolbar_shadow": {
        "path": "./UI/s_toolbar_shadow.png",
        "subimages": 1,
        "xorigin": 6,
        "yorigin": 6,
        "slice": null
    },
    "ui_panel_active": {
        "path": "./UI/s_ui_panel_active.png",
        "subimages": 1,
        "xorigin": 0,
        "yorigin": 0,
        "slice": {
            "enabled": true,
            "left": 4,
            "right": 4,
            "top": 4,
            "bottom": 4
        }
    },
    "ui_panel_bg": {
        "path": "./UI/s_ui_panel_bg_strip2.png",
        "subimages": 2,
        "xorigin": 0,
        "yorigin": 0,
        "slice": {
            "enabled": true,
            "left": 4,
            "right": 4,
            "top": 4,
            "bottom": 4
        }
    },
    "ui_panel_bg_dark": {
        "path": "./UI/s_ui_panel_bg_dark.png",
        "subimages": 1,
        "xorigin": 0,
        "yorigin": 0,
        "slice": {
            "enabled": true,
            "left": 4,
            "right": 4,
            "top": 4,
            "bottom": 4
        }
    },
    "ui_scrollbar": {
        "path": "./UI/s_ui_scroll_bar.png",
        "subimages": 1,
        "xorigin": 0,
        "yorigin": 0,
        "slice": {
            "enabled": true,
            "left": 1,
            "right": 1,
            "top": 1,
            "bottom": 1
        }
    },
    "cursor_path_add": {
        "path": "./preview/s_cursor_path_add.png",
        "subimages": 1,
        "xorigin": 0,
        "yorigin": 0,
        "slice": null
    },
    "cursor_path_anchor": {
        "path": "./preview/s_cursor_path_anchor.png",
        "subimages": 1,
        "xorigin": 0,
        "yorigin": 0,
        "slice": null
    },
    "cursor_path_move": {
        "path": "./preview/s_cursor_path_move.png",
        "subimages": 1,
        "xorigin": 0,
        "yorigin": 0,
        "slice": null
    },
    "cursor_path_remove": {
        "path": "./preview/s_cursor_path_remove.png",
        "subimages": 1,
        "xorigin": 0,
        "yorigin": 0,
        "slice": null
    },
    "anchor": {
        "path": "./preview/s_anchor.png",
        "subimages": 2,
        "xorigin": 20,
        "yorigin": 20,
        "slice": null
    },
    "anchor_rotate": {
        "path": "./preview/s_anchor_rotate_strip2.png",
        "subimages": 2,
        "xorigin": 24,
        "yorigin": 24,
        "slice": null
    },
    "anchor_scale": {
        "path": "./preview/s_anchor_scale_strip2.png",
        "subimages": 2,
        "xorigin": 24,
        "yorigin": 24,
        "slice": null
    },
    "anchor_solid_hori": {
        "path": "./preview/s_anchor_solid.png",
        "subimages": 2,
        "xorigin": 32,
        "yorigin": 20,
        "slice": null
    },
    "anchor_scale_hori": {
        "path": "./preview/s_anchor_scale_hori_strip2.png",
        "subimages": 2,
        "xorigin": 24,
        "yorigin": 24,
        "slice": null
    },
    "anchor_selector": {
        "path": "./preview/anchor_selector_strip3.png",
        "subimages": 3,
        "xorigin": 18,
        "yorigin": 18,
        "slice": null
    },
    "anchor_arrow": {
        "path": "./preview/anchor_arrow.png",
        "subimages": 2,
        "xorigin": 18,
        "yorigin": 18,
        "slice": null
    },
    "preview_crosshair": {
        "path": "./preview/s_preview_crosshair.png",
        "subimages": 1,
        "xorigin": 14,
        "yorigin": 14,
        "slice": null
    },
    "timeline_ease": {
        "path": "./timeline/s_timeline_ease.png",
        "subimages": 5,
        "xorigin": 24,
        "yorigin": 24,
        "slice": null
    },
    "timeline_elastic": {
        "path": "./timeline/s_timeline_elastic.png",
        "subimages": 1,
        "xorigin": 16,
        "yorigin": 4,
        "slice": {
            "enabled": true,
            "left": 0,
            "right": 0,
            "top": 0,
            "bottom": 0
        }
    },
    "timeline_keyframe": {
        "path": "./timeline/s_timeline_keyframes.png",
        "subimages": 5,
        "xorigin": 16,
        "yorigin": 16,
        "slice": null
    },
    "timeline_keyframe_selecting": {
        "path": "./timeline/s_timeline_keyframe_selecting.png",
        "subimages": 2,
        "xorigin": 20,
        "yorigin": 20,
        "slice": null
    },
    "timeline_key_halign": {
        "path": "./inspector/s_inspector_obj_halign_strip3.png",
        "subimages": 3,
        "xorigin": 24,
        "yorigin": 24,
        "slice": null
    },
    "canvas_tools_bucket": {
        "path": "./tool/s_canvas_tools_bucket.png",
        "subimages": 1,
        "xorigin": 24,
        "yorigin": 24,
        "slice": null
    },
    "canvas_tools_ellip": {
        "path": "./tool/s_canvas_tools_ellip.png",
        "subimages": 1,
        "xorigin": 24,
        "yorigin": 24,
        "slice": null
    },
    "canvas_tools_ellip_fill": {
        "path": "./tool/s_canvas_tools_ellip_fill.png",
        "subimages": 1,
        "xorigin": 24,
        "yorigin": 24,
        "slice": null
    },
    "canvas_tools_eraser": {
        "path": "./tool/s_canvas_tools_eraser.png",
        "subimages": 1,
        "xorigin": 24,
        "yorigin": 24,
        "slice": null
    },
    "canvas_tools_pencil": {
        "path": "./tool/s_canvas_tools_pencil.png",
        "subimages": 1,
        "xorigin": 24,
        "yorigin": 24,
        "slice": null
    },
    "canvas_tools_rect": {
        "path": "./tool/s_canvas_tools_rect.png",
        "subimages": 1,
        "xorigin": 24,
        "yorigin": 24,
        "slice": null
    },
    "canvas_tools_rect_fill": {
        "path": "./tool/s_canvas_tools_rect_fill.png",
        "subimages": 1,
        "xorigin": 24,
        "yorigin": 24,
        "slice": null
    },
    "control_add": {
        "path": "./tool/s_control_add.png",
        "subimages": 1,
        "xorigin": 24,
        "yorigin": 24,
        "slice": null
    },
    "control_remove": {
        "path": "./tool/s_control_remove.png",
        "subimages": 1,
        "xorigin": 24,
        "yorigin": 24,
        "slice": null
    },
    "control_pin": {
        "path": "./tool/s_control_pin.png",
        "subimages": 1,
        "xorigin": 24,
        "yorigin": 24,
        "slice": null
    },
    "control_unpin": {
        "path": "./tool/s_control_unpin.png",
        "subimages": 1,
        "xorigin": 24,
        "yorigin": 24,
        "slice": null
    },
    "mesh_tool_edit": {
        "path": "./tool/s_mesh_edit.png",
        "subimages": 1,
        "xorigin": 24,
        "yorigin": 24,
        "slice": null
    },
    "mesh_tool_delete": {
        "path": "./tool/s_mesh_delete.png",
        "subimages": 1,
        "xorigin": 24,
        "yorigin": 24,
        "slice": null
    },
    "path_tools_add": {
        "path": "./tool/s_path_tools_add.png",
        "subimages": 1,
        "xorigin": 24,
        "yorigin": 24,
        "slice": null
    },
    "path_tools_anchor": {
        "path": "./tool/s_path_tools_anchor.png",
        "subimages": 1,
        "xorigin": 24,
        "yorigin": 24,
        "slice": null
    },
    "path_tools_circle": {
        "path": "./tool/s_path_tools_circle.png",
        "subimages": 1,
        "xorigin": 24,
        "yorigin": 24,
        "slice": null
    },
    "path_tools_rectangle": {
        "path": "./tool/s_path_tools_rectangle.png",
        "subimages": 1,
        "xorigin": 24,
        "yorigin": 24,
        "slice": null
    },
    "path_tools_draw": {
        "path": "./tool/s_path_tools_draw.png",
        "subimages": 1,
        "xorigin": 24,
        "yorigin": 24,
        "slice": null
    },
    "tools_canvas_channel": {
        "path": "./tool/s_canvas_channel.png",
        "subimages": 4,
        "xorigin": 12,
        "yorigin": 12,
        "slice": null
    },
    "splice_draw": {
        "path": "./tool/s_splice_draw.png",
        "subimages": 1,
        "xorigin": 24,
        "yorigin": 24,
        "slice": null
    },
    "button": {
        "path": "./widget/s_button_strip3.png",
        "subimages": 3,
        "xorigin": 0,
        "yorigin": 0,
        "slice": {
            "enabled": true,
            "left": 7,
            "right": 7,
            "top": 7,
            "bottom": 7
        }
    },
    "button_hide": {
        "path": "./widget/s_button_hide_strip3.png",
        "subimages": 3,
        "xorigin": 0,
        "yorigin": 0,
        "slice": {
            "enabled": true,
            "left": 7,
            "right": 7,
            "top": 7,
            "bottom": 7
        }
    },
    "button_hide_fill": {
        "path": "./widget/s_button_hide_fill_strip3.png",
        "subimages": 3,
        "xorigin": 0,
        "yorigin": 0,
        "slice": {
            "enabled": true,
            "left": 7,
            "right": 7,
            "top": 7,
            "bottom": 7
        }
    },
    "button_left": {
        "path": "./widget/s_button_left_strip3.png",
        "subimages": 3,
        "xorigin": 0,
        "yorigin": 0,
        "slice": {
            "enabled": true,
            "left": 7,
            "right": 7,
            "top": 7,
            "bottom": 7
        }
    },
    "button_lime": {
        "path": "./widget/s_button_lime_strip3.png",
        "subimages": 3,
        "xorigin": 0,
        "yorigin": 0,
        "slice": {
            "enabled": true,
            "left": 7,
            "right": 7,
            "top": 7,
            "bottom": 7
        }
    },
    "button_middle": {
        "path": "./widget/s_button_middle_strip3.png",
        "subimages": 3,
        "xorigin": 0,
        "yorigin": 0,
        "slice": {
            "enabled": true,
            "left": 7,
            "right": 7,
            "top": 7,
            "bottom": 7
        }
    },
    "button_right": {
        "path": "./widget/s_button_right_strip3.png",
        "subimages": 3,
        "xorigin": 0,
        "yorigin": 0,
        "slice": {
            "enabled": true,
            "left": 7,
            "right": 7,
            "top": 7,
            "bottom": 7
        }
    },
    "checkbox": {
        "path": "./widget/s_checkbox_strip4.png",
        "subimages": 4,
        "xorigin": 0,
        "yorigin": 0,
        "slice": {
            "enabled": true,
            "left": 7,
            "right": 7,
            "top": 7,
            "bottom": 7
        }
    },
    "slider": {
        "path": "./widget/s_slider_strip5.png",
        "subimages": 5,
        "xorigin": 0,
        "yorigin": 0,
        "slice": {
            "enabled": true,
            "left": 4,
            "right": 4,
            "top": 4,
            "bottom": 4
        }
    },
    "widget_selecting": {
        "path": "./widget/s_widget_highlight.png",
        "subimages": 1,
        "xorigin": 0,
        "yorigin": 0,
        "slice": {
            "enabled": true,
            "left": 5,
            "right": 5,
            "top": 5,
            "bottom": 5
        }
    },
    "textbox": {
        "path": "./widget/s_textbox_strip4.png",
        "subimages": 4,
        "xorigin": 0,
        "yorigin": 0,
        "slice": {
            "enabled": true,
            "left": 5,
            "right": 5,
            "top": 5,
            "bottom": 5
        }
    },
    "textbox_header": {
        "path": "./widget/s_text_box_header.png",
        "subimages": 1,
        "xorigin": 0,
        "yorigin": 0,
        "slice": {
            "enabled": true,
            "left": 5,
            "right": 5,
            "top": 5,
            "bottom": 5
        }
    },
    "textbox_code": {
        "path": "./widget/s_textbox_code_line.png",
        "subimages": 1,
        "xorigin": 0,
        "yorigin": 0,
        "slice": {
            "enabled": true,
            "left": 5,
            "right": 5,
            "top": 5,
            "bottom": 5
        }
    }
}