{
    "safe_mode":    "SAFE MODE",

    "anim_length":      "Animation length",
    "anim_frame_rate":  "Preview frame rate",
    "anim_on_end":      "On end",

    "anim_scale_title":                 "Animation scaler",
    "anim_scale_target_frame_length":   "Target frame length",
    "anim_scale_scale_factor":          "Scaling factor: ",

    "anim_interpolation":           "Interpolation curve",

    "color_selector_title":         "Color selector",
    "color_selector_open_palette":  "Open palette folder",

    "gradient_editor_delete":       "Delete gradient",
    "gradient_editor_title":        "Gradient editor",
    "gradient_editor_key_blend":    "Key blending",
    "gradient_editor_blend_RGB":    "RGB blend",
    "gradient_editor_blend_HSV":    "HSV blend",
    "gradient_editor_blend_hard":   "Hard blend",
    "graident_editor_open_folder":  "Open gradient folder",
    
    "palette_editor_delete":         "Delete palette",
    "palette_editor_title":          "Palette editor",
    "palette_editor_sort":           "Sort color",
    "palette_editor_sort_brighter":  "Brighter",
    "palette_editor_sort_darker":    "Darker",
    "palette_editor_sort_hue":       "Hue",
    "palette_editor_load":           "Load palette file",

    "add_images_title_direcory":   "Import directory",
    "add_images_title_images":     "Import multiple images",
    "add_images_recursive":        "Recursive",
    "add_images_filter":           "Filter",

    "add_node_group_enabled":   "Group enabled",
    "add_node_group_disabled":  "Group disabled",
    "add_node_show_connect":    "Showing connectable",
    "add_node_show_all":        "Showing all",
    "add_node_add_favourite":   "Add to favourite",
    "add_node_remove_favourite":"Remove from favourite",
    "add_node_create_equation": "Create equation",
    "add_node_equation_enter":  "Press Enter to create equation node.",

    "grid_title":   "Grid settings",
    "grid_snap":    "Snap to grid",
    "grid_size":    "Grid size",
    "grid_width":   "Grid width",
    "grid_height":  "Grid height",
    "grid_opacity": "Grid opacity",
    "grid_color":   "Grid color",

    "graph_visibility_title":   "Visibility settings",
    "graph_visibility_dim":     "Dimension",
    "graph_visibility_compute": "Compute time",

    "output_visibility_title":   "Outputs visibility",

    "new_file_placeholder":         "New file",

    "new_collection_placeholder":   "New collection",
    "new_collection_create":        "Create collection",
    "new_collection_meta_edit":     "Edit metadata",
    "new_collection_update":        "Update collection",

    "crashed_title":     "Restore project",
    "crashed_content":   "Restore previous project before crash?",
    "crashed_log":       "Log file",
    
    "exit_title":       "Project modified",
    "exit_content":     "Save progress before exit?",
    "exit_save":        "Save",
    "exit_no_save":     "Don't save",

    "array_edit_title":     "Image array edit",
    "array_edit_sort_name": "Sort by name",

    "noti_clear_log":      "Clear log messages",
    "noti_clear_warn":     "Clear warning messages",
    "noti_clear_all":      "Clear all notifications",
    "noti_open_log":       "Open log file",
    "noti_copy_message":   "Copy notification message",
    "noti_delete_message": "Delete notification",
    "noti_hide_error":     "Hide error",
    "noti_show_error":     "Show error",
    "noti_hide_warning":   "Hide warning",
    "noti_show_warning":   "Show warning",
    "noti_hide_log":       "Hide log",
    "noti_show_log":       "Show log",

    "pref_pages_general":    "General",
    "pref_pages_nodes":      "Node settings",
    "pref_pages_appearance": "Appearances",
    "pref_reset_colors":     "Reset colors",

    "pref_show_welcome_screen":         "Show welcome screen",
    "pref_gui_scaling":                 "GUI scaling",
    "pref_double_click_delay":          "Double click delay",
    "pref_keyboard_hold_start":         "Keyboard hold start",
    "pref_keyboard_repeat_delay":       "Keyboard repeat delay",
    "pref_ui_frame_rate":               "UI frame rate",
    "pref_default_surface_size":        "Default surface size",
    "pref_show_node_render_time":       "Show node render time",
    "pref_show_node_render_status":     "Show node render status",
    "pref_collection_preview_speed":    "Collection preview speed",
    "pref_inspector_line_break_width":  "Inspector line break width",
    "pref_expand_hovering_panel":       "Expand hovering panel",
    "pref_graph_zoom_smoothing":        "Graph zoom smoothing",
    "pref_warning_notification_time":   "Warning notification time",
    "pref_enable_test_mode":            "Enable dev mode (require restart)",
    "pref_directory":                   "Directory path (restart required)",
    "pref_auto_save_time":              "Autosave delay (-1 to disable)",
    "pref_mouse_wheel_speed":           "Scroll speed",
    "pref_save_file_minify":            "Minify save file",
    "pref_legacy_exception":            "Use legacy exception handler",
    "pref_crash_dialog":                "Show dialog after crash",
    "pref_interface_language":          "Interface Language (restart required)",
    "pref_connection_aa":               "Connection anti aliasing",
    "pref_connection_anim":             "Connection line animation",
    "pref_windows_control":             "Use Windows style window control.",

    "pref_max_particles":           "Max particles",
    "pref_max_shapes":              "Max shapes",
    "pref_histogram_resolution":    "Histogram resolution",
    "pref_maximum_sampling":        "Maximum sampling",
    "pref_verlet_iteration":        "Verlet iteration",
    "pref_gravity":                 "Gravity",

    "pref_reset_color":                 "Reset colors",
    "pref_connection_thickness":        "Connection thickness",
    "pref_connection_curve_smoothness": "Connection curve smoothness",

    "panel_pop_out":            "Pop out",
    "panel_menu_addons_key":    "Key displayer",
    "panel_menu_center_preview":            "Center preview",
    "panel_menu_save_current_preview_as":   "Save current preview as",
    "panel_menu_preview_background":        "Preview background",
    "panel_menu_show_grid":         "Show Grid",
    "panel_menu_grid_setting":      "Grid setting",
    "panel_menu_animation_setting": "Animation setting",
    "panel_menu_animation_scaler":  "Animation scaler",
    "panel_menu_render_all_nodes":  "Render all nodes",
    "panel_menu_execute_exports":   "Execute all export nodes",
    "panel_menu_test_load_all":     "Load all current collections",
    "panel_menu_test_update_all":   "Update all current collections",
    "panel_menu_test_add_meta":     "Add metadata to current collections",
    "panel_menu_test_update_sam":   "Update sample projects",
    "panel_menu_test_gen_guide":    "Generate node guide",
    "panel_menu_test_crash":        "Force crash",
    "panel_menu_test_load_nodes":   "Load all nodes",
    "panel_menu_newer":             "Newer version available",
    "panel_menu_help_video":        "Tutorial videos",
    "panel_menu_help_wiki":         "Community Wiki",
    "panel_menu_local_directory":   "Open local directory",
    "panel_menu_autosave_directory":"Open autosave directory",
    "panel_menu_reset_default":     "Reset default collection, assets",
    "panel_menu_itch":              "itch.io page",
    "panel_menu_steam":             "Steam page",
    "panel_menu_auto_save_folder":  "Open autosave folder",
    "panel_menu_save_layout":       "Save layout",

    "panel_globalvar":	    "Global Variables",
    "panel_export_graph":   "Export Graph",
    "panel_debug_console":  "Debug Console",

    "panel_graph_center_to_nodes":          "Center to nodes",
    "panel_graph_minimap_enabled":          "Minimap enabled",
    "panel_graph_minimap_disabled":         "Minimap disabled",
    "panel_graph_straight_connection_line": "Straight connection line",
    "panel_graph_curve_connection_line":    "Curve connection line",
    "panel_graph_elbow_connection_line":    "Elbow connection line",
    "panel_graph_send_to_preview":          "Send to preview",
    "panel_graph_send_to_export":           "Send to export",
    "panel_graph_toggle_preview":           "Toggle node preview",
    "panel_graph_toggle_render":            "Toggle node render",
    "panel_graph_enter_group":              "Enter group",
    "panel_graph_preview_window":           "Send to preview window",
    "panel_graph_delete_and_merge_connection":  "Delete and merge connection",
    "panel_graph_delete_and_cut_connection":    "Delete and cut connection",
    "panel_graph_add_transform":        "Add transform",
    "panel_graph_canvas":               "Canvas",
    "panel_graph_copy_to_canvas":       "Copy to canvas",
    "panel_graph_overlay_canvas":       "Overlay canvas",
    "panel_graph_blend_nodes":          "Blend nodes",
    "panel_graph_compose_nodes":        "Compose nodes",
    "panel_graph_array_from_nodes":     "Array from nodes",
    "panel_graph_group_nodes":          "Group nodes",
    "panel_graph_frame_nodes":          "Frame nodes",
    "panel_graph_ungroup":              "Ungroup",
    "panel_graph_rendering":            "Rendering",
    "panel_graph_rendering_partial":    "Rendering partial",
    "panel_graph_export_image":         "Export graph as image",
    "panel_graph_connection_line":      "Connection render settings",
    "panel_graph_inspector_panel":      "Send to new inspector",

    "panel_preview_center_canvas_on_preview":   "Center canvas on preview",
    "panel_preview_keep_canvas_on_preview":     "Keep canvas on preview",
    "panel_preview_split_view":                 "Split view",
    "panel_preview_split_view_off":             "Split view off",
    "panel_preview_horizontal_split_view":      "Horizontal split view",
    "panel_preview_vertical_split_view":        "Vertical split view",
    "panel_preview_tile_mode":          "Tile mode",
    "panel_preview_tile_off":           "Tile off",
    "panel_preview_tile_horizontal":    "Tile horizontal",
    "panel_preview_tile_vertical":      "Tile vertical",
    "panel_preview_tile_both":          "Tile both",
    "panel_preview_center_canvas":      "Center canvas",
    "panel_preview_export_canvas":      "Export canvas",
    "panel_preview_save":               "Save current preview as",
    "panel_preview_save_all":           "Save all current previews as",
    "panel_preview_copy_image":         "Copy image",
    "panel_preview_copy_color":         "Copy color",
    "panel_preview_copy_hex":           "Copy hex",

    "panel_animation_ease_in":          "Ease in",
    "panel_animation_ease_out":         "Ease out",
    "panel_animation_ease_linear":      "Linear",
    "panel_animation_ease_smooth":      "Smooth",
    "panel_animation_ease_overshoot":   "Overshoot",
    "panel_animation_ease_sharp":       "Sharp",
    "panel_animation_ease_hold":        "Hold",
    "panel_animation_stagger":          "Stagger",
    "panel_animation_goto":             "Go to node",
    "panel_animation_show_graph":       "Show graph",
    "panel_animation_looping_mode":     "Looping mode",
    "panel_animation_length":           "Animation length",
    "panel_animation_stretch":          "Stretch animation",
    "panel_animation_adjust_length":    "Adjust animation length",
    "panel_animation_go_to_first_frame":    "Go to first frame",
    "panel_animation_go_to_last_frame":     "Go to last frame",
    "panel_animation_previous_frame":       "Previous frame",
    "panel_animation_next_frame":           "Next frame",
    "panel_animation_animation_settings":   "Animation settings",
    "panel_animation_scale_animation":      "Scale animation",
    "panel_animation_hide_node":            "Hide node outside context",
    "panel_animation_show_node":            "Show node outside context",
    "panel_animation_name_full":            "Show full name",
    "panel_animation_keyframe_override":    "Override Keyframe",
 
    "panel_collection_replace":     "Replace with selected",
    "panel_collection_edit_meta":   "Edit metadata",
    "panel_collection_add_node":    "Add selecting node as collection",
    "panel_collection_add_folder":  "Add folder",
    "panel_collection_open_file":   "Open in file explorer",
    "panel_collection_you_created": "You created this item",

    "panel_inspector_toggle_anim":      "Toggle animation",
    "panel_inspector_remove_link":      "Remove link",
    "panel_inspector_remove_key":       "Remove keyframe",
    "panel_inspector_add_key":          "Add keyframe",
    "panel_inspector_file_not_exist":   "File not exist",
    "panel_inspector_reset":            "Reset value",
    "panel_inspector_remove":           "Remove animation",
    "panel_inspector_add":              "Add animation",
    "panel_inspector_extract":          "Extract...",
    "panel_inspector_out_visible":      "Outputs visibility",
    "panel_inspector_execute":          "Execute node",
    "panel_inspector_cache_desp":       "This node cache output for performance.\nClick to clear all cached frames in this node.",
    "panel_inspector_set_default":      "Set Metadata as default",
    "panel_inspector_workshop_save":    "Save file before upload",
    "panel_inspector_workshop_upload":  "Upload to Steam Workshop",
    "panel_inspector_workshop_update":  "Update Steam Workshop",
    "panel_inspector_use_expression":   "Use expression",

    "panel_addon_not_activated" :       "Not activated",
    "panel_addon_activated":            "Activated",
    "panel_addon_run_on_start":         "Run on start",

    "more_actions":   " more actions...",

    "dialog_migration_title":       "Program directory changed in 1.13",
    "dialog_migration_content":     "This means all custom collections, assets, palettes, gradients, fonts, presets have to be move manually.",
    "migrate_files":                "Migrate files",
    "migrate_open_directory":       "Open directory",

    "palette_change_preview_size":  "Change preview size",

    "graph_export_scale":            "Scale",
    "graph_export_padding":          "Padding",
    "graph_export_solid_background": "Solid Background",
    "graph_export_background_color": "Background Color",
    "graph_export_render_grid":      "Render Grid",
    "graph_export_grid_color":       "Grid Color",
    "graph_export_grid_opacity":     "Grid Opacity",
    "graph_export_border":           "Border",
    "graph_export_border_color":     "Border Color",
    "graph_export_border_opacity":   "Border Opacity",

    "panel_node_goto":              "Go to node",
    "panel_tunnel_create_tunnel":   "Create tunnel",
    "panel_tunnel_no_key":          "No key",

    "panel_globalvar_add":       "Add variable",

    "widget_area_center_Span":   "Center + Span",
    "widget_area_padding":       "Padding",
    "widget_area_two_points":    "Two points",
    "widget_area_fill_surface":  "Full surface",
    "widget_font_open_folder":   "Open font folder",

    "dialog_revert_and_exit":    "Revert and exit",

    "dialog_connection_title":     "Connection settings",
    "dialog_connection_thickness": "Line thickness",
    "dialog_connection_radius":    "Corner radius",

    "dialog_group_order_title":    "Input order",
    "dialog_group_order_add":      "Add separator",

    "dialog_exit_title":           "Project modified",
    "dialog_exit_content":         "Save progress before close?",

    "contest_open_discord":        "Open in Discord",

    "splash_clear_recent":         "Clear recent files",
    "splash_hide_thumbnail":       "Hide thumbnail",
    "splash_show_thumbnail":       "Show thumbnail",
    "splash_open_autosave":        "Open autosave folder",

    "workshop_open":               "Open Steam Workshop",
    
    "workspace_replace_current":   "Replace with current",

    "close_all_projects": "Close all projects",
    "close_current_file": "Close current file",
    "graph_connection_settings": "Connection Settings",
    "graph_export_nodes": "Nodes",
    "graph_grid_settings": "Grid Settings",
    "graph_view_settings": "View Settings",
    "graph_visibility_avoid_label": "Avoid Label",
    "graph_visibility_preview_scale": "Preview Scale",
    "onion_skin_frame_step": "Frame step",
    "onion_skin_post_color": "Post Color",
    "onion_skin_pre_color": "Pre Color",
    "onion_skin_top": "Draw on top",
    "panel_animation_lock_y": "Lock/Unlock Y easing",
    "panel_inspector_pop_text": "Pop up Editor",
    "panel_debug_overlay": "Debug overlay",
    "panel_menu_export_render_all": "Render disabled node when export",
    "panel_menu_steam_workshop": "Steam Workshop",
    "panel_menu_tester": "Tester",
    "pref_connection_highlight_fade": "Fade connection",
    "pref_connection_highlight": "Highlight connection",
    "pref_connection_quality": "Render quality",
    "preview_3d_settings": "3D Preview Settings",
    "preview_grid_settings": "Grid Settings",
    "preview_onion_skin_settings": "Onion skin Settings",
    "project_graphGrid_color": "Grid color",
    "project_graphGrid_opacity": "Grid opacity",
    "project_settings": "Project Settings",

    "" : ""
}