{
    "2d_operations": "2D operations",
    "3d_generates": "3D generates",
    "3d_object": "3D object",
    "3d_operations": "3D operations",
    "3d_vertex": "3D vertex",
    "3d": "3D",
    "accept": "Accept",
    "actions": "Actions",
    "active": "Active",
    "add_preset": "Add to preset",
    "add": "Add",
    "addons": "Addons",
    "alias": "Alias",
    "align": "Align",
    "all": "All",
    "animation": "Animation",
    "animations": "Animations",
    "apply": "Apply",
    "arrays": "Arrays",
    "art_by": "Art by",
    "assets": "Assets",
    "atlas": "Atlas",
    "audio": "Audio",
    "author": "Author",
    "blurs": "Blurs",
    "boolean": "Boolean",
    "by": "By ",
    "cache": "Cache",
    "cancel": "Cancel",
    "close_program": "Close program",
    "close": "Close",
    "collapse_all": "Collapse all",
    "collections": "Collections",
    "color": "Color",
    "colors": "Colors",
    "combines": "Combines",
    "compose": "Compose",
    "composes": "Composes",
    "contact_info": "Contact info",
    "contests": "Contests",
    "control": "Control",
    "conversions": "Conversions",
    "copy": "Copy",
    "curve_object": "Curve object",
    "debug": "Debug",
    "delete": "Delete",
    "description": "Description",
    "dev": "Dev",
    "distribute": "Distribute",
    "dont_save": "Don't save",
    "drawer": "Drawer",
    "duplicate": "Duplicate",
    "edit": "Edit",
    "effects": "Effects",
    "enabled": "Enabled",
    "errors": "Errors",
    "expand_all": "Expand all",
    "export": "Export",
    "false": "False",
    "favourites": "Favourites",
    "feedback": "Feedback",
    "file": "File",
    "files": "Files",
    "filter": "Filter",
    "fixes": "Fixes",
    "fluid_odmain": "Fluid domain",
    "fluidsim": "FluidSim",
    "fps": "fps",
    "frame": "Frame",
    "fullscreen": "Fullscreen",
    "generate": "Generate",
    "getting_started": "Getting started",
    "global": "Global",
    "gradient": "Gradient",
    "gradients": "Gradients",
    "graph": "Graph",
    "grid": "Grid",
    "group": "Group",
    "groups": "Groups",
    "help": "Help",
    "hidden": "Hidden",
    "history": "History",
    "horizontal": "Horizontal",
    "hotkeys": "Hotkeys",
    "ignore": "Ignore",
    "images": "Images",
    "import": "Import",
    "inspect": "Inspect",
    "inspector": "Inspector",
    "interface": "Interface",
    "io": "IO",
    "link_values": "Link values",
    "lock": "Lock",
    "loop": "Loop",
    "lua": "Lua",
    "max": "Max",
    "menu": "Menu",
    "mesh_object": "Mesh object",
    "mesh": "Mesh",
    "metadata": "Metadata",
    "min": "Min",
    "mode": "Mode",
    "move": "Move",
    "name": "Name",
    "network": "Network",
    "new": "New",
    "node": "Node",
    "nodes": "Nodes",
    "noises": "Noises",
    "notifications": "Notifications",
    "numbers": "Numbers",
    "object": "Object",
    "open": "Open",
    "organize": "Organize",
    "others": "Others",
    "outputs": "Outputs",
    "palettes": "Palettes",
    "panels": "Panels",
    "particle_object": "Particle object",
    "paste": "Paste",
    "path_object": "Path object",
    "paths": "Paths",
    "patterns": "Patterns",
    "pause": "Pause",
    "pin": "Pin",
    "play": "Play",
    "populate": "Populate",
    "position": "Position",
    "preferences": "Preferences",
    "preset_new": "New preset",
    "presets": "Presets",
    "preview": "Preview",
    "raw_data": "Raw data",
    "recent_files": "Recent files",
    "recents": "Recents",
    "reconnect": "Reconnect",
    "recursive": "Recursive",
    "redo": "Redo",
    "refresh_server": "Refresh server",
    "refresh": "Refresh",
    "remove": "Remove",
    "rendering": "Rendering",
    "reset_all": "Reset all",
    "reset_view": "Reset view",
    "reset": "Reset",
    "restore": "Restore",
    "rigidbody_object": "Rigidbody object",
    "rigidsim": "RigidSim",
    "sample_projects": "Sample projects",
    "save_as": "Save as",
    "save": "Save",
    "select": "Select",
    "set_to_center": "Set to center",
    "show_on_startup": "Show on startup",
    "simulation": "Simulation",
    "splash_screen": "Splash screen",
    "stop": "Stop",
    "strand_object": "Strand object",
    "strandsim": "StrandSim",
    "struct": "Struct",
    "submissions": "Submissions",
    "tags": "Tags",
    "test": "Test",
    "texts": "Texts",
    "theme": "Theme",
    "transform": "Transform",
    "transformations": "Transformations",
    "trigger": "Trigger",
    "true": "True",
    "tunnels": "Tunnels",
    "type": "Type",
    "undo": "Undo",
    "ungroup": "Ungroup",
    "unlink_values": "Unlink values",
    "unpin": "Unpin",
    "unsubscribe": "Unsubscribe",
    "values": "Values",
    "vertical": "Vertical",
    "vfx": "VFX",
    "view_grid": "Grid view",
    "view_list": "List view",
    "visibility": "Visibility",
    "warning": "Warning",
    "warnings": "Warnings",
    "warps": "Warps",
    "workspace": "Workspace",
    "zoom_in": "Zoom in",
    "zoom_out": "Zoom out",
    "zoom_to_fit": "Zoom to fit",
    "zoom": "Zoom",

    "action": "Action",
    "armature": "Armature",
    "buffer": "Buffer",
    "custom": "Custom",
    "default_surface": "Default Surface",
    "format_": "Format ",
    "independent": "Independent",
    "legacy": "Legacy",
    "light": "Light",
    "linked": "Linked",
    "misc.": "Misc.",
    "misc": "Misc",
    "onion_skin": "Onion skin",
    "opacity": "Opacity",
    "output": "Output",
    "palette": "Palette",
    "region": "Region",
    "render": "Render",
    "save_all": "Save all",
    "settings": "Settings",
    "shader": "Shader",
    "shape": "Shape",
    "surface": "Surface",
    "system": "System",

    "" : ""
}