{
    "2d_operations":                          "2D operations",
    "3d_generates":                           "3D generates",
    "3d_object":                              "3D object",
    "3d_operations":                          "3D operations",
    "3d_vertex":                              "3D vertex",
    "3d":                                     "3D",
    "accept":                                 "Accept",
    "actions":                                "Actions",
    "active":                                 "Active",
    "add_preset":                             "Add to preset",
    "add":                                    "Add",
    "addons":                                 "Addons",
    "alias":                                  "Alias",
    "align":                                  "Align",
    "all":                                    "All",
    "animation":                              "Animation",
    "animations":                             "Animations",
    "apply":                                  "Apply",
    "arrays":                                 "Arrays",
    "art_by":                                 "Art by",
    "assets":                                 "Assets",
    "atlas":                                  "Atlas",
    "audio":                                  "Audio",
    "author":                                 "Author",
    "blurs":                                  "Blurs",
    "boolean":                                "Boolean",
    "by":                                     "By ",
    "cache":                                  "Cache",
    "cancel":                                 "Cancel",
    "close_program":                          "Close program",
    "close":                                  "Close",
    "collapse_all":                           "Collapse all",
    "collections":                            "Collections",
    "color":                                  "Color",
    "colors":                                 "Colors",
    "combines":                               "Combines",
    "compose":                                "Compose",
    "composes":                               "Composes",
    "contact_info":                           "Contact info",
    "contests":                               "Contests",
    "control":                                "Control",
    "conversions":                            "Conversions",
    "copy":                                   "Copy",
    "curve_object":                           "Curve object",
    "debug":                                  "Debug",
    "delete":                                 "Delete",
    "description":                            "Description",
    "dev":                                    "Dev",
    "distribute":                             "Distribute",
    "dont_save":                              "Don't save",
    "drawer":                                 "Drawer",
    "duplicate":                              "Duplicate",
    "edit":                                   "Edit",
    "effects":                                "Effects",
    "enabled":                                "Enabled",
    "errors":                                 "Errors",
    "expand_all":                             "Expand all",
    "export":                                 "Export",
    "false":                                  "False",
    "favourites":                             "Favourites",
    "feedback":                               "Feedback",
    "file":                                   "File",
    "files":                                  "Files",
    "filter":                                 "Filter",
    "fixes":                                  "Fixes",
    "fluid_odmain":                           "Fluid domain",
    "fluidsim":                               "FluidSim",
    "fps":                                    "fps",
    "frame":                                  "Frame",
    "fullscreen":                             "Fullscreen",
    "generate":                               "Generate",
    "getting_started":                        "Getting started",
    "global":                                 "Global",
    "gradient":                               "Gradient",
    "gradients":                              "Gradients",
    "graph":                                  "Graph",
    "grid":                                   "Grid",
    "group":                                  "Group",
    "groups":                                 "Groups",
    "help":                                   "Help",
    "hidden":                                 "Hidden",
    "history":                                "History",
    "horizontal":                             "Horizontal",
    "hotkeys":                                "Hotkeys",
    "ignore":                                 "Ignore",
    "images":                                 "Images",
    "import":                                 "Import",
    "inspect":                                "Inspect",
    "inspector":                              "Inspector",
    "interface":                              "Interface",
    "io":                                     "IO",
    "link_values":                            "Link values",
    "lock":                                   "Lock",
    "loop":                                   "Loop",
    "lua":                                    "Lua",
    "max":                                    "Max",
    "menu":                                   "Menu",
    "mesh_object":                            "Mesh object",
    "mesh":                                   "Mesh",
    "metadata":                               "Metadata",
    "min":                                    "Min",
    "mode":                                   "Mode",
    "move":                                   "Move",
    "name":                                   "Name",
    "network":                                "Network",
    "new":                                    "New",
    "node":                                   "Node",
    "nodes":                                  "Nodes",
    "noises":                                 "Noises",
    "notifications":                          "Notifications",
    "numbers":                                "Numbers",
    "object":                                 "Object",
    "open":                                   "Open",
    "organize":                               "Organize",
    "others":                                 "Others",
    "outputs":                                "Outputs",
    "palettes":                               "Palettes",
    "panels":                                 "Panels",
    "particle_object":                        "Particle object",
    "paste":                                  "Paste",
    "path_object":                            "Path object",
    "paths":                                  "Paths",
    "patterns":                               "Patterns",
    "pause":                                  "Pause",
    "pin":                                    "Pin",
    "play":                                   "Play",
    "populate":                               "Populate",
    "position":                               "Position",
    "preferences":                            "Preferences",
    "preset_new":                             "New preset",
    "presets":                                "Presets",
    "preview":                                "Preview",
    "raw_data":                               "Raw data",
    "recent_files":                           "Recent files",
    "recents":                                "Recents",
    "reconnect":                              "Reconnect",
    "recursive":                              "Recursive",
    "redo":                                   "Redo",
    "refresh_server":                         "Refresh server",
    "refresh":                                "Refresh",
    "remove":                                 "Remove",
    "rendering":                              "Rendering",
    "reset_all":                              "Reset all",
    "reset_view":                             "Reset view",
    "reset":                                  "Reset",
    "restore":                                "Restore",
    "rigidbody_object":                       "Rigidbody object",
    "rigidsim":                               "RigidSim",
    "sample_projects":                        "Sample projects",
    "save_as":                                "Save as",
    "save":                                   "Save",
    "select":                                 "Select",
    "set_to_center":                          "Set to center",
    "show_on_startup":                        "Show on startup",
    "simulation":                             "Simulation",
    "splash_screen":                          "Splash screen",
    "stop":                                   "Stop",
    "strand_object":                          "Strand object",
    "strandsim":                              "StrandSim",
    "struct":                                 "Struct",
    "submissions":                            "Submissions",
    "tags":                                   "Tags",
    "test":                                   "Test",
    "texts":                                  "Texts",
    "theme":                                  "Theme",
    "transform":                              "Transform",
    "transformations":                        "Transformations",
    "trigger":                                "Trigger",
    "true":                                   "True",
    "tunnels":                                "Tunnels",
    "type":                                   "Type",
    "undo":                                   "Undo",
    "ungroup":                                "Ungroup",
    "unlink_values":                          "Unlink values",
    "unpin":                                  "Unpin",
    "unsubscribe":                            "Unsubscribe",
    "values":                                 "Values",
    "vertical":                               "Vertical",
    "vfx":                                    "VFX",
    "view_grid":                              "Grid view",
    "view_list":                              "List view",
    "visibility":                             "Visibility",
    "warning":                                "Warning",
    "warnings":                               "Warnings",
    "warps":                                  "Warps",
    "workspace":                              "Workspace",
    "zoom_in":                                "Zoom in",
    "zoom_out":                               "Zoom out",
    "zoom_to_fit":                            "Zoom to fit",
    "zoom":                                   "Zoom",

    "action":                                 "Action",
    "armature":                               "Armature",
    "buffer":                                 "Buffer",
    "curve":                                  "Curve",
    "custom":                                 "Custom",
    "default_surface":                        "Default Surface",
    "euler":                                  "Euler",
    "format_":                                "Format ",
    "independent":                            "Independent",
    "legacy":                                 "Legacy",
    "light":                                  "Light",
    "linked":                                 "Linked",
    "misc.":                                  "Misc.",
    "misc":                                   "Misc",
    "number":                                 "Number",
    "onion_skin":                             "Onion skin",
    "opacity":                                "Opacity",
    "output":                                 "Output",
    "palette":                                "Palette",
    "path":                                   "Path",
    "quaternion":                             "Quaternion",
    "radius":                                 "radius",
    "region":                                 "Region",
    "render":                                 "Render",
    "save_all":                               "Save all",
    "scale":                                  "Scale",
    "settings":                               "Settings",
    "shader":                                 "Shader",
    "shape":                                  "Shape",
    "surface":                                "Surface",
    "system":                                 "System",
    "text":                                   "Text",
    "3d_camera":                              "3D Camera",
    "add_bones":                              "Add bones",
    "add_node":                               "Add node",
    "add_number":                             "Add number",
    "add_vector2":                            "Add vector2",
    "add_vector3":                            "Add vector3",
    "add_vector4":                            "Add vector4",
    "adjust_control_point":                   "Adjust control point",
    "anchor_add_/_remove":                    "Anchor add / remove",
    "anchor_remove":                          "Anchor remove",
    "array":                                  "Array",
    "assetbox":                               "Assetbox",
    "bg":                                     "Bg",
    "blend":                                  "Blend",
    "canvas_blend":                           "Canvas blend",
    "canvas":                                 "Canvas",
    "circle_path":                            "Circle path",
    "close_file":                             "Close file",
    "collection":                             "Collection",
    "color_picker":                           "Color picker",
    "comb":                                   "Comb",
    "copy_property":                          "Copy property",
    "delete_(break)":                         "Delete (break)",
    "delete_(merge)":                         "Delete (merge)",
    "delete_keys":                            "Delete keys",
    "detach_bones":                           "Detach bones",
    "dialog":                                 "Dialog",
    "draw_path":                              "Draw path",
    "edit_control_point":                     "Edit control point",
    "ellipse":                                "Ellipse",
    "eraser":                                 "Eraser",
    "fill":                                   "Fill",
    "first_frame":                            "First frame",
    "focus_content":                          "Focus content",
    "full_panel":                             "Full panel",
    "grab":                                   "Grab",
    "ik":                                     "IK",
    "import_image_array":                     "Import image array",
    "import_image":                           "Import image",
    "last_frame":                             "Last frame",
    "main":                                   "Main",
    "mesh_edit":                              "Mesh edit",
    "mesh_warp":                              "Mesh Warp",
    "move_target":                            "Move Target",
    "new_file":                               "New file",
    "next_frame":                             "Next frame",
    "open_notification":                      "Open notification",
    "pan":                                    "Pan",
    "panel":                                  "Panel",
    "paste_property":                         "Paste property",
    "path_anchor":                            "Path Anchor",
    "pencil":                                 "Pencil",
    "pin_mesh":                               "Pin mesh",
    "play/pause":                             "Play/Pause",
    "preview_focusing_node":                  "Preview focusing node",
    "preview_window":                         "Preview window",
    "previous_frame":                         "Previous frame",
    "push":                                   "Push",
    "rectangle_path":                         "Rectangle path",
    "rectangle":                              "Rectangle",
    "remove_bones":                           "Remove bones",
    "render_all":                             "Render all",
    "resume/pause":                           "Resume/Pause",
    "rigid_object":                           "Rigid Object",
    "rotate":                                 "Rotate",
    "rotation":                               "Rotation",
    "save_all_current_frame":                 "Save all current frame",
    "save_current_frame":                     "Save current frame",
    "scrollbar":                              "Scrollbar",
    "select_all":                             "Select all",
    "selection":                              "Selection",
    "shorten":                                "Shorten",
    "strand_create":                          "Strand Create",
    "stretch":                                "Stretch",
    "surfaces":                               "Surfaces",
    "toggle_animation":                       "Toggle animation",
    "toggle_grid":                            "Toggle grid",
    "toggle_preview":                         "Toggle preview",
    "toggle_render":                          "Toggle render",
    "transform_node":                         "Transform node",
    "widget":                                 "Widget",
    "workshop":                               "Workshop",
    "rename":                                 "Rename",
    "inputs":                                 "Inputs",
    "save/load":                              "Save/Load",
    "crash":                                  "Crash",
    "splash":                                 "Splash",
    "quality":                                "Quality",
    "display":                                "Display",
    "data":                                   "Data",
    "layers":                                 "Layers",
    "brush":                                  "Brush",
    "sprite":                                 "Sprite",
    "spawn":                                  "Spawn",
    "movement":                               "Movement",
    "physics":                                "Physics",
    "ground":                                 "Ground",
    "wiggles":                                "Wiggles",
    "sdf":                                    "SDF",
    "level":                                  "Level",
    "channel":                                "Channel",
    "solid":                                  "Solid",
    "noise":                                  "Noise",
    "pattern":                                "Pattern",
    "related":                                "Related",
    "uncategorized":                          "uncategorized",
    "libraries":                              "Libraries",
    "extra":                                  "Extra",
    "modify":                                 "Modify",
    "points":                                 "Points",
    "text_area":                              "Text Area",
    "safe_mode":                              "SAFE MODE",
    "read_only":                              "READ ONLY",
    "untitled":                               "Untitled",
    "supporter":                              "Supporter",
    "supporter_exclusive":                    "Supporter exclusive",
    "external":                               "External",
    "mk_effects":                             "MK Effects",
    "flip_fluid":                             "FLIP Fluid",
    "projects":                               "Projects",
    "project":                                "Project",
    "portable_project_(.zip)":                "Portable project (.zip)",
    "brightness":                             "Brightness",
    "alpha":                                  "Alpha",
    "material":                               "Material",
    "packing":                                "Packing",
    "resume":                                 "Resume", 
    
    // 1.16
    "histogram":                              "Histogram",
    "background":                             "Background",
    "search":                                 "Search",
    "welcome_files":                          "Welcome Files",
    "palette_mixer":                          "Palette Mixer",
    "file_explorer":                          "File Explorer",
    "show_avatar":                            "Show Avatar",
    "open_in_explorer":                       "Open in explorer",
    "downloads":                              "Downloads",
    "label":                                  "Label",
    "list":                                   "List",
    "view_mode":                              "View mode",
    "palettes_mixer":                         "Palettes Mixer",
    "release_note":                           "Release note",
    
    //1.17.10
    "3d_back_view":                           "3D Back view",
    "3d_bottom_view":                         "3D Bottom view",
    "3d_front_view":                          "3D Front view",
    "3d_left_view_":                          "3D Left view ",
    "3d_right_view_":                         "3D Right view ",
    "3d_sdf_view_settings":                   "3D SDF View Settings",
    "3d_snap_settings":                       "3D Snap Settings",
    "3d_top_view":                            "3D Top view",
    "3d_view_settings":                       "3D View Settings",
    "add_display":                            "Add Display",
    "addons_menu":                            "Addons Menu",
    "animate":                                "Animate",
    "append":                                 "Append",
    "auto_align":                             "Auto Align",
    "blend_canvas":                           "Blend Canvas",
    "both":                                   "Both", 
    "center_view":                            "Center view", 
    "clear_all_notifications":                "Clear all notifications",
    "clear_log_messages":                     "Clear log messages",
    "clear_warning_messages":                 "Clear warning messages",
    "close_all_files":                        "Close all files",
    "close_project":                          "Close project",
    "collapse_all_sections":                  "Collapse All Sections",
    "combine_axis":                           "Combine Axis",
    "command_palette":                        "Command Palette",
    "connection_settings":                    "Connection Settings",
    "console":                                "Console",
    "copy_color_hex":                         "Copy Color Hex",
    "copy_color":                             "Copy Color",
    "copy_current_frame":                     "Copy Current Frame",
    "copy_to_canvas":                         "Copy to Canvas",
    "copy_value":                             "Copy Value",
    "create_tunnel":                          "Create Tunnel",
    "delete_collection":                      "Delete Collection",
    "disable_expression":                     "Disable Expression",
    "dopesheet_collapse":                     "Dopesheet Collapse",
    "dopesheet_expand":                       "Dopesheet Expand",
    "driver":                                 "Driver",
    "edit_keyframe_value":                    "Edit Keyframe Value",
    "edit_meta":                              "Edit Meta",
    "enter_group":                            "Enter Group",
    "expand_all_sections":                    "Expand All Sections",
    "export_.zip":                            "Export .zip",
    "export_all":                             "Export all",
    "export_as_image":                        "Export As Image",
    "export_hovering_node":                   "Export Hovering Node",
    "export_selected_node":                   "Export Selected Node",
    "extract_value":                          "Extract Value",
    "globalvar":                              "Globalvar",
    "grid_settings":                          "Grid Settings",
    "hide_disconnected":                      "Hide Disconnected",
    "import_.zip":                            "Import .zip",
    "keep_view":                              "Keep view", 
    "lock_keyframe_y":                        "Lock Keyframe Y",
    "new_preview_window":                     "New Preview Window",
    "off":                                    "Off", 
    "onion_skin_settings":                    "Onion Skin Settings",
    "open_at":                                "Open at",
    "open_autosave_folder":                   "Open Autosave Folder",
    "open_group_in_new_tab":                  "Open Group In New Tab",
    "open_log_file":                          "Open log file",
    "open_safe":                              "Open Safe",
    "panel_preview_on_preview":               "On preview", 
    "paste_value":                            "Paste Value",
    "remove_group":                           "Remove Group",
    "rename_group":                           "Rename Group",
    "replace":                                "Replace",
    "reset_animation":                        "Reset Animation",
    "reset_range":                            "Reset Range",
    "reset_to_default":                       "Reset To Default",
    "save_all_current_frames":                "Save All Current Frames",
    "save_at":                                "Save at",
    "save_to_focused_file":                   "Save to focused file",
    "scale_x1":                               "Scale x1",
    "scale_x2":                               "Scale x2",
    "scale_x4":                               "Scale x4",
    "scale_x8":                               "Scale x8",
    "scaler":                                 "Scaler",
    "send_to_inspector":                      "Send To Inspector",
    "send_to_preview_window":                 "Send To Preview Window",
    "send_to_preview":                        "Send To Preview",
    "separate_axis":                          "Separate Axis",
    "set_range_end":                          "Set Range End",
    "set_range_start":                        "Set Range Start",
    "set_reset_view_off":                     "Set Reset View Off", 
    "set_reset_view_on":                      "Set Reset View On", 
    "set_tile_both":                          "Set Tile Both",
    "set_tile_horizontal":                    "Set Tile Horizontal",
    "set_tile_off":                           "Set Tile Off",
    "set_tile_vertical":                      "Set Tile Vertical",
    "snap_nodes":                             "Snap Nodes",
    "split_view_horizontal":                  "Split View Horizontal", 
    "split_view_off":                         "Split View Off", 
    "split_view_settings":                    "Split View Settings", 
    "split_view_vertical":                    "Split View Vertical",
    "split_view":                             "Split view", 
    "stagger":                                "Stagger",
    "tile_both":                              "Tile Both", 
    "tile_horizontal":                        "Tile Horizontal", 
    "tile_off":                               "Tile Off", 
    "tile_vertical":                          "Tile Vertical", 
    "tiling_settings":                        "Tiling Settings",
    "tiling":                                 "Tiling", 
    "toggle_avoid_label":                     "Toggle Avoid Label",
    "toggle_bypass":                          "Toggle Bypass",
    "toggle_compute":                         "Toggle Compute",
    "toggle_control":                         "Toggle Control",
    "toggle_dimension":                       "Toggle Dimension",
    "toggle_grid_snap":                       "Toggle Grid Snap",
    "toggle_lock":                            "Toggle Lock",
    "toggle_minimap":                         "Toggle Minimap",
    "toggle_onion_skin_view":                 "Toggle Onion Skin view",
    "toggle_onion_skin":                      "Toggle Onion Skin",
    "toggle_pixel_grid":                      "Toggle Pixel Grid",
    "toggle_reset_view":                      "Toggle Reset View",
    "toggle_show_info":                       "Toggle Show Info",
    "toggle_show_origin":                     "Toggle Show Origin",
    "toggle_snap_to_grid":                    "Toggle Snap to Grid",
    "toggle_split_view":                      "Toggle Split View",
    "toggle_tile":                            "Toggle Tile",
    "update_steam":                           "Update Steam",
    "update_thumbnail":                       "Update Thumbnail",
    "upload_to_steam":                        "Upload To Steam",
    "use_expression":                         "Use Expression",
    "view_settings":                          "View Settings",
    
    //imported from UI.json
    "anim_length":                            "Animation length",
    "anim_frame_rate":                        "Preview frame rate",
    "anim_on_end":                            "On end",
    "anim_scale_title":                       "Animation scaler",
    "anim_scale_target_frame_length":         "Target frame length",
    "anim_scale_scale_factor":                "Scaling factor",
    "anim_interpolation":                     "Interpolation curve",
    "color_selector_title":                   "Color selector",
    "color_selector_open_palette":            "Open palette folder",
    "gradient_editor_delete":                 "Delete gradient",
    "gradient_editor_title":                  "Gradient editor",
    "gradient_editor_key_blend":              "Key blending",
    "gradient_editor_blend_RGB":              "RGB blend",
    "gradient_editor_blend_HSV":              "HSV blend",
    "gradient_editor_blend_hard":             "Hard blend",
    "graident_editor_open_folder":            "Open gradient folder",
    
    "palette_editor_delete":                  "Delete palette",
    "palette_editor_title":                   "Palette editor",
    "palette_editor_sort":                    "Sort color",
    "palette_editor_sort_brighter":           "Brighter",
    "palette_editor_sort_darker":             "Darker",
    "palette_editor_sort_hue":                "Hue",
    "palette_editor_load":                    "Load palette file",
    "add_images_title_direcory":              "Import directory",
    "add_images_title_images":                "Import multiple images",
    "add_images_recursive":                   "Recursive",
    "add_images_filter":                      "Filter",
    "add_node_group_enabled":                 "Group enabled",
    "add_node_group_disabled":                "Group disabled",
    "add_node_show_connect":                  "Showing connectable",
    "add_node_show_all":                      "Showing all",
    "add_node_add_favourite":                 "Add to favourite",
    "add_node_remove_favourite":              "Remove from favourite",
    "add_node_create_equation":               "Create equation",
    "add_node_equation_enter":                "Press Enter to create equation node.",
    "grid_title":                             "Grid settings",
    "grid_snap":                              "Snap to grid",
    "grid_size":                              "Grid size",
    "grid_width":                             "Grid width",
    "grid_height":                            "Grid height",
    "grid_opacity":                           "Grid opacity",
    "grid_color":                             "Grid color",
    "graph_visibility_title":                 "Visibility settings",
    "graph_visibility_dim":                   "Dimension",
    "graph_visibility_compute":               "Compute time",
    "output_visibility_title":                "Outputs visibility",
    "new_file_placeholder":                   "New file",
    "new_collection_placeholder":             "New collection",
    "new_collection_create":                  "Create collection",
    "new_collection_meta_edit":               "Edit metadata",
    "new_collection_update":                  "Update collection",
    "crashed_title":                          "Restore project",
    "crashed_content":                        "Restore previous project before crash?",
    "crashed_log":                            "Log file",
    "exit_title":                             "Project modified",
    "exit_content":                           "Save progress before exit?",
    "exit_save":                              "Save",
    "exit_no_save":                           "Don't save",
    "array_edit_title":                       "Image array edit",
    "array_edit_sort_name":                   "Sort by name",
    "noti_clear_log":                         "Clear log messages",
    "noti_clear_warn":                        "Clear warning messages",
    "noti_clear_all":                         "Clear all notifications",
    "noti_open_log":                          "Open log file",
    "noti_copy_message":                      "Copy notification message",
    "noti_delete_message":                    "Delete notification",
    "noti_hide_error":                        "Hide error",
    "noti_show_error":                        "Show error",
    "noti_hide_warning":                      "Hide warning",
    "noti_show_warning":                      "Show warning",
    "noti_hide_log":                          "Hide log",
    "noti_show_log":                          "Show log",
    "pref_pages_general":                     "General",
    "pref_pages_nodes":                       "Node settings",
    "pref_pages_appearance":                  "Appearances",
    "pref_reset_colors":                      "Reset colors",
    "pref_show_welcome_screen":               "Show welcome screen",
    "pref_gui_scaling":                       "GUI scaling",
    "pref_double_click_delay":                "Double click delay",
    "pref_keyboard_hold_start":               "Keyboard hold start",
    "pref_keyboard_repeat_delay":             "Keyboard repeat delay",
    "pref_ui_frame_rate":                     "UI frame rate",
    "pref_default_surface_size":              "Default surface size",
    "pref_show_node_render_time":             "Show node render time",
    "pref_show_node_render_status":           "Show node render status",
    "pref_collection_preview_speed":          "Collection preview speed",
    "pref_inspector_line_break_width":        "Inspector line break width",
    "pref_expand_hovering_panel":             "Expand hovering panel",
    "pref_graph_zoom_smoothing":              "Graph zoom smoothing",
    "pref_warning_notification_time":         "Warning notification time",
    "pref_enable_test_mode":                  "Enable dev mode (require restart)",
    "pref_directory":                         "Directory path (restart required)",
    "pref_auto_save_time":                    "Autosave delay (-1 to disable)",
    "pref_mouse_wheel_speed":                 "Scroll speed",
    "pref_save_file_minify":                  "Minify save file",
    "pref_legacy_exception":                  "Use legacy exception handler",
    "pref_crash_dialog":                      "Show dialog after crash",
    "pref_interface_language":                "Interface Language (restart required)",
    "pref_connection_aa":                     "Connection anti aliasing",
    "pref_connection_anim":                   "Connection line animation",
    "pref_windows_control":                   "Use Windows style window control.",
    "pref_max_particles":                     "Max particles",
    "pref_max_shapes":                        "Max shapes",
    "pref_histogram_resolution":              "Histogram resolution",
    "pref_maximum_sampling":                  "Maximum sampling",
    "pref_verlet_iteration":                  "Verlet iteration",
    "pref_gravity":                           "Gravity",
    "pref_reset_color":                       "Reset colors",
    "pref_connection_thickness":              "Connection thickness",
    "pref_connection_curve_smoothness":       "Connection curve smoothness",
    "panel_pop_out":                          "Pop out",
    "panel_menu_addons_key":                  "Key displayer",
    "panel_menu_center_preview":              "Center preview",
    "panel_menu_save_current_preview_as":     "Save current preview as",
    "panel_menu_preview_background":          "Preview background",
    "panel_menu_show_grid":                   "Show Grid",
    "panel_menu_grid_setting":                "Grid setting",
    "panel_menu_animation_setting":           "Animation setting",
    "panel_menu_animation_scaler":            "Animation scaler",
    "panel_menu_render_all_nodes":            "Render all nodes",
    "panel_menu_execute_exports":             "Execute all export nodes",
    "panel_menu_test_load_all":               "Load all current collections",
    "panel_menu_test_update_all":             "Update all current collections",
    "panel_menu_test_add_meta":               "Add metadata to current collections",
    "panel_menu_test_update_sam":             "Update sample projects",
    "panel_menu_test_gen_guide":              "Generate node guide",
    "panel_menu_test_crash":                  "Force crash",
    "panel_menu_test_load_nodes":             "Load all nodes",
    "panel_menu_newer":                       "Newer version available",
    "panel_menu_help_video":                  "Tutorial videos",
    "panel_menu_help_wiki":                   "Community Wiki",
    "panel_menu_local_directory":             "Open local directory",
    "panel_menu_autosave_directory":          "Open autosave directory",
    "panel_menu_reset_default":               "Reset default collection, assets",
    "panel_menu_itch":                        "itch.io page",
    "panel_menu_steam":                       "Steam page",
    "panel_menu_auto_save_folder":            "Open autosave folder",
    "panel_menu_save_layout":                 "Save layout",
    "panel_globalvar":                        "Global Variables",
    "panel_export_graph":                     "Export Graph",
    "panel_debug_console":                    "Debug Console",
    "panel_graph_center_to_nodes":            "Center to nodes",
    "panel_graph_minimap_enabled":            "Minimap enabled",
    "panel_graph_minimap_disabled":           "Minimap disabled",
    "panel_graph_straight_connection_line":   "Straight connection line",
    "panel_graph_curve_connection_line":      "Curve connection line",
    "panel_graph_elbow_connection_line":      "Elbow connection line",
    "panel_graph_send_to_preview":            "Send to preview",
    "panel_graph_send_to_export":             "Send to export",
    "panel_graph_toggle_preview":             "Toggle node preview",
    "panel_graph_toggle_render":              "Toggle node render",
    "panel_graph_enter_group":                "Enter group",
    "panel_graph_preview_window":             "Send to preview window",
    "panel_graph_delete_and_merge_connectio   n":"Delete and merge connection",
    "panel_graph_delete_and_cut_connection":  "Delete and cut connection",
    "panel_graph_add_transform":              "Add transform",
    "panel_graph_canvas":                     "Canvas",
    "panel_graph_copy_to_canvas":             "Copy to canvas",
    "panel_graph_overlay_canvas":             "Overlay canvas",
    "panel_graph_blend_nodes":                "Blend nodes",
    "panel_graph_compose_nodes":              "Compose nodes",
    "panel_graph_array_from_nodes":           "Array from nodes",
    "panel_graph_group_nodes":                "Group nodes",
    "panel_graph_frame_nodes":                "Frame nodes",
    "panel_graph_ungroup":                    "Ungroup",
    "panel_graph_rendering":                  "Rendering",
    "panel_graph_rendering_partial":          "Rendering partial",
    "panel_graph_export_image":               "Export graph as image",
    "panel_graph_connection_line":            "Connection render settings",
    "panel_graph_inspector_panel":            "Send to new inspector",
    "panel_preview_center_canvas_on_preview": "Center canvas on preview",
    "panel_preview_keep_canvas_on_preview":   "Keep canvas on preview",
    "panel_preview_split_view":               "Split view",
    "panel_preview_split_view_off":           "Split view off",
    "panel_preview_horizontal_split_view":    "Horizontal split view",
    "panel_preview_vertical_split_view":      "Vertical split view",
    "panel_preview_tile_mode":                "Tile mode",
    "panel_preview_tile_off":                 "Tile off",
    "panel_preview_tile_horizontal":          "Tile horizontal",
    "panel_preview_tile_vertical":            "Tile vertical",
    "panel_preview_tile_both":                "Tile both",
    "panel_preview_center_canvas":            "Center canvas",
    "panel_preview_export_canvas":            "Export canvas",
    "panel_preview_save":                     "Save current preview as",
    "panel_preview_save_all":                 "Save all current previews as",
    "panel_preview_copy_image":               "Copy image",
    "panel_preview_copy_color":               "Copy color",
    "panel_preview_copy_hex":                 "Copy hex",
    "panel_animation_ease_in":                "Ease in",
    "panel_animation_ease_out":               "Ease out",
    "panel_animation_ease_linear":            "Linear",
    "panel_animation_ease_smooth":            "Smooth",
    "panel_animation_ease_overshoot":         "Overshoot",
    "panel_animation_ease_sharp":             "Sharp",
    "panel_animation_ease_hold":              "Hold",
    "panel_animation_stagger":                "Stagger",
    "panel_animation_goto":                   "Go to node",
    "panel_animation_show_graph":             "Show graph",
    "panel_animation_looping_mode":           "Looping mode",
    "panel_animation_length":                 "Animation length",
    "panel_animation_stretch":                "Stretch animation",
    "panel_animation_adjust_length":          "Adjust animation length",
    "panel_animation_go_to_first_frame":      "Go to first frame",
    "panel_animation_go_to_last_frame":       "Go to last frame",
    "panel_animation_previous_frame":         "Previous frame",
    "panel_animation_next_frame":             "Next frame",
    "panel_animation_animation_settings":     "Animation settings",
    "panel_animation_scale_animation":        "Scale animation",
    "panel_animation_hide_node":              "Hide node outside context",
    "panel_animation_show_node":              "Show node outside context",
    "panel_animation_name_full":              "Show full name",
    "panel_animation_keyframe_override":      "Override Keyframe",
 
    "panel_collection_replace":               "Replace with selected",
    "panel_collection_edit_meta":             "Edit metadata",
    "panel_collection_add_node":              "Add selecting node as collection",
    "panel_collection_add_folder":            "Add folder",
    "panel_collection_open_file":             "Open in file explorer",
    "panel_collection_you_created":           "You created this item",
    "panel_inspector_toggle_anim":            "Toggle animation",
    "panel_inspector_remove_link":            "Remove link",
    "panel_inspector_remove_key":             "Remove keyframe",
    "panel_inspector_add_key":                "Add keyframe",
    "panel_inspector_file_not_exist":         "File not exist",
    "panel_inspector_reset":                  "Reset value",
    "panel_inspector_remove":                 "Remove animation",
    "panel_inspector_add":                    "Add animation",
    "panel_inspector_extract":                "Extract...",
    "panel_inspector_out_visible":            "Outputs visibility",
    "panel_inspector_execute":                "Execute node",
    "panel_inspector_cache_desp":             "This node cache output for performance.\nClick to clear all cached frames in this node.",
    "panel_inspector_set_default":            "Set Metadata as default",
    "panel_inspector_workshop_save":          "Save file before upload",
    "panel_inspector_workshop_upload":        "Upload to Steam Workshop",
    "panel_inspector_workshop_update":        "Update Steam Workshop",
    "panel_inspector_use_expression":         "Use expression",
    "panel_addon_not_activated" :             "Not activated",
    "panel_addon_activated":                  "Activated",
    "panel_addon_run_on_start":               "Run on start",
    "more_actions":                            " more actions...",
    "dialog_migration_title":                 "Program directory changed in 1.13",
    "dialog_migration_content":               "This means all custom collections, assets, palettes, gradients, fonts, presets have to be move manually.",
    "migrate_files":                          "Migrate files",
    "migrate_open_directory":                 "Open directory",
    "palette_change_preview_size":            "Change preview size",
    "graph_export_scale":                     "Scale",
    "graph_export_padding":                   "Padding",
    "graph_export_solid_background":          "Solid Background",
    "graph_export_background_color":          "Background Color",
    "graph_export_render_grid":               "Render Grid",
    "graph_export_grid_color":                "Grid Color",
    "graph_export_grid_opacity":              "Grid Opacity",
    "graph_export_border":                    "Border",
    "graph_export_border_color":              "Border Color",
    "graph_export_border_opacity":            "Border Opacity",
    "panel_node_goto":                        "Go to node",
    "panel_tunnel_create_tunnel":             "Create tunnel",
    "panel_tunnel_no_key":                    "No key",
    "panel_globalvar_add":                    "Add variable",
    "widget_area_center_Span":                "Center + Span",
    "widget_area_padding":                    "Padding",
    "widget_area_two_points":                 "Two points",
    "widget_area_fill_surface":               "Full surface",
    "widget_font_open_folder":                "Open font folder",
    "dialog_revert_and_exit":                 "Revert and exit",
    "dialog_connection_title":                "Connection settings",
    "dialog_connection_thickness":            "Line thickness",
    "dialog_connection_radius":               "Corner radius",
    "dialog_group_order_title":               "Input order",
    "dialog_group_order_add":                 "Add separator",
    "dialog_exit_title":                      "Project modified",
    "dialog_exit_content":                    "Save progress before close?",
    "contest_open_discord":                   "Open in Discord",
    "splash_clear_recent":                    "Clear recent files",
    "splash_hide_thumbnail":                  "Hide thumbnail",
    "splash_show_thumbnail":                  "Show thumbnail",
    "splash_open_autosave":                   "Open autosave folder",
    "workshop_open":                          "Open Steam Workshop",
    "workspace_replace_current":              "Replace with current",
    "close_all_projects":                     "Close all projects",
    "close_current_file":                     "Close current file",
    "graph_connection_settings":              "Connection Settings",
    "graph_export_nodes":                     "Nodes",
    "graph_grid_settings":                    "Grid Settings",
    "graph_view_settings":                    "View Settings",
    "graph_visibility_avoid_label":           "Avoid Label",
    "graph_visibility_preview_scale":         "Preview Scale",
    "onion_skin_frame_step":                  "Frame step",
    "onion_skin_post_color":                  "Post Color",
    "onion_skin_pre_color":                   "Pre Color",
    "onion_skin_top":                         "Draw on top",
    "panel_animation_lock_y":                 "Lock/Unlock Y easing",
    "panel_debug_overlay":                    "Debug overlay",
    "panel_inspector_axis_separate":          "Separate axis",
    "panel_inspector_extract_multiple":       "Extract to...",
    "panel_inspector_extract_single":         "Extract to node",
    "panel_inspector_pop_text":               "Pop up Editor",
    "panel_menu_export_render_all":           "Render disabled node when export",
    "panel_menu_steam_workshop":              "Steam Workshop",
    "panel_menu_tester":                      "Tester",
    "pref_connection_highlight_fade":         "Fade connection",
    "pref_connection_highlight":              "Highlight connection",
    "pref_connection_quality":                "Render quality",
    "preview_3d_settings":                    "3D Preview Settings",
    "preview_grid_settings":                  "Grid Settings",
    "preview_onion_skin_settings":            "Onion skin Settings",
    "project_graphGrid_color":                "Grid color",
    "project_graphGrid_opacity":              "Grid opacity",
    "project_modified":                       "Project modified",
    "project_settings":                       "Project Settings",
    "save_project_'{1}'_before_exit?":        "Save project '{1}' before exit?",
    "widget_control_point_move":              "Move",
    "widget_control_point_wind":              "Wind",
    "widget_range_constant":                  "Constant",
    "widget_range_random":                    "Random Range",
    "widget_rotator_random_double_range":     "Double Range",
    "widget_rotator_random_double_span":      "Double Span",
    "widget_rotator_random_range":            "Range",
    "widget_rotator_random_span":             "Span",
    "pref_clear_temp"     :                   "Clear temp file on close.",
    "pref_connection_type":                   "Connection type",
    "pref_use_alt"        :                   "Use ALT for",
    "meta_old_version"    :                   "Created on an older version",
    "open_in_safe_mode":                      "Open in safe mode",
    "group_properties":                       "Group Properties",
    "panel_inspector_axis_combine":           "Combine axis",
    "panel_inspector_disable_expression":     "Disable expression",
    "new_folder":                             "New folder",
    "panel_graph_enter_group_new_tab":        "Open group in new tab",
    "set_as_group_tool":                      "Set as group tool",
    "panel_graph_align_nodes":                "Align nodes",
    "panel_graph_copy_prop":                  "Copy all properties",
    "panel_graph_paste_prop":                 "Paste all properties",
    "node_color":                             "Node Color",
    "connection_color":                       "Connection Color",
    "pref_pages_interface":                   "Interface",
    "pref_directory_temp":                    "Temp path (restart required)",
    "pref_inspector_focus_on_double_click":   "Focus on double click",
    "notification":                           "Notification",
    "pref_pan_key":                           "Panning key",
    "reload_theme":                           "Reload theme",
    "reset_layout":                           "Reset layout",
    "close_current_project":                  "Close current project",
    "panel_menu_connect_patreon":             "Connect to Patreon",
    "pref_directory_ImageMagick":             "ImageMagick path*",
    "pref_directory_webp":                    "Webp path*",
    "pref_directory_gifski":                  "Gifski path*",
    "pref_directory_FFmpeg":                  "FFmpeg path*",
    "pref_supporter_icon":                    "Show supporter icon",
    "pref_graph_group_in_tab":                "Open group in new tab",
    "pref_widget_autocomplete_delay":         "Code Autocomplete delay",
    "panel_collection_workshop_update":       "Update Steam Workshop content",
    "meta_new_version":                       "Created on a newer version",
    "pref_ui_font":                           "Overwrite UI font",
    "panel_menu_node_credit":                 "Node credit dialog",
    "panel_graph_toggle_parameter" :          "Toggle node parameters", 
    "panel_graph_group_require_shift" :       "Hold Shift to enter group", 
    "pref_add_node_remember" :                "Remember add node position", 
    "pref_preview_show_real_fps" :            "Show real fps", 
    "pref_widget_textbox_shake" :             "Textbox shake", 
    "pref_widget_textbox_particles" :         "Textbox particles", 
    "panel_menu_test_error" :                 "Display Error", 
    "pref_node_param_show" :                  "Show paramater on new node", 
    "panel_menu_test_warning" :               "Display Warning", 
    "pref_node_param_width" :                 "Default param width", 
    "panel_menu_test_gen_theme" :             "Generate theme object", 
    "collapse_toggle" :                       "Collapse Toggle", 
    "panel_animation_name_only" :             "Node name", 
    "toggle_nodes" :                          "Toggle nodes", 
    "panel_animation_name_type" :             "Node type", 
    "toggle_parameters" :                     "Toggle parameters", 
    "panel_driver" :                          "Driver...", 
    "panel_preview_lock_preview" :            "Lock previewing node", 
    "global_variables":                       "Global Variables",
    "panel_animation_keyframe_edit":          "Edit Value...",
    "panel_graph_hide_disconnected":          "Hide stray junctions",
    "panel_graph_tunnel":                     "Create tunnels",
    "art_by_kenney":                          "Art by Kenney",
    "panel_menu_reset_layout":                "Reset layout",
    "panel_graph_toggle_minimap":             "Toggle minimap",
    
    // 1.19
    "3d_left_view":                           "3D Left View",
    "3d_right_view":                          "3D Right View",
    "algorithm":                              "Algorithm",
    "align_panel":                            "Align Panel",
    "always":                                 "Always",
    "anim_clean_overflow":                    "Delete Overflow Keyframes",
    "anim_clean_quantize":                    "Quantize Time",
    "anim_clean_title":                       "Animation Cleaner",
    "anim_scale_quantize":                    "Quantize Keyframes",
    "animation_panel":                        "Animation Panel",
    "animation_settings":                     "Animation Settings",
    "animation_tools":                        "Animation Tools",
    "annotation":                             "Annotation",
    "array_process_type":                     "Array process type",
    "array_processor":                        "Array processor",
    "audio_preview":                          "Audio Preview",
    "auto_execute":                           "Auto execute",
    "auto_organize":                          "Auto Organize",
    "auto_refresh":                           "Auto refresh",
    "auto_update":                            "Auto update",
    "background_color":                       "Background Color",
    "border_color":                           "Border Color",
    "border_opacity":                         "Border Opacity",
    "border":                                 "Border",
    "cache_data":                             "Cache Data",
    "capture":                                "Capture",
    "cleanups":                               "Cleanups",
    "coll_animated_speed":                    "Animation speed",
    "coll_animated":                          "Animated thumbnail",
    "coll_thumbnail_scale":                   "Thumbnail scale",
    "collection_manager":                     "Collection Manager",
    "collection_runner_panel":                "Collection Runner Panel",
    "collection_settings":                    "Collection Settings",
    "collections_panel":                      "Collections Panel",
    "color_depth":                            "Color depth",
    "color_panel":                            "Color Panel",
    "compile":                                "Compile",
    "connection_timeout":                     "Connection timeout",
    "console_panel":                          "Console Panel",
    "content-based":                          "Content-Based",
    "copy_to_project":                        "Copy to Project",
    "debug_overlay":                          "Debug overlay",
    "defaults":                               "Defaults",
    "dependency":                             "Dependency",
    "dialog_connection_extends":              "Extends",
    "disabled":                               "Disabled",
    "display_bone":                           "Display bone",
    "display_name":                           "Display name",
    "display_scale":                          "Display scale",
    "don't_save":                             "Don't Save",
    "draw_fluid_particles":                   "Draw Fluid Particles",
    "draw_guide":                             "Draw Guide",
    "draw_strand":                            "Draw Strand",
    "edit_input_display":                     "Edit Input Display",
    "edit_output_display":                    "Edit Output Display",
    "extra_blur":                             "Extra Blur",
    "extract_to_globalvar":                   "Extract to Globalvar",
    "file_explorer_panel":                    "File Explorer Panel",
    "file_watcher":                           "File Watcher",
    "fill_iteration":                         "Fill iteration",
    "flip_solver":                            "FLIP Solver",
    "focus_value":                            "Focus value",
    "font_override":                          "Font Override",
    "frames":                                 "Frames",
    "gain":                                   "Gain",
    "global_iteration":                       "Global iteration",
    "globalvar_panel":                        "Globalvar Panel",
    "gm":                                     "GM",
    "gradients_panel":                        "Gradients Panel",
    "graph_panel":                            "Graph Panel",
    "graph_visibility_slideshow":             "Show Controller",
    "graph_visibility_tooltip":               "Show Tooltip",
    "grid_highlight_every":                   "Highlight period",
    "grid_show_origin":                       "Show origin",
    "home":                                   "Home",
    "http":                                   "HTTP",
    "info":                                   "Info",
    "inline":                                 "Inline",
    "inspector_panel":                        "Inspector Panel",
    "iteration":                              "Iteration",
    "l_system":                               "L System",
    "left":                                   "Left",
    "live_update":                            "Live update",
    "lock_input":                             "Lock Input",
    "make_relative":                          "Make Relative",
    "max_dimension":                          "Max Dimension",
    "max_request_size":                       "Max request size",
    "maximum_particles":                      "Maximum particles",
    "new_armature":                           "New armature",
    "new_folder_from_selection":              "New Folder From Selection",
    "new_path":                               "New path",
    "new_tileset":                            "New tileset",
    "news":                                   "News",
    "node_height":                            "Node Height",
    "node_width":                             "Node Width",
    "nodes_manager":                          "Nodes Manager",
    "nodes_panel":                            "Nodes Panel",
    "none":                                   "None",
    "notification_panel":                     "Notification Panel",
    "open_explorer...":                       "Open Explorer...",
    "open_welcome_folder":                    "Open Welcome Folder",
    "output_all_particles":                   "Output all particles",
    "output_metadata":                        "Output metadata",
    "overrelaxation":                         "Overrelaxation",
    "oversample":                             "Oversample",
    "padding":                                "Padding",
    "palettes_mixer_panel":                   "Palettes Mixer Panel",
    "palettes_panel":                         "Palettes Panel",
    "panel_animation_clean_animation":        "Cleaner",
    "panel_inspector_use_global":             "Use Globalvar",
    "panel_preview_windows":                  "Pop up as Preview window",
    "params_width":                           "Params Width",
    "particle_iteration":                     "Particle iteration",
    "ping_pong":                              "Ping Pong",
    "pixel_grid":                             "Pixel Grid",
    "play_with_timeline":                     "Play with timeline",
    "popup":                                  "Popup",
    "pref_clear_collection":                  "Default Collections",
    "pref_clear_nodes":                       "Default Nodes",
    "pref_clear_theme":                       "Default Theme",
    "pref_connection_highlight_all":          "Highlight all",
    "pref_directory_assets":                  "Assets directory paths*",
    "pref_directory_font":                    "Font directory paths*",
    "pref_directory_welcome":                 "Welcome file directory paths*",
    "pref_exp_popup_dialog":                  "Pop-up Dialog",
    "pref_expand_lock_mouse_slider":          "Lock mouse when sliding",
    "pref_file_watcher_delay":                "File watcher delay (s)",
    "pref_keyboard_check_sweep":              "Keyboard check sweep",
    "pref_node_3d_preview":                   "Preview surface size",
    "pref_node_add_select":                   "Select node on add",
    "pref_node_default_depth":                "Default surface depth",
    "pref_node_default_interpolation":        "Default interpolation",
    "pref_node_default_oversample":           "Default oversample",
    "pref_pen_pool_delay":                    "Pen leave delay",
    "pref_save_backups":                      "Backup saves",
    "pref_save_file_compress":                "Compress save file",
    "pref_save_file_thumbnail":               "Save Thumbnail",
    "pref_save_layout":                       "Save layout",
    "pref_ui_fix_height":                     "Fix height",
    "pref_ui_fix_width":                      "Fix width",
    "pref_ui_fix_window_size":                "Fix Window size on start",
    "pref_ui_window_shadoe":                  "Shadow",
    "pressure_iteration":                     "Pressure iteration",
    "preview_histogram":                      "Preview Histogram",
    "preview_panel":                          "Preview Panel",
    "preview_resolution":                     "Preview resolution",
    "preview_sample":                         "Preview sample",
    "preview_view_settings":                  "View Settings",
    "properties":                             "Properties",
    "pure_function":                          "Pure Function",
    "quantize":                               "Quantize",
    "render_grid":                            "Render Grid",
    "render_profiler":                        "Render Profiler",
    "replace_node":                           "Replace Node",
    "resend":                                 "Resend",
    "reset_colors":                           "Reset colors",
    "right":                                  "Right",
    "rule_length_limit":                      "Rule length limit",
    "runner":                                 "Runner",
    "save_to_project":                        "Save to Project",
    "search_wiki":                            "Search Wiki",
    "serizalize_data":                        "Serizalize Data",
    "shadertoy":                              "ShaderToy",
    "shift":                                  "Shift",
    "show_in_timeline":                       "Show In Timeline",
    "show_index":                             "Show index",
    "show_label":                             "Show label",
    "show_objects":                           "Show objects",
    "skip_incompressible":                    "Skip incompressible",
    "solid_background":                       "Solid Background",
    "stacked":                                "Stacked",
    "swap_connections":                       "Swap Connections",
    "texture_interpolation":                  "Texture interpolation",
    "toggle_search":                          "Toggle Search",
    "toggle_timestamp":                       "Toggle timestamp",
    "toggle_visible":                         "Toggle Visible",
    "transfer_connections":                   "Transfer Connections",
    "tunnels_panel":                          "Tunnels Panel",
    "update_domain":                          "Update domain",
    "update_trigger":                         "Update trigger",
    "variant":                                "Variant",
    "verlet_solver":                          "Verlet solver",
    "version":                                "Version",
    "vertex_size":                            "Vertex size",
    "view_control":                           "View Control",
    "view":                                   "View",
    "warp":                                   "Warp",
    "workspace_panel":                        "Workspace Panel",

    // 1.19.9
    "3d_projection_toggle":          "3D Projection Toggle",
    "3d_sdf_view_settings...":       "3D SDF View Settings...",
    "3d_snap_settings...":           "3D Snap Settings...",
    "3d_view_settings...":           "3D View Settings...",
    "align_center":                  "Align Center",
    "align_left":                    "Align Left",
    "align_right":                   "Align Right",
    "animation_scaler...":           "Animation Scaler...",
    "animation_settings...":         "Animation Settings...",
    "auto_organize_all":             "Auto Organize All",
    "auto_organize...":              "Auto Organize...",
    "clear_tool":                    "Clear Tool",
    "connection_settings...":        "Connection Settings...",
    "cycle_channel":                 "Cycle Channel",
    "delete_hovering":               "Delete Hovering",
    "delete_selected":               "Delete Selected",
    "distribute_keys":               "Distribute Keys",
    "driver...":                     "Driver...",
    "edit_sidebar":                  "Edit Sidebar",
    "edit_topbar":                   "Edit Topbar",
    "envelope_keys":                 "Envelope Keys",
    "export_as_image...":            "Export As Image...",
    "global_layer":                  "Global Layer",
    "grid_settings...":              "Grid Settings...",
    "hide_topbar":                   "Hide Topbar",
    "hide_view_control":             "Hide View Control",
    "instance":                      "Instance",
    "next_keyframe":                 "Next Keyframe",
    "onion_skin_settings...":        "Onion Skin Settings...",
    "open_log_folder...":            "Open log folder...",
    "open_welcome_files_folder...":  "Open Welcome files Folder...",
    "pop_out":                       "Pop out",
    "pop-up":                        "Pop-up",
    "previous_keyframe":             "Previous Keyframe",
    "project_variables":             "Project Variables",
    "quantize_keys":                 "Quantize Keys",
    "randomize_keys":                "Randomize Keys",
    "repeat_keys":                   "Repeat Keys",
    "replace_default":               "Replace Default",
    "reverse_keys":                  "Reverse Keys",
    "save_frozen":                   "Save frozen",
    "select_none":                   "Select None",
    "separate/combine_axis":         "Separate/Combine Axis",
    "show_topbar":                   "Show Topbar",
    "show_view_control":             "Show View Control",
    "stagger_keys":                  "Stagger Keys",
    "tab_alignment":                 "Tab Alignment",
    "tester":                        "Tester",
    "toggle_expression":             "Toggle Expression",
    "toggle_keyframe_y":             "Toggle Keyframe Y",
    "toggle_sidebar":                "Toggle Sidebar",
    "toggle_topbar":                 "Toggle Topbar",
    "toggle_view_control":           "Toggle View Control",
    "uninstance":                    "Uninstance",
    "view_settings...":              "View Settings...",

    // 1.19.10
    "autosave":                      "Autosave",
    "capture_project":               "Capture Project",
    "create_default_zip":            "Create default Zip",
    "debugger":                      "Debugger",
    "export_directory":              "Export Directory",
    "export_project_.zip":           "Export project .zip",
    "generate_ugc_thumbnail":        "Generate UGC Thumbnail",
    "generate_ugc":                  "Generate UGC",
    "import_project_.zip":           "Import project .zip",
    "octahedral":                    "Octahedral",
    "patreon_bonus_projects":        "Patreon Bonus Projects",
    "pref_clear_recents":            "Recents",
    "pref_render_max_time":          "Render time per frame",
    "pref_ui_native_file_selector":  "Use native file selector",
    "single":                        "Single",
    "steam_workshop_panel":          "Steam Workshop Panel",
    "steam_workshop":                "Steam Workshop",
    "stick":                         "Stick",
    "tools":                         "Tools",
    "unassigned":                    "Unassigned",
    "update_content_to_workshop":    "Update Content to Workshop",
    "update_group":                  "Update Group",
    "upload_to_workshop":            "Upload To Workshop",
    "use_data_range":                "Use data range",
    "your_workshop_page":            "Your Workshop Page",

    // 1.20.4
    "converters":                     "Converters",
    "creators":                       "Creators",
    "data":                           "Data",
    "importers":                      "Importers",
    "mirror":                         "Mirror",
    "operators":                      "Operators",
    "surfaces":                       "Surfaces",
    "2d":                             "2D",
    "3d_locked":                      "3D Locked",
    "about_pixel_composer":           "About Pixel Composer",
    "align_horizontal_center":        "Align Horizontal Center",
    "align_horizontal_left":          "Align Horizontal Left",
    "align_horizontal_right":         "Align Horizontal Right",
    "align_vertical_bottom":          "Align Vertical Bottom",
    "align_vertical_middle":          "Align Vertical Middle",
    "align_vertical_top":             "Align Vertical Top",
    "aseprite":                       "Aseprite",
    "blend_at_selection":             "Blend at Selection",
    "bokeh":                          "Bokeh",
    "centralize_split":               "Centralize Split",
    "clear_all_cache":                "Clear all cache",
    "clear_cache":                    "Clear Cache",
    "converters":                     "Converters",
    "create_receiver":                "Create Receiver",
    "creators":                       "Creators",
    "crops":                          "Crops",
    "custom_panels":                  "Custom Panels",
    "decompose":                      "Decompose",
    "dimension":                      "Dimension",
    "distribute_horizontal":          "Distribute Horizontal",
    "distribute_vertical":            "Distribute Vertical",
    "download":                       "Download",
    "edit_collection...":             "Edit Collection...",
    "edit_graph_toolbar...":          "Edit Graph Toolbar...",
    "edit_group":                     "Edit Group",
    "edit_meta...":                   "Edit Meta...",
    "edit_preview_3d_sdf_toolbar...": "Edit Preview 3D SDF Toolbar...",
    "edit_preview_3d_toolbar...":     "Edit Preview 3D Toolbar...",
    "edit_preview_actions...":        "Edit Preview Actions...",
    "edit_preview_toolbar...":        "Edit Preview Toolbar...",
    "edit_sidebar...":                "Edit Sidebar...",
    "edit_topbar...":                 "Edit Topbar...",
    "execute":                        "Execute",
    "exit_group":                     "Exit Group",
    "extract_to...":                  "Extract To...",
    "favorited_properties":           "Favorited Properties",
    "filters":                        "FIlters",
    "gamemaker":                      "Gamemaker",
    "generate_mesh":                  "Generate Mesh",
    "generators":                     "Generators",
    "goto_sender":                    "Goto Sender",
    "importers":                      "Importers",
    "interpolation":                  "Interpolation",
    "krita":                          "Krita",
    "load_collection":                "Load Collection",
    "lock_left_toolbar":              "Lock Left Toolbar",
    "lock_right_toolbar":             "Lock Right Toolbar",
    "mass_connect":                   "Mass Connect",
    "materials":                      "Materials",
    "matrix":                         "Matrix",
    "meshes":                         "Meshes",
    "mirror":                         "Mirror",
    "new_custom_panel":               "New Custom Panel",
    "node_display":                   "Node Display",
    "node_multiplier...":             "Node Multiplier...",
    "node_name_display":              "Node Name Display",
    "normal":                         "Normal",
    "operators":                      "Operators",
    "ora":                            "ORA",
    "override_keyframe":              "Override Keyframe",
    "primary_action":                 "Primary Action",
    "process_maker":                  "Process Maker",
    "projects_manager":               "Projects Manager",
    "quick_anim...":                  "Quick Anim...",
    "randomizer":                     "Randomizer",
    "ray_marching":                   "Ray Marching",
    "replace_with_selecting":         "Replace with Selecting",
    "reset_graph_toolbar":            "Reset Graph Toolbar",
    "reset_preview_3d_sdf_toolbar":   "Reset Preview 3D SDF Toolbar",
    "reset_preview_3d_toolbar":       "Reset Preview 3D Toolbar",
    "reset_preview_actions":          "Reset Preview Actions",
    "reset_preview_toolbar":          "Reset Preview Toolbar",
    "reset_sidebar":                  "Reset Sidebar",
    "reset_topbar":                   "Reset Topbar",
    "run":                            "Run",
    "scenes":                         "Scenes",
    "search_toggle":                  "Search Toggle",
    "secondary_action":               "Secondary Action",
    "send_request":                   "Send Request",
    "separate_shape":                 "Separate Shape",
    "set_mode_2d":                    "Set Mode 2D",
    "set_mode_3d":                    "Set Mode 3D",
    "set_preview_object":             "Set Preview Object",
    "show_node_name":                 "Show Node Name",
    "snap_nodes_to_grid":             "Snap Nodes to Grid",
    "splice":                         "Splice",
    "tileset":                        "Tileset",
    "toggle_array_process":           "Toggle Array Process",
    "toggle_default":                 "Toggle Default",
    "toggle_dopesheet":               "Toggle Dopesheet",
    "toggle_frame_view":              "Toggle Frame View",
    "toggle_gizmo":                   "Toggle Gizmo",
    "toggle_meta_view":               "Toggle Meta View",
    "toggle_mini_timeline":           "Toggle Mini Timeline",
    "toggle_mode":                    "Toggle Mode",
    "toggle_recording":               "Toggle Recording",
    "toggle_separate_axis":           "Toggle Separate Axis",
    "transforms":                     "Transforms",
    "tunnel_panel":                   "Tunnel Panel",
    "update_resource_version":        "Update resource version",
    "uv":                             "UV",
    "value":                          "Value",
    "vector":                         "Vector",
    "view_source":                    "View Source",

    "": ""
}