{
    "colors": {
        "blue_dkblack":	"191925",
        "blue_mdblack":	"1e1e2c",
        "blue_black":	"272736",
        "blue_dkgrey":	"3b3b4e",
        "blue_grey":	"6d6d81",
        "blue_ltgrey":	"7e7e8f",
        "blue_white":	"d6d6e8",

        "blue":			"27aae1",
        "cyan":			"88ffe9",
        "yellow":		"ffe478",
        "orange":		"ff9166",
        "red":			"eb004b",
        "pink":			"eb00b7",
        "purple":		"9200d4",
        "lime":			"8fde5d",

        "black":		"000000",
        "white":		"ffffff"
    }, 
    "define": {
        "_main_accent": "orange",
        "_main_text": "white",
        "_main_text_accent": "orange",
        "_main_text_title": "blue_ltgrey",
        "_main_text_sub": "blue_grey",
        "_main_icon": "blue_grey",
        "_main_icon_light": "blue_white",
        "_main_icon_dark": "blue_mdblack",
        "_main_value_positive": "lime",
        "_main_value_negative": "red",

        "lua_highlight_keyword": "orange",
        "lua_highlight_bracklet": "cyan",
        "lua_highlight_function": "lime",
        "lua_highlight_number": "yellow",
        "lua_highlight_string": "blue",
        
        "collection_folder_empty": "blue_dkgrey",
        "collection_folder_nonempty": "blue_ltgrey",
        "collection_tree_line": "blue_dkgrey",
        "collection_path_current_bg": "blue_ltgrey",
        
        "dialog_array_edit_divider": "blue_dkgrey",
        "dialog_array_edit_bg": "blue_dkgrey",
        "dialog_splash_badge": "blue_mdblack",
        "dialog_about_bg": "blue_grey",
        "dialog_preference_prop_bg": "blue_white",
        "dialog_add_node_collection": ["white", "orange", 0.5],
        "dialog_palette_divider": "blue_grey",
        "dialog_notification_bg_hover": "blue_ltgrey",
        "dialog_notification_bg": "blue_grey",
        "dialog_notification_icon_bg": "blue_white",
        "dialog_menubox_highlight": "blue_white",

        "node_composite_bg": "blue_dkgrey",
        "node_composite_bg_blend": "blue_white",
        "node_composite_separator": "blue_black",
        "node_composite_overlay_border": "blue_grey",
        "node_display_text_frame_fill": "blue_grey",
        "node_display_text_frame_outline": "blue_dkblack",
        "node_level_outline": "blue_dkgrey",
        "node_level_shade": "blue_black",
        "node_overlay_gizmo_inactive": "white",
        "node_blend_default": "blue_ltgrey",
        "node_blend_tunnel": "red",
        "node_blend_number": "cyan",
        "node_blend_input": ["white", "lime", 0.5],
        "node_blend_loop": "cyan",
        "node_blend_vfx": "lime",
        "node_blend_feedback": "pink",
        "node_blend_collection": "yellow",
        "node_blend_simulation": "cyan",
        "node_blend_canvas": ["white", "orange", 0.5],
        "node_path_overlay_control_line": "blue_grey",
        "node_wiggler_frame": "blue_grey",
        "node_border_file_drop": "cyan",

        "scrollbar_bg": "blue_dkblack",
        "scrollbar_hover": "blue_white",
        "scrollbar_idle": "blue_grey",

        "panel_animation_frame_divider": "blue_black",
        "panel_animation_keyframe_ease_line": "blue_dkgrey",
        "panel_animation_loop_line": "lime",
        "panel_animation_key_tool_unselected": "blue_grey",
        "panel_animation_keyframe_selected": "blue_white",
        "panel_animation_keyframe_unselected": "blue_ltgrey",
        "panel_animation_keyframe_hide": "blue_grey",
        "panel_animation_node_bg": "blue_grey",
        "panel_animation_dope_bg_hover": "blue_dkgrey",
        "panel_animation_dope_bg": "blue_ltgrey",
        "panel_animation_graph_bg": "blue_ltgrey",
        "panel_animation_graph_line": "blue_grey",
        "panel_animation_preview_frame": "blue_dkgrey",
        "panel_animation_timeline_blend": "blue_ltgrey",
        "panel_animation_timeline_top": "blue_dkblack",

        "panel_bg_clear_inner": "blue_dkblack",
        "panel_bg_clear": "blue_black",

        "panel_graph_minimap_outline": "blue_dkgrey",
        "panel_graph_node_dimension": "blue_grey",
        "panel_graph_minimap_focus": "blue_ltgrey",

        "panel_inspector_key_separator": "blue_dkgrey",
        "panel_inspector_group_hover": "blue_white",
        "panel_inspector_group_bg": ["blue_white", "blue_ltgrey", 0.5],
        
        "panel_preview_grid": "blue_grey",
        "panel_preview_surface_outline": "blue_grey",
        "panel_preview_split_line": "blue_grey",

        "panel_toolbar_fill": "blue_black",
        "panel_toolbar_outline": "blue_dkgrey",
        "panel_toolbar_separator": "blue_dkblack",
        
        "widget_curve_line": "blue_ltgrey",
        "widget_curve_outline": "blue_grey",
        "widget_rotator_range": "blue_ltgrey",
        "widget_surface_frame": "blue_dkgrey",
        "widget_text_highlight": "blue_dkgrey",

        "widget_text_dec_d": "cyan",
        "widget_text_dec_n": "lime",
        "widget_text_dec_e": "orange",
        "widget_text_dec_f": "pink",
        "widget_text_dec_i": "yellow"
    },
    "array": {
        "axis": ["red", "lime", "cyan", "yellow", "pink", "purple"],
        "histogram": ["red", "lime", "cyan", "white"],
        "heat": ["red", "yellow", "lime"],
        "speed": ["red", "orange", "lime"]
    }
}