{
    "name": "Pixel iso cube",
    "tags": [],
    "tooltip": "",
    "location": ["3D", "Scenes"],
    "sprPath": "./Pixel iso cube.png",
    "nodes": [
        { "id": "cube",   "node": "Node_3D_Mesh_Cube",          "x":   0, "y":   0 }, 
        { "id": "camera", "node": "Node_3D_Camera_Set",         "x": 320, "y":   0,
          "setValues": [ { "index": "projection", "value": 1 }, 
                         { "index": "orthographic_scale", "value": 0.5 }, 
                         { "index": "postioning_mode", "value": 2 }, 
                         { "index": "horizontal_angle", "value": 45 }, 
                         { "index": "vertical_angle", "value": 30 },
                         { "index": "l1_h_angle", "value": 0 },
                         { "index": "l1_v_angle", "value": 75 },
                         { "index": "l2_intensity", "value": 0 }
                       ]
        }
    ],
    "connections": [
        { "from": "cube", "fromIndex": 0, "to": "camera", "toIndex": "scene" }
    ]
}