{
    
    "icon_24":                            { "path": "./meta/s_icon_24.png",                                 "s": 1, "x": 12, "y": 12 },
    "icon_32":                            { "path": "./meta/s_icon_32.png",                                 "s": 1, "x": 16, "y": 16 },
    "icon_64":                            { "path": "./meta/s_icon_64.png",                                 "s": 1, "x": 32, "y": 32 },
    
    "color_3d":                           { "path": "./UI/s_color_3d.png",                                  "s": 3, "x": 16, "y": 16},
    "color_3d_selected":                  { "path": "./UI/s_color_3d_selected.png",                         "s": 3, "x": 16, "y": 16},
    "button_color_overlay":               { "path": "./UI/s_color_picker_sample.png",                       "s": 2, "x":  0, "y":  0, "slice": 10 },
    "color_picker_box":                   { "path": "./UI/s_color_picker_box.png",                          "s": 2, "x":  0, "y":  0, "slice": 10 },
    "color_picker_sample":                { "path": "./UI/s_color_picker_sample.png",                       "s": 2, "x":  0, "y":  0, "slice": 10 },
    "dialog_active":                      { "path": "./UI/s_dialog_active.png",                             "s": 1, "x":  0, "y":  0, "slice": 15 },
    "dialog_bg":                          { "path": "./UI/s_dialog_bg.png",                                 "s": 1, "x":  0, "y":  0, "slice": 15 },
    "group_label":                        { "path": "./UI/s_group_label.png",                               "s": 2, "x":  0, "y":  0, "slice":  7 },
    "menu_bg":                            { "path": "./UI/s_menu_box_bg.png",                               "s": 2, "x":  0, "y":  0, "slice":  7 },
    "shadow_drop_down_24":                { "path": "./UI/s_shadow_drop_down_24.png",                               "x":  0, "y":  0 },
    
    "ac_constant":                        { "path": "./icon/s_ac_constant.png",                             "s": 4, "x":  9, "y":  9 },
    "ac_function":                        { "path": "./icon/s_ac_function.png",                             "s": 1, "x":  9, "y":  9 },
    "ac_node":                            { "path": "./icon/s_ac_node.png",                                 "s": 2, "x":  9, "y":  9 },
    "accept_16":                          { "path": "./icon/s_icon_accept_16.png",                          "s": 1, "x":  8, "y":  8 },
    "accept":                             { "path": "./icon/s_icon_accept_24.png",                          "s": 1, "x": 12, "y": 12 },
    "action_history":                     { "path": "./icon/s_action_history.png",                          "s": 1, "x": 12, "y": 12 },
    "add_16":                             { "path": "./icon/s_add_16.png",                                  "s": 1, "x":  8, "y":  8 },
    "add_20":                             { "path": "./icon/s_add_20.png",                                  "s": 1, "x": 10, "y": 10 },
    "add_64":                             { "path": "./icon/s_add_64.png",                                  "s": 1, "x": 32, "y": 32 },
    "add":                                { "path": "./icon/s_add_24.png",                                  "s": 1, "x": 12, "y": 12 },
    "add_node_search_high":               { "path": "./icon/s_add_node_search_high.png",                    "s": 2, "x": 12, "y": 12 },
    "addon_icon":                         { "path": "./icon/s_addon.png",                                   "s": 1, "x": 12, "y": 12 },
    "addon_setting":                      { "path": "./icon/s_addon_setting.png",                           "s": 1, "x": 12, "y": 12 },
    "animate_clock":                      { "path": "./icon/s_animate_clock.png",                           "s": 3, "x":  8, "y":  8 },
    "animate_node_go":                    { "path": "./icon/s_animate_node_go.png",                         "s": 1, "x":  5, "y":  5 },
    "animate_onion_skin":                 { "path": "./icon/s_animate_onion_skin.png",                      "s": 1, "x":  5, "y":  5 },
    "animate_prop_go":                    { "path": "./icon/s_animate_prop_go.png",                         "s": 1, "x":  4, "y":  4 },
    "animation_setting":                  { "path": "./icon/s_animation_setting.png",                       "s": 1, "x": 12, "y": 12 },
    "animation_stretch":                  { "path": "./icon/s_animation_stretch.png",                       "s": 2, "x": 10, "y":  6 },
    "animation_timing":                   { "path": "./icon/s_animation_timing.png",                        "s": 1, "x": 12, "y": 12 },
    "arrow_back_32":                      { "path": "./icon/s_arrow_back_32.png",                           "s": 1, "x": 16, "y": 16 },
    "arrow":                              { "path": "./icon/s_arrow_16.png",                                "s": 4, "x":  8, "y":  8 },
    "arrow_wire_16":                      { "path": "./icon/s_arrow_wire_16.png",                           "s": 4, "x":  8, "y":  8 },
    "bone":                               { "path": "./icon/s_bone.png",                                    "s": 5, "x":  8, "y":  8 },
    "button_path_icon":                   { "path": "./icon/s_button_path_icon.png",                        "s": 1, "x": 12, "y": 12 },
    "button_path_not_found_icon":         { "path": "./icon/s_button_path_not_found_icon.png",              "s": 1, "x": 12, "y": 12 },
    "cache_group":                        { "path": "./icon/s_cache_group.png",                             "s": 1, "x": 12, "y": 12 },
    "cache":                              { "path": "./icon/s_cache.png",                                   "s": 1, "x": 12, "y": 12 },
    "canvas_20":                          { "path": "./icon/s_canvas_20.png",                               "s": 1, "x": 10, "y": 10 },
    "chat":                               { "path": "./icon/s_chat.png",                                    "s": 1, "x": 12, "y": 12 },
    "checkbox_on_start":                  { "path": "./icon/s_checkbox_on_start.png",                       "s": 1, "x": 14, "y": 14 },
    "circle_16":                          { "path": "./icon/s_circle_16.png",                               "s": 1, "x":  8, "y":  8 },
    "circle":                             { "path": "./icon/s_circle_8.png",                                "s": 1, "x":  4, "y":  4 },
    "circle_toggle_8":                    { "path": "./icon/s_circle_toggle_8.png",                         "s": 2, "x":  4, "y":  4 },
    "close_16":                           { "path": "./icon/s_close_16.png",                                "s": 2, "x":  8, "y":  8 },
    "code_show_auto":                     { "path": "./icon/s_code_show_auto.png",                          "s": 2, "x": 12, "y": 12 },
    "code_show_line":                     { "path": "./icon/s_code_show_line.png",                          "s": 2, "x": 12, "y": 12 },
    "code_syntax_highlight":              { "path": "./icon/s_code_syntax_highlight.png",                   "s": 2, "x": 12, "y": 12 },
    "color_picker_dropper":               { "path": "./icon/s_color_picker_dropper.png",                    "s": 2, "x": 12, "y": 12 },
    "color_wheel":                        { "path": "./icon/s_color.png",                                   "s": 1, "x": 12, "y": 12 },
    "copy_20":                            { "path": "./icon/s_copy_20.png",                                 "s": 1, "x": 10, "y": 10 },
    "copy":                               { "path": "./icon/s_copy.png",                                    "s": 1, "x": 12, "y": 12 },
    "cross":                              { "path": "./icon/s_delete.png",                                  "s": 1, "x": 12, "y": 12 },
    "cross_12":                           { "path": "./icon/s_cross_12.png",                                "s": 1, "x":  6, "y":  6 },
    "cross_16":                           { "path": "./icon/s_cross_16.png",                                "s": 1, "x":  8, "y":  8 },
    "cursor_select":                      { "path": "./icon/s_cursor.png",                                  "s": 2, "x":  8, "y":  8 },
    "d3d_preview_settings":               { "path": "./icon/s_3d_preview_settings.png",                     "s": 1, "x": 12, "y": 12 },
    "d3d_snap_settings":                  { "path": "./icon/s_3d_snap_settings.png",                        "s": 1, "x": 12, "y": 12 },
    "discord":                            { "path": "./icon/s_discord.png",                                 "s": 1, "x": 12, "y": 12 },
    "display_palette":                    { "path": "./icon/s_display_palette.png",                         "s": 2, "x": 12, "y": 12 },
    "duplicate":                          { "path": "./icon/s_duplicate.png",                               "s": 1, "x": 12, "y": 12 },
    "explorer":                           { "path": "./icon/s_file_explorer.png",                           "s": 1, "x": 10, "y": 10 },
    "export_package":                     { "path": "./icon/s_icon_export_package.png",                     "s": 1, "x": 12, "y": 12 },
    "feedback_24":                        { "path": "./icon/s_feedback_24.png",                             "s": 1, "x": 12, "y": 12 },
    "feedback":                           { "path": "./icon/s_feedback_16.png",                             "s": 1, "x":  8, "y":  8 },
    "file":                               { "path": "./icon/s_file.png",                                    "s": 1, "x": 12, "y": 12 },
    "fill":                               { "path": "./icon/s_fill_16.png",                                 "s": 1, "x":  8, "y":  8 },
    "filter_type":                        { "path": "./icon/s_filter_type.png",                             "s": 2, "x": 12, "y": 12 },
    "fluid_sim":                          { "path": "./icon/s_fluid_sim.png",                               "s": 1, "x":  8, "y":  8 },
    "folder_16":                          { "path": "./icon/s_folder_16.png",                               "s": 2, "x":  8, "y":  8 },
    "folder_add":                         { "path": "./icon/s_folder_add.png",                              "s": 2, "x": 12, "y": 12 },
    "folder_content":                     { "path": "./icon/s_folder_content.png",                          "s": 2, "x": 12, "y": 12 },
    "folder":                             { "path": "./icon/s_folder_24.png",                               "s": 1, "x": 12, "y": 12 },
    "frame_range":                        { "path": "./icon/s_frame_range.png",                             "s": 2, "x": 12, "y": 12 },
    "gear":                               { "path": "./icon/s_gear_24.png",                                 "s": 1, "x": 12, "y": 12 },
    "grad_blend":                         { "path": "./icon/s_grad_blend.png",                              "s": 1, "x": 12, "y": 12 },
    "graph":                              { "path": "./icon/s_graph.png",                                   "s": 1, "x": 12, "y": 12 },
    "group_s":                            { "path": "./icon/s_group_16.png",                                "s": 1, "x":  8, "y":  8 },
    "group":                              { "path": "./icon/s_group_24.png",                                "s": 1, "x": 12, "y": 12 },
    "hamburger_s":                        { "path": "./icon/s_hamburger_s.png",                             "s": 1, "x":  8, "y":  8 },
    "hamburger":                          { "path": "./icon/s_hamburger.png",                               "s": 1, "x": 12, "y": 12 },
    "heart":                              { "path": "./icon/s_heart.png",                                   "s": 1, "x":  8, "y":  8 },
    "icon_3d_anchor":                     { "path": "./icon/s_3d_anchor.png",                               "s": 2, "x": 10, "y": 10 },
    "icon_active_split":                  { "path": "./icon/s_panel_active_split.png",                      "s": 1, "x":  6, "y":  6 },
    "icon_array_processor":               { "path": "./icon/s_icon_array_processor.png",                    "s": 4, "x": 12, "y": 12 },
    "icon_canvas":                        { "path": "./icon/s_icon_canvas.png",                             "s": 1, "x":  8, "y":  8 },
    "icon_center_canvas":                 { "path": "./icon/s_icon_center_canvas.png",                      "s": 1, "x": 12, "y": 12 },
    "icon_cmd_enter":                     { "path": "./icon/s_icon_cmd_enter.png",                          "s": 1, "x":  8, "y":  8 },
    "icon_curve_connection":              { "path": "./icon/s_icon_curve_connection.png",                   "s": 4, "x": 12, "y": 12 },
    "icon_delete":                        { "path": "./icon/s_delete_16.png",                               "s": 1, "x":  8, "y":  8 },
    "icon_font":                          { "path": "./icon/s_icon_font.png",                               "s": 1, "x":  8, "y":  8 },
    "icon_grid_setting":                  { "path": "./icon/s_icon_grid_setting.png",                       "s": 1, "x": 12, "y": 12 },
    "icon_grid":                          { "path": "./icon/s_icon_grid.png",                               "s": 2, "x": 12, "y": 12 },
    "icon_minimap":                       { "path": "./icon/s_icon_minimap.png",                            "s": 2, "x": 12, "y": 12 },
    "icon_preview_export":                { "path": "./icon/s_icon_preview_export.png",                     "s": 1, "x": 12, "y": 12 },
    "icon_random":                        { "path": "./icon/s_random.png",                                  "s": 1, "x": 12, "y": 12 },
    "icon_reset_when_preview":            { "path": "./icon/s_icon_reset_when_preview.png",                 "s": 2, "x": 12, "y": 12 },
    "icon_save_all":                      { "path": "./icon/s_icon_save_all.png",                           "s": 1, "x": 12, "y": 12 },
    "icon_splash_show_on_start":          { "path": "./icon/s_icon_spalsh_show_on_start.png",               "s": 2, "x": 12, "y": 12 },
    "icon_split_view":                    { "path": "./icon/s_icon_split_view.png",                         "s": 3, "x": 12, "y": 12 },
    "icon_tile_view":                     { "path": "./icon/s_icon_tile_view.png",                          "s": 4, "x": 12, "y": 12 },
    "icon_toggle":                        { "path": "./icon/s_icon_toggle.png",                             "s": 1, "x":  8, "y":  8 },
    "icon_visibility":                    { "path": "./icon/s_icon_visibility.png",                         "s": 1, "x": 12, "y": 12 },
    "image_20":                           { "path": "./icon/s_image_20.png",                                "s": 1, "x": 10, "y": 10 },
    "info":                               { "path": "./icon/s_info.png",                                    "s": 1, "x":  8, "y":  8 },
    "inspector_view":                     { "path": "./icon/s_icon_inspector_view.png",                     "s": 2, "x": 12, "y": 12 },
    "itch":                               { "path": "./icon/s_itch.png",                                    "s": 1, "x": 12, "y": 12 },
    "junc_visible":                       { "path": "./icon/s_junc_visible.png",                            "s": 2, "x":  8, "y":  8 },
    "keyframe_override":                  { "path": "./icon/s_icon_keyframe_override.png",                  "s": 2, "x": 12, "y": 12 },
    "loading_s":                          { "path": "./icon/s_loading_s.png",                               "s": 1, "x": 12, "y": 12 },
    "loading":                            { "path": "./icon/s_loading.png",                                 "s": 1, "x": 32, "y": 32 },
    "lock_12":                            { "path": "./icon/s_lock_12.png",                                 "s": 2, "x":  6, "y":  6 },
    "lock":                               { "path": "./icon/s_lock.png",                                    "s": 2, "x": 12, "y": 12 },
    "loop_24":                            { "path": "./icon/s_loop_24.png",                                 "s": 1, "x": 12, "y": 12 },
    "loop":                               { "path": "./icon/s_loop_16.png",                                 "s": 1, "x":  8, "y":  8 },
    "message_16_grey_bubble":             { "path": "./icon/s_icon_message_16_grey_bubble.png",             "s": 1, "x":  8, "y":  8 },
    "message_16_grey":                    { "path": "./icon/s_icon_message_16_grey.png",                    "s": 1, "x":  8, "y":  8 },
    "message_16":                         { "path": "./icon/s_icon_message_16.png",                         "s": 1, "x":  8, "y":  8 },
    "message_20":                         { "path": "./icon/s_icon_message_20.png",                         "s": 1, "x": 10, "y": 10 },
    "message_24":                         { "path": "./icon/s_icon_message_24.png",                         "s": 1, "x": 12, "y": 12 },
    "minus_16":                           { "path": "./icon/s_minus_16.png",                                "s": 1, "x":  8, "y":  8 },
    "minus_20":                           { "path": "./icon/s_minus_20.png",                                "s": 1, "x": 10, "y": 10 },
    "minus":                              { "path": "./icon/s_minus_24.png",                                "s": 1, "x": 12, "y": 12 },
    "new_file":                           { "path": "./icon/s_new.png",                                     "s": 1, "x": 12, "y": 12 },
    "new_line_shift":                     { "path": "./icon/s_new_line_shift.png",                          "s": 2, "x": 12, "y": 12 },
    "node_create":                        { "path": "./icon/s_node_create.png",                             "s": 1, "x": 12, "y": 12 },
    "node_dropper":                       { "path": "./icon/s_icon_node_dropper.png",                       "s": 1, "x":  8, "y":  8 },
    "node_goto":                          { "path": "./icon/s_node_goto.png",                               "s": 1, "x": 12, "y": 12 },
    "node_move":                          { "path": "./icon/s_node_move.png",                               "s": 1, "x":  0, "y":  0 },
    "node_name_type":                     { "path": "./icon/s_node_name_type.png",                          "s": 3, "x": 12, "y": 12 },
    "node_output_visible":                { "path": "./icon/s_icon_output_visibility.png",                  "s": 1, "x": 12, "y": 12 },
    "node_processor_icon":                { "path": "./icon/s_node_processor.png",                          "s": 1, "x":  8, "y":  8 },
    "node_resize":                        { "path": "./icon/s_node_resize.png",                             "s": 1, "x": 32, "y": 32 },
    "node_use_expression":                { "path": "./icon/s_node_use_experssion.png",                     "s": 3, "x":  8, "y":  8 },
    "node_use_global":                    { "path": "./icon/s_node_use_global.png",                         "s": 3, "x":  8, "y":  8 },
    "node_use_project":                   { "path": "./icon/s_node_use_project.png",                        "s": 3, "x": 12, "y": 12 },
    "noti_icon_console_failed":           { "path": "./icon/s_noti_icon_console_failed.png",                "s": 1, "x": 10, "y": 10 },
    "noti_icon_console":                  { "path": "./icon/s_noti_icon_console.png",                       "s": 1, "x": 10, "y": 10 },
    "noti_icon_error":                    { "path": "./icon/s_noti_icon_error.png",                         "s": 2, "x": 10, "y": 10 },
    "noti_icon_file_load":                { "path": "./icon/s_noti_icon_file_load.png",                     "s": 1, "x": 10, "y": 10 },
    "noti_icon_file_save":                { "path": "./icon/s_noti_icon_file_save.png",                     "s": 1, "x": 10, "y": 10 },
    "noti_icon_log":                      { "path": "./icon/s_noti_icon_log.png",                           "s": 2, "x": 10, "y": 10 },
    "noti_icon_tick":                     { "path": "./icon/s_noti_icon_tick.png",                          "s": 1, "x": 10, "y": 10 },
    "noti_icon_warning":                  { "path": "./icon/s_noti_icon_warning.png",                       "s": 2, "x": 10, "y": 10 },
    "onion_skin":                         { "path": "./icon/s_onion_skin.png",                              "s": 1, "x": 12, "y": 12 },
    "panel_animation_icon":               { "path": "./icon/s_panel_animation.png",                         "s": 1, "x":  8, "y":  8 },
    "panel_graph_icon":                   { "path": "./icon/s_panel_graph.png",                             "s": 1, "x":  8, "y":  8 },
    "panel_inspector_icon":               { "path": "./icon/s_panel_inspector.png",                         "s": 1, "x":  8, "y":  8 },
    "panel_preview_icon":                 { "path": "./icon/s_panel_preview.png",                           "s": 1, "x":  8, "y":  8 },
    "paste_20":                           { "path": "./icon/s_paste_20.png",                                "s": 1, "x": 10, "y": 10 },
    "paste":                              { "path": "./icon/s_paste.png",                                   "s": 1, "x": 12, "y": 12 },
    "path_open_20":                       { "path": "./icon/s_path_open_20.png",                            "s": 2, "x": 10, "y": 10 },
    "path_open":                          { "path": "./icon/s_path_open.png",                               "s": 2, "x": 12, "y": 12 },
    "patreon":                            { "path": "./icon/s_patreon.png",                                 "s": 1, "x":  8, "y":  8 },
    "pen_pressure":                       { "path": "./icon/s_icon_pen_pressure.png",                       "s": 1, "x":  8, "y":  8 },
    "pin":                                { "path": "./icon/s_pin.png",                                     "s": 2, "x": 10, "y": 10 },
    "pixel_builder":                      { "path": "./icon/s_pixel_builder.png",                           "s": 1, "x":  8, "y":  8 },
    "play_action":                        { "path": "./icon/s_play_24.png",                                 "s": 1, "x": 12, "y": 12 },
    "play_all":                           { "path": "./icon/s_play_all.png",                                "s": 1, "x": 12, "y": 12 },
    "play_sound":                         { "path": "./icon/s_icon_play_sound.png",                         "s": 2, "x": 12, "y": 12 },
    "preset":                             { "path": "./icon/s_preset.png",                                  "s": 1, "x": 12, "y": 12 },
    "preview_hide":                       { "path": "./icon/s_hide_preview.png",                            "s": 1, "x": 16, "y": 16 },
    "preview_light":                      { "path": "./icon/s_icon_preview_light.png",                      "s": 2, "x": 12, "y": 12 },
    "project_fix_palette":                { "path": "./icon/s_project_fix_palette.png",                     "s": 2, "x": 12, "y": 12 },
    "project":                            { "path": "./icon/s_project.png",                                 "s": 1, "x": 12, "y": 12 },
    "redo":                               { "path": "./icon/s_redo.png",                                    "s": 1, "x": 12, "y": 12 },
    "refresh_16":                         { "path": "./icon/s_refresh_16.png",                              "s": 1, "x":  8, "y":  8 },
    "refresh_20":                         { "path": "./icon/s_refresh_20.png",                              "s": 1, "x": 10, "y": 10 },
    "refresh_icon":                       { "path": "./icon/s_refresh_24.png",                              "s": 1, "x": 12, "y": 12 },
    "reset_16":                           { "path": "./icon/s_icon_reset_16.png",                           "s": 1, "x":  8, "y":  8 },
    "reverse":                            { "path": "./icon/s_reverse.png",                                 "s": 1, "x": 12, "y": 12 },
    "rigidSim":                           { "path": "./icon/s_rigidSim.png",                                "s": 1, "x":  8, "y":  8 },
    "rotator_random_mode":                { "path": "./icon/s_rotator_random_mode.png",                     "s": 4, "x": 10, "y": 10 },
    "save_auto":                          { "path": "./icon/s_icon_save_auto.png",                          "s": 1, "x": 12, "y": 12 },
    "save":                               { "path": "./icon/s_icon_save.png",                               "s": 1, "x": 12, "y": 12 },
    "scroll_box_arrow":                   { "path": "./icon/s_scroll_box_arrow.png",                        "s": 1, "x": 12, "y": 12 },
    "search":                             { "path": "./icon/s_search_16.png",                               "s": 1, "x":  8, "y":  8 },
    "search_24":                          { "path": "./icon/s_search_24.png",                               "s": 1, "x": 12, "y": 12 },
    "sequence_control":                   { "path": "./icon/s_sequence_control.png",                        "s": 7, "x": 12, "y": 12 },
    "smoke_sim":                          { "path": "./icon/s_smoke_sim.png",                               "s": 1, "x":  8, "y":  8 },
    "sort_16":                            { "path": "./icon/s_sort_16.png",                                 "s": 1, "x":  8, "y":  8 },
    "sort":                               { "path": "./icon/s_sort_24.png",                                 "s": 1, "x": 12, "y": 12 },
    "splash_thumbnail":                   { "path": "./icon/s_icon_splash_thumbnail.png",                   "s": 2, "x": 12, "y": 12 },
    "star":                               { "path": "./icon/s_star.png",                                    "s": 1, "x":  8, "y":  8 },
    "steam_creator":                      { "path": "./icon/s_steam_creator.png",                           "s": 1, "x":  8, "y":  8 },
    "steam":                              { "path": "./icon/s_steam.png",                                   "s": 1, "x":  8, "y":  8 },
    "strandSim":                          { "path": "./icon/s_strandSim.png",                               "s": 1, "x":  8, "y":  8 },
    "tab_exit":                           { "path": "./icon/s_tab_exit.png",                                "s": 1, "x":  8, "y":  8 },
    "text_bullet":                        { "path": "./icon/s_text_bullet.png",                             "s": 2, "x": 12, "y": 12 },
    "text_popup":                         { "path": "./icon/s_text_popup.png",                              "s": 1, "x": 10, "y": 10 },
    "text_slider":                        { "path": "./icon/s_slider.png",                                  "s": 1, "x": 12, "y": 12 },
    "text":                               { "path": "./icon/s_name.png",                                    "s": 1, "x": 12, "y": 12 },
    "three_dots":                         { "path": "./icon/s_three_dots.png",                              "s": 1, "x":  2, "y":  8 },
    "timeline_clock":                     { "path": "./icon/s_timeline_clock.png",                          "s": 1, "x":  6, "y":  6 },
    "timeline_graph":                     { "path": "./icon/s_timeline_graph.png",                          "s": 1, "x":  6, "y":  6 },
    "trophy":                             { "path": "./icon/s_trophy.png",                                  "s": 1, "x": 12, "y": 12 },
    "tunnel":                             { "path": "./icon/s_tunnel.png",                                  "s": 2, "x": 12, "y": 12 },
    "undo":                               { "path": "./icon/s_undo.png",                                    "s": 1, "x": 12, "y": 12 },
    "unit_angle":                         { "path": "./icon/s_unit_angle.png",                              "s": 2, "x": 12, "y": 12 },
    "unit_audio":                         { "path": "./icon/s_unit_audio.png",                              "s": 3, "x": 12, "y": 12 },
    "unit_ref":                           { "path": "./icon/s_unit_ref.png",                                "s": 2, "x": 10, "y": 10 },
    "value_link":                         { "path": "./icon/s_padding_link.png",                            "s": 2, "x": 12, "y": 12 },
    "value_use_surface":                  { "path": "./icon/s_value_use_surface.png",                       "s": 2, "x": 12, "y": 12 },
    "vct":                                { "path": "./icon/s_vct.png",                                     "s": 1, "x":  8, "y":  8 },
    "vfx":                                { "path": "./icon/s_vfx.png",                                     "s": 1, "x":  8, "y":  8 },
    "view_group":                         { "path": "./icon/s_view_group.png",                              "s": 2, "x": 12, "y": 12 },
    "view_mode":                          { "path": "./icon/s_view_mode.png",                               "s": 2, "x": 12, "y": 12 },
    "scrollbox_direction":                { "path": "./icon/s_scrollbox_direction.png",                     "s": 2, "x": 10, "y": 10 },
    "view_pan":                           { "path": "./icon/s_view_pan.png",                                "s": 1, "x":  8, "y":  8 },
    "view_zoom":                          { "path": "./icon/s_view_zoom.png",                               "s": 1, "x":  8, "y":  8 },
    "visible_12":                         { "path": "./icon/s_visible_12.png",                              "s": 2, "x":  6, "y":  6 },
    "visible":                            { "path": "./icon/s_visible.png",                                 "s": 2, "x": 12, "y": 12 },
    "websocket":                          { "path": "./icon/s_websocket.png",                               "s": 1, "x": 32, "y": 32 },
    "wiki":                               { "path": "./icon/s_wiki.png",                                    "s": 1, "x": 12, "y": 12 },
    "window_exit":                        { "path": "./icon/s_window_exit.png",                             "s": 1, "x":  8, "y":  8 },
    "window_fullscreen":                  { "path": "./icon/s_window_fullscreen.png",                       "s": 2, "x":  8, "y":  8 },
    "window_maximize":                    { "path": "./icon/s_window_maximize.png",                         "s": 2, "x":  8, "y":  8 },
    "window_minimize":                    { "path": "./icon/s_window_minimize.png",                         "s": 1, "x":  8, "y":  8 },
    "workshop_collection":                { "path": "./icon/s_group_workshop.png",                          "s": 1, "x": 24, "y": 24 },
    "workshop_download":                  { "path": "./icon/s_workshop_download.png",                       "s": 1, "x": 10, "y": 10 },
    "workshop_project":                   { "path": "./icon/s_project_workshop.png",                        "s": 1, "x": 24, "y": 24 },
    "workshop_update":                    { "path": "./icon/s_workshop_update.png",                         "s": 1, "x": 10, "y": 10 },
    "workshop_upload":                    { "path": "./icon/s_workshop_upload.png",                         "s": 1, "x": 10, "y": 10 },
    "youtube":                            { "path": "./icon/s_youtube.png",                                 "s": 1, "x": 12, "y": 12 },

    "inspector_area_type":                { "path": "./inspector/s_prop_area_type.png",                     "s": 3, "x":  8, "y":  8 },
    "inspector_area":                     { "path": "./inspector/s_inspector_area.png",                     "s": 2, "x": 12, "y": 12 },
    "inspector_corner":                   { "path": "./inspector/s_inspector_corner.png",                   "s": 1, "x": 48, "y": 48 },
    "inspector_padding":                  { "path": "./inspector/s_inspector_padding.png",                  "s": 1, "x": 48, "y": 48 },
    "inspector_surface_halign":           { "path": "./inspector/s_inspector_surface_halign.png",           "s": 3, "x": 12, "y": 12 },
    "inspector_surface_valign":           { "path": "./inspector/s_inspector_surface_valign.png",           "s": 3, "x": 12, "y": 12 },
    "inspector_text_halign":              { "path": "./inspector/s_inspector_text_halign.png",              "s": 3, "x": 12, "y": 12 },
    "inspector_text_valign":              { "path": "./inspector/s_inspector_text_valign.png",              "s": 3, "x": 12, "y": 12 },
    "prop_anchor":                        { "path": "./inspector/s_prop_anchor.png",                        "s": 2, "x":  5, "y":  5 },
    "prop_gradient":                      { "path": "./inspector/s_prop_gradient.png",                      "s": 2, "x": 10, "y": 16 },
    "prop_keyframe":                      { "path": "./inspector/s_prop_keyframe.png",                      "s": 3, "x":  8, "y":  8 },
    "prop_on_end":                        { "path": "./inspector/s_prop_on_end.png",                        "s": 4, "x":  8, "y":  8 },
    "prop_selecting":                     { "path": "./inspector/s_prop_selecting.png",                     "s": 1, "x":  0, "y":  0, "slice": 11 },
    "rotator_bg":                         { "path": "./inspector/s_rotator_bg.png",                         "s": 1, "x": 20, "y": 20 },
    "rotator_knob":                       { "path": "./inspector/s_rotator_knob.png",                       "s": 2, "x":  8, "y":  8 },

    "node_draw_area":                     { "path": "./node/s_node_draw_area.png",                          "s": 1, "x": 20, "y": 20 },
    "node_draw_path":                     { "path": "./node/s_node_draw_path.png",                          "s": 1, "x": 20, "y": 20 },
    "node_junction_add":                  { "path": "./node/s_node_junction_add.png",                       "s": 2, "x": 16, "y": 16 },
    "node_junction_inspector":            { "path": "./node/s_node_junction_inspector.png",                 "s": 2, "x": 16, "y": 16 },

    "node_junctions_single":              { "path": "./node/s_node_junctions_single.png",                   "s": 36, "x": 16, "y": 16 },
    "node_junctions_bg_x2":               { "path": "./node/s_node_junctions_bg_2x.png",                    "s": 36, "x": 16, "y": 16 },
    "node_junctions_outline_x2":          { "path": "./node/s_node_junctions_outline_2x.png",               "s": 36, "x": 16, "y": 16 },
    "node_junctions_outline_hover_x2":    { "path": "./node/s_node_junctions_outline_hover_2x.png",         "s": 36, "x": 16, "y": 16 },
    "node_junctions_bg":                  { "path": "./node/s_node_junctions_bg.png",                       "s": 36, "x":  8, "y":  8 },
    "node_junctions_outline":             { "path": "./node/s_node_junctions_outline.png",                  "s": 36, "x":  8, "y":  8 },
    "node_junctions_outline_hover":       { "path": "./node/s_node_junctions_outline_hover.png",            "s": 36, "x":  8, "y":  8 },

    "node_active":                        { "path": "./node/s_node_active.png",                             "s": 1, "x":  0, "y":  0, "slice":  7 },
    "node_bg_name":                       { "path": "./node/s_node_bg_name.png",                            "s": 1, "x":  0, "y":  0, "slice":  7 },
    "node_frame_name":                    { "path": "./node/s_node_frame_name.png",                         "s": 1, "x":  0, "y":  0, "slice": [ 7, 7, 7, 0 ] },
    "node_bg_pill":                       { "path": "./node/s_node_bg_pill.png",                            "s": 1, "x":  0, "y":  0, "slice": 15 },
    "node_bg":                            { "path": "./node/s_node_bg.png",                                 "s": 2, "x":  0, "y":  0, "slice":  7 },
    "node_checkbox":                      { "path": "./node/widget/s_node_checkbox.png",                    "s": 3, "x":  0, "y":  0, "slice":  7 },
    "node_coor_pin":                      { "path": "./node/widget/s_node_coor_pin.png",                    "s": 1, "x":  6, "y":  6 },
    "node_deprecated_badge":              { "path": "./node/s_node_deprecated_badge.png",                   "s": 2, "x": 18, "y":  9 },
    "node_frame_bg":                      { "path": "./node/s_node_frame_bg.png",                           "s": 2, "x":  0, "y":  0, "slice":  7 },
    "node_frame_title":                   { "path": "./node/s_node_frame_title.png",                        "s": 1, "x":  0, "y":  0, "slice":  7 },
    "node_glow_border":                   { "path": "./node/s_node_glow.png",                               "s": 1, "x": 15, "y": 15, "slice": 15 },
    "node_junction_name_bg":              { "path": "./node/s_node_junction_name_bg.png",                   "s": 1, "x":  0, "y":  0, "slice": 15 },
    "node_new_badge":                     { "path": "./node/s_node_new_badge.png",                          "s": 2, "x": 18, "y":  9 },
    "node_note_bg":                       { "path": "./node/s_node_note_bg.png",                            "s": 2, "x":  0, "y":  0, "slice":  7 },
    "node_note_pin":                      { "path": "./node/s_node_note_pin.png",                           "s": 2, "x":  6, "y":  6 },
    "node_note_resize":                   { "path": "./node/s_node_note_resize.png",                        "s": 2, "x": 16, "y": 16 },
    "node_note_selecting":                { "path": "./node/s_node_note_selecting.png",                     "s": 1, "x":  0, "y":  0, "slice":  7 },
    "node_note_title":                    { "path": "./node/s_node_note_title.png",                         "s": 1, "x":  0, "y":  0, "slice":  7 },
    "node_pin_bg_active":                 { "path": "./node/s_node_pin_active.png",                         "s": 1, "x": 20, "y": 20 },
    "node_pin_bg":                        { "path": "./node/s_node_pin.png",                                "s": 1, "x":  0, "y":  0, "slice": 15 },
    "node_rotator_bg":                    { "path": "./node/widget/s_node_rotator_bg.png",                  "s": 1, "x": 80, "y": 80 },
    "node_rotator_knob":                  { "path": "./node/widget/s_node_rotator_knob.png",                "s": 2, "x": 20, "y": 20 },
    "node_slider":                        { "path": "./node/widget/s_node_slider.png",                      "s": 5, "x":  0, "y":  0, "slice":  4 },
    "node_state":                         { "path": "./node/s_node_state.png",                              "s": 4, "x": 12, "y": 12 },
    "node_trigger_icon":                  { "path": "./node/s_node_trigger.png",                            "s": 2, "x": 20, "y": 20 },
    "node_websocket_receive":             { "path": "./node/assets/s_websocket_receive.png",                "s": 1, "x": 64, "y": 64 },
    "node_websocket_send":                { "path": "./node/assets/s_websocket_send.png",                   "s": 1, "x": 64, "y": 64 },

    "gradient_mask":                      { "path": "./UI/s_gradient_mask.png",                             "s": 1, "x":  0, "y":  0, "slice":  3 },
    "key_display":                        { "path": "./UI/s_key_display.png",                               "s": 1, "x":  0, "y":  0, "slice": 10 },
    "menu_button_mask":                   { "path": "./UI/s_menu_white.png",                                "s": 2, "x":  0, "y":  0, "slice":  3 },
    "menu_button":                        { "path": "./UI/s_menu_button.png",                               "s": 1, "x":  0, "y":  0, "slice":  3 },
    "menu_separator":                     { "path": "./UI/s_menu_separator.png",                            "s": 1, "x":  3, "y":  3, "slice":  0 },
    "palette_mask":                       { "path": "./UI/s_palette_mask.png",                              "s": 10, "x": 0, "y":  0, "slice":  3 },
    "palette_selecting":                  { "path": "./UI/s_palette_selecting.png",                         "s": 1, "x":  0, "y":  0, "slice": 10 },
    "palette_separator":                  { "path": "./UI/s_palette_separator.png",                         "s": 1, "x":  0, "y":  0, "slice":  4 },
    "timeline_color":                     { "path": "./UI/s_ui_timeline_color.png",                         "s": 3, "x":  8, "y":  8 },
    "timeline_dopesheet_bg":              { "path": "./UI/s_timeline_dopesheet_bg.png",                     "s": 1, "x":  0, "y":  0, "slice":  5 },
    "timeline_folder":                    { "path": "./UI/s_ui_timeline_folder.png",                        "s": 2, "x":  0, "y":  0, "slice":  5 },
    "timeline_node":                      { "path": "./UI/s_ui_timeline_node.png",                          "s": 2, "x":  0, "y":  0, "slice":  5 },
    "tool_side":                          { "path": "./UI/s_tool_side.png",                                 "s": 1, "x":  0, "y":  0, "slice":  4 },
    "toolbar_shadow":                     { "path": "./UI/s_toolbar_shadow.png",                            "s": 1, "x":  6, "y":  6 },
    "toolbar":                            { "path": "./UI/s_toolbar.png",                                   "s": 2, "x":  0, "y":  0, "slice":  4 },
    "ui_panel_active":                    { "path": "./UI/s_ui_panel_active.png",                           "s": 2, "x":  0, "y":  0, "slice":  4 },
    "ui_panel_bg_cover":                  { "path": "./s_empty.png",                                        "s": 1, "x":  0, "y":  0 },
    "ui_panel_bg":                        { "path": "./UI/s_ui_panel_bg.png",                               "s": 5, "x":  0, "y":  0, "slice":  6 },
    "ui_panel_fg":                        { "path": "./UI/s_ui_panel_fg.png",                               "s": 2, "x":  0, "y":  0, "slice":  5 },
    "ui_panel_tab":                       { "path": "./UI/s_ui_panel_tab.png",                              "s": 4, "x":  0, "y":  0, "slice":  5 },
    "ui_scrollbar":                       { "path": "./UI/s_ui_scroll_bar.png",                             "s": 1, "x":  0, "y":  0, "slice":  1 },
    "ui_selection_range_hori":            { "path": "./UI/s_ui_selection_range_hori.png",                   "s": 1, "x":  0, "y":  0, "slice": [ 10,  7,  4,  4 ] },
    "ui_selection_range_sim_hori":        { "path": "./UI/s_ui_selection_range_sim_hori.png",               "s": 1, "x":  0, "y":  0, "slice": [ 10,  7,  4,  4 ] },
    "ui_selection":                       { "path": "./UI/s_ui_selection.png",                              "s": 1, "x":  0, "y":  0, "slice":  4 },
    "ui_panel_selection":                 { "path": "./UI/s_ui_panel_selection.png",                        "s": 1, "x":  0, "y":  0, "slice":  7, "slicemode": 1 },
    
    "anchor_arrow":                       { "path": "./preview/s_anchor_arrow.png",                         "s": 4, "x":  9, "y":  9 },
    "anchor_bone_stick":                  { "path": "./preview/s_anchor_bone_stick.png",                    "s": 2, "x":  9, "y":  9 },
    "anchor_rotate":                      { "path": "./preview/s_anchor_rotate.png",                        "s": 4, "x": 12, "y": 12 },
    "anchor_scale_hori":                  { "path": "./preview/s_anchor_scale_hori.png",                    "s": 4, "x": 12, "y": 12 },
    "anchor_scale":                       { "path": "./preview/s_anchor_scale.png",                         "s": 4, "x": 12, "y": 12 },
    "anchor_selector":                    { "path": "./preview/s_anchor_selector.png",                      "s": 6, "x":  9, "y":  9 },
    "anchor_solid_hori":                  { "path": "./preview/s_anchor_solid.png",                         "s": 4, "x": 16, "y": 10 },
    "anchor":                             { "path": "./preview/s_anchor.png",                               "s": 4, "x": 10, "y": 10 },
    "cursor_path_add":                    { "path": "./preview/s_cursor_path_add.png",                      "s": 2, "x":  0, "y":  0 },
    "cursor_path_anchor":                 { "path": "./preview/s_cursor_path_anchor.png",                   "s": 2, "x":  0, "y":  0 },
    "cursor_path_move":                   { "path": "./preview/s_cursor_path_move.png",                     "s": 2, "x":  0, "y":  0 },
    "cursor_path_remove":                 { "path": "./preview/s_cursor_path_remove.png",                   "s": 2, "x":  0, "y":  0 },
    "preview_bone_IK":                    { "path": "./preview/s_bone_IK.png",                              "s": 1, "x": 24, "y": 24 },
    "preview_crosshair":                  { "path": "./preview/s_preview_crosshair.png",                    "s": 1, "x":  7, "y":  7 },

    "timeline_ease":                      { "path": "./timeline/s_timeline_ease.png",                       "s": 6, "x": 12, "y": 12 },
    "timeline_elastic":                   { "path": "./timeline/s_timeline_elastic.png",                    "s": 1, "x":  8, "y":  2, "slice":  0 },
    "timeline_key_ease":                  { "path": "./timeline/s_timelime_key_ease.png",                   "s": 2, "x":  8, "y":  8 },
    "timeline_key_empty":                 { "path": "./timeline/s_timelime_key_empty.png",                  "s": 2, "x":  8, "y":  8 },
    "timeline_keyframe_outline":          { "path": "./timeline/s_timeline_keyframe_outline.png",           "s": 3, "x":  8, "y":  8 },
    "timeline_keyframe_selecting":        { "path": "./timeline/s_timeline_keyframe_selecting.png",         "s": 3, "x": 10, "y": 10 },
    "timeline_keyframe":                  { "path": "./timeline/s_timeline_keyframes.png",                  "s": 3, "x":  8, "y":  8 },
    "timeline_onion_skin":                { "path": "./timeline/s_timeline_onion_skin.png",                 "s": 2, "x":  8, "y":  8, "slice":  7 },

    "curve_presets":                      { "path": "./inspector/s_inspector_curve_presets.png",            "s": 4, "x": 12, "y": 12 },
    "inspector_channel":                  { "path": "./inspector/s_inspector_channel.png",                  "s": 4, "x": 12, "y": 12 },
    "inspector_checkbox":                 { "path": "./inspector/s_inspector_checkbox.png",                 "s": 2, "x": 10, "y": 10 },
    "obj_angle":                          { "path": "./inspector/s_inspector_obj_angle.png",                "s": 4, "x": 12, "y": 12 },
    "obj_direction":                      { "path": "./inspector/s_inspector_direction.png",                "s": 4, "x": 12, "y": 12 },
    "obj_distribute_h":                   { "path": "./inspector/s_obj_distribute_h.png",                   "s": 1, "x": 12, "y": 12 },
    "obj_distribute_v":                   { "path": "./inspector/s_obj_distribute_v.png",                   "s": 1, "x": 12, "y": 12 },
    "obj_draw_line":                      { "path": "./inspector/s_inspector_draw_line.png",                "s": 4, "x": 12, "y": 12 },
    "obj_hemicircle":                     { "path": "./inspector/s_inspector_obj_hemicircle.png",           "s": 4, "x": 12, "y": 12 },
    "object_halign":                      { "path": "./inspector/s_inspector_obj_halign.png",               "s": 3, "x": 12, "y": 12 },
    "object_valign":                      { "path": "./inspector/s_inspector_obj_valign.png",               "s": 3, "x": 12, "y": 12 },
    
    "bone_tool_add":                      { "path": "./tool/s_bone_tool_add.png",                           "s": 2, "x":  9, "y":  9 },
    "bone_tool_detach":                   { "path": "./tool/s_bone_tool_detach.png",                        "s": 2, "x":  9, "y":  9 },
    "bone_tool_IK":                       { "path": "./tool/s_bone_tool_IK.png",                            "s": 2, "x":  9, "y":  9 },
    "bone_tool_move":                     { "path": "./tool/s_bone_tool_move.png",                          "s": 2, "x":  9, "y":  9 },
    "bone_tool_remove":                   { "path": "./tool/s_bone_tool_remove.png",                        "s": 2, "x":  9, "y":  9 },
    "bone_tool_scale":                    { "path": "./tool/s_bone_tool_scale.png",                         "s": 2, "x":  9, "y":  9 },
    "bone_tool_transform":                { "path": "./tool/s_bone_tool_transform.png",                     "s": 2, "x":  9, "y":  9 },
    "canvas_draw_layer":                  { "path": "./tool/s_canvas_draw_layer.png",                       "s": 3, "x":  8, "y":  8 },
    "canvas_iso_angle":                   { "path": "./tool/s_canvas_iso_angle.png",                        "s": 2, "x":  8, "y":  8 },
    "canvas_fill_type":                   { "path": "./tool/s_canvas_fill_type.png",                        "s": 3, "x":  8, "y":  8 },
    "canvas_flip_h":                      { "path": "./tool/s_canvas_flip_h.png",                           "s": 2, "x":  9, "y":  9 },
    "canvas_flip_v":                      { "path": "./tool/s_canvas_flip_v.png",                           "s": 2, "x":  9, "y":  9 },
    "canvas_mirror_diag":                 { "path": "./tool/s_canvas_mirror_diag.png",                      "s": 3, "x":  8, "y":  8 },
    "canvas_mirror":                      { "path": "./tool/s_canvas_mirror.png",                           "s": 3, "x":  8, "y":  8 },
    "canvas_resize":                      { "path": "./tool/s_canvas_resize.png",                           "s": 2, "x":  9, "y":  9 },
    "canvas_rotate_ccw":                  { "path": "./tool/s_canvas_rotate_ccw.png",                       "s": 2, "x":  9, "y":  9 },
    "canvas_rotate_cw":                   { "path": "./tool/s_canvas_rotate_cw.png",                        "s": 2, "x":  9, "y":  9 },
    "canvas_tool_curve_icon":             { "path": "./tool/s_canvas_tool_curve.png",                       "s": 2, "x":  9, "y":  9 },
    "canvas_tools_bucket":                { "path": "./tool/s_canvas_tools_bucket.png",                     "s": 2, "x":  9, "y":  9 },
    "canvas_tools_ellip_fill":            { "path": "./tool/s_canvas_tools_ellip_fill.png",                 "s": 2, "x":  9, "y":  9 },
    "canvas_tools_ellip":                 { "path": "./tool/s_canvas_tools_ellip.png",                      "s": 2, "x":  9, "y":  9 },
    "canvas_tools_iso_cube_fill":         { "path": "./tool/s_canvas_tools_iso_cube_fill.png",              "s": 2, "x":  9, "y":  9 },
    "canvas_tools_iso_cube_wire":         { "path": "./tool/s_canvas_tools_iso_cube_wire.png",              "s": 2, "x":  9, "y":  9 },
    "canvas_tools_iso_cube":              { "path": "./tool/s_canvas_tools_iso_cube.png",                   "s": 2, "x":  9, "y":  9 },
    "canvas_tools_eraser":                { "path": "./tool/s_canvas_tools_eraser.png",                     "s": 2, "x":  9, "y":  9 },
    "canvas_tools_extrude":               { "path": "./tool/s_canvas_tools_extrude.png",                    "s": 2, "x":  9, "y":  9 },
    "canvas_tools_freeform_selection":    { "path": "./tool/s_canvas_tools_freeform_selection.png",         "s": 2, "x":  9, "y":  9 },
    "canvas_tools_freeform":              { "path": "./tool/s_canvas_tools_freeform.png",                   "s": 2, "x":  9, "y":  9 },
    "canvas_tools_inset":                 { "path": "./tool/s_canvas_tools_inset.png",                      "s": 2, "x":  9, "y":  9 },
    "canvas_tools_magic_selection":       { "path": "./tool/s_canvas_tools_magic_selection.png",            "s": 2, "x":  9, "y":  9 },
    "canvas_tools_corner":                { "path": "./tool/s_canvas_tools_corner.png",                     "s": 2, "x":  9, "y":  9 },
    "canvas_tools_node":                  { "path": "./tool/s_canvas_tools_node.png",                       "s": 2, "x":  9, "y":  9 },
    "canvas_tools_outline":               { "path": "./tool/s_canvas_tools_outline.png",                    "s": 2, "x":  9, "y":  9 },
    "canvas_tools_pencil":                { "path": "./tool/s_canvas_tools_pencil.png",                     "s": 2, "x":  9, "y":  9 },
    "canvas_tools_rect_fill":             { "path": "./tool/s_canvas_tools_rect_fill.png",                  "s": 2, "x":  9, "y":  9 },
    "canvas_tools_rect":                  { "path": "./tool/s_canvas_tools_rect.png",                       "s": 2, "x":  9, "y":  9 },
    "canvas_tools_selection_brush":       { "path": "./tool/s_canvas_tools_selection_brush.png",            "s": 2, "x":  9, "y":  9 },
    "canvas_tools_selection_circle":      { "path": "./tool/s_canvas_selection_circle.png",                 "s": 2, "x":  9, "y":  9 },
    "canvas_tools_selection_rectangle":   { "path": "./tool/s_canvas_selection_rectangle.png",              "s": 2, "x":  9, "y":  9 },
    "canvas_tools_skew":                  { "path": "./tool/s_canvas_tools_skew.png",                       "s": 2, "x":  9, "y":  9 },
    "control_add":                        { "path": "./tool/s_control_add.png",                             "s": 2, "x":  9, "y":  9 },
    "control_pin":                        { "path": "./tool/s_control_pin.png",                             "s": 2, "x":  9, "y":  9 },
    "control_remove":                     { "path": "./tool/s_control_remove.png",                          "s": 2, "x":  9, "y":  9 },
    "control_unpin":                      { "path": "./tool/s_control_unpin.png",                           "s": 2, "x":  9, "y":  9 },
    "crop_fit_height":                    { "path": "./tool/s_crop_fit_height.png",                         "s": 2, "x":  9, "y":  9 },
    "crop_fit_width":                     { "path": "./tool/s_crop_fit_width.png",                          "s": 2, "x":  9, "y":  9 },
    "crop_tool":                          { "path": "./tool/s_crop_tool.png",                               "s": 2, "x":  9, "y":  9 },
    "mesh_tool_delete":                   { "path": "./tool/s_mesh_delete.png",                             "s": 2, "x":  9, "y":  9 },
    "mesh_tool_edit":                     { "path": "./tool/s_mesh_edit.png",                               "s": 2, "x":  9, "y":  9 },
    "path_tools_add":                     { "path": "./tool/s_path_tools_add.png",                          "s": 2, "x":  9, "y":  9 },
    "path_tools_anchor":                  { "path": "./tool/s_path_tools_anchor.png",                       "s": 2, "x":  9, "y":  9 },
    "path_tools_circle":                  { "path": "./tool/s_path_tools_circle.png",                       "s": 2, "x":  9, "y":  9 },
    "path_tools_draw":                    { "path": "./tool/s_path_tools_draw.png",                         "s": 2, "x":  9, "y":  9 },
    "path_tools_rectangle":               { "path": "./tool/s_path_tools_rectangle.png",                    "s": 2, "x":  9, "y":  9 },
    "path_tools_transform":               { "path": "./tool/s_path_tools_transform.png",                    "s": 2, "x":  9, "y":  9 },
    "splice_draw":                        { "path": "./tool/s_splice_draw.png",                             "s": 2, "x":  9, "y":  9 },
    "strand_comb":                        { "path": "./tool/s_strand_tool_comb.png",                        "s": 2, "x":  9, "y":  9 },
    "strand_cut":                         { "path": "./tool/s_strand_tool_cut.png",                         "s": 2, "x":  9, "y":  9 },
    "strand_grab":                        { "path": "./tool/s_strand_tool_grab.png",                        "s": 2, "x":  9, "y":  9 },
    "strand_push":                        { "path": "./tool/s_strand_tool_push.png",                        "s": 2, "x":  9, "y":  9 },
    "strand_stretch":                     { "path": "./tool/s_strand_tool_stretch.png",                     "s": 2, "x":  9, "y":  9 },
    "toolbar_check":                      { "path": "./tool/s_toolbar_check.png",                           "s": 2, "x":  8, "y":  8 },
    "tools_3d_rotate":                    { "path": "./tool/s_3d_tool_rotate.png",                          "s": 2, "x":  9, "y":  9 },
    "tools_3d_scale":                     { "path": "./tool/s_3d_tool_scale.png",                           "s": 2, "x":  9, "y":  9 },
    "tools_3d_transform_object":          { "path": "./tool/s_3d_tool_transform_object.png",                "s": 2, "x":  9, "y":  9 },
    "tools_3d_transform":                 { "path": "./tool/s_3d_tool_transform.png",                       "s": 2, "x":  9, "y":  9 },
    "tools_canvas_channel":               { "path": "./tool/s_canvas_channel.png",                          "s": 4, "x":  8, "y":  8 },

    "button_def":                         { "path": "./widget/s_button.png",                                "s": 4, "x":  0, "y":  0, "slice":  7 },
    "button_hide_circle_28":              { "path": "./widget/s_button_hide_circle_28.png",                 "s": 4, "x": 14, "y": 14 },
    "button_hide_fill":                   { "path": "./widget/s_button_hide_fill.png",                      "s": 4, "x":  0, "y":  0, "slice":  7 },
    "button_hide_left":                   { "path": "./widget/s_button_hide_left.png",                      "s": 4, "x":  0, "y":  0, "slice":  7 },
    "button_hide_middle":                 { "path": "./widget/s_button_hide_middle.png",                    "s": 4, "x":  0, "y":  0, "slice":  7 },
    "button_hide_right":                  { "path": "./widget/s_button_hide_right.png",                     "s": 4, "x":  0, "y":  0, "slice":  7 },
    "button_hide":                        { "path": "./widget/s_button_hide.png",                           "s": 4, "x":  0, "y":  0, "slice":  7 },
    "button_left":                        { "path": "./widget/s_button_left.png",                           "s": 4, "x":  0, "y":  0, "slice":  7 },
    "button_lime":                        { "path": "./widget/s_button_lime.png",                           "s": 4, "x":  0, "y":  0, "slice":  7 },
    "button_middle":                      { "path": "./widget/s_button_middle.png",                         "s": 4, "x":  0, "y":  0, "slice":  7 },
    "button_right":                       { "path": "./widget/s_button_right.png",                          "s": 4, "x":  0, "y":  0, "slice":  7 },
    "checkbox_active":                    { "path": "./widget/s_checkbox_active.png",                       "s": 2, "x":  0, "y":  0, "slice": 15 },
    "checkbox_def":                       { "path": "./widget/s_checkbox.png",                              "s": 4, "x":  0, "y":  0, "slice":  7 },
    "progress_bar":                       { "path": "./widget/s_progress_bar.png",                          "s": 2, "x":  0, "y":  0, "slice":  5 },
    "textbox_code":                       { "path": "./widget/s_textbox_code_line.png",                     "s": 1, "x":  0, "y":  0, "slice":  5 },
    "textbox_header":                     { "path": "./widget/s_text_box_header.png",                       "s": 1, "x":  0, "y":  0, "slice":  5 },
    "textbox":                            { "path": "./widget/s_textbox.png",                               "s": 5, "x":  0, "y":  0, "slice":  5 },
    "widget_selecting":                   { "path": "./widget/s_widget_highlight.png",                      "s": 1, "x":  0, "y":  0, "slice":  5 },
}