{"sprites":{"send":{"width":48,"xoffset":24,"yoffset":24,"frames":[{"x":240,"y":848}],"height":48},"minus_16":{"width":32,"xoffset":16,"yoffset":16,"frames":[{"x":960,"y":1108}],"height":32},"node_new_badge":{"width":72,"xoffset":36,"yoffset":18,"frames":[{"x":612,"y":1008},{"x":684,"y":1008}],"height":36},"node_deprecated_badge":{"width":72,"xoffset":36,"yoffset":18,"frames":[{"x":468,"y":1008},{"x":540,"y":1008}],"height":36},"scrollbox_direction":{"width":40,"xoffset":20,"yoffset":20,"frames":[{"x":640,"y":896},{"x":680,"y":896}],"height":40},"favorite":{"width":32,"xoffset":16,"yoffset":16,"frames":[{"x":704,"y":1108},{"x":736,"y":1108}],"height":32},"patreon_supporter":{"width":48,"xoffset":24,"yoffset":24,"frames":[{"x":928,"y":800},{"x":976,"y":800}],"height":48},"toolbar":{"height":12,"width":12,"nineslice":{"left":4,"bottom":4,"tilemode_left":0,"right":4,"top":4,"tilemode_right":0,"tilemode_top":0,"tilemode_bottom":0,"tilemode_centre":0},"xoffset":0,"yoffset":0,"frames":[{"x":959,"y":1140},{"x":971,"y":1140}]},"checkbox_def":{"height":16,"width":16,"nineslice":{"left":7,"bottom":7,"tilemode_left":0,"right":7,"top":7,"tilemode_right":0,"tilemode_top":0,"tilemode_bottom":0,"tilemode_centre":0},"xoffset":0,"yoffset":0,"frames":[{"x":464,"y":1140},{"x":480,"y":1140},{"x":496,"y":1140},{"x":512,"y":1140}]},"bone_move":{"width":96,"xoffset":48,"yoffset":48,"frames":[{"x":576,"y":128}],"height":96},"visible":{"width":48,"xoffset":24,"yoffset":24,"frames":[{"x":256,"y":800},{"x":304,"y":800}],"height":48},"animation_stretch":{"width":40,"xoffset":20,"yoffset":12,"frames":[{"x":1574,"y":1108},{"x":1614,"y":1108}],"height":24},"junc_krita":{"width":42,"xoffset":20,"yoffset":20,"frames":[{"x":1914,"y":848}],"height":42},"pxc_hub":{"width":32,"xoffset":16,"yoffset":16,"frames":[{"x":1984,"y":1044}],"height":32},"download":{"width":48,"xoffset":24,"yoffset":24,"frames":[{"x":1344,"y":704}],"height":48},"vfx":{"width":32,"xoffset":16,"yoffset":16,"frames":[{"x":1408,"y":1044}],"height":32},"filter":{"width":48,"xoffset":24,"yoffset":24,"frames":[{"x":1056,"y":704}],"height":48},"bone_rotate":{"width":96,"xoffset":48,"yoffset":48,"frames":[{"x":768,"y":128}],"height":96},"animate_node_go":{"width":20,"xoffset":10,"yoffset":10,"frames":[{"x":1835,"y":1108}],"height":20},"bone_scale":{"width":96,"xoffset":48,"yoffset":48,"frames":[{"x":384,"y":128}],"height":96},"arrow_wire_16":{"width":32,"xoffset":16,"yoffset":16,"frames":[{"x":768,"y":1044},{"x":800,"y":1044},{"x":832,"y":1044},{"x":864,"y":1044}],"height":32},"group_s":{"width":32,"xoffset":16,"yoffset":16,"frames":[{"x":672,"y":1044}],"height":32},"lock":{"width":48,"xoffset":24,"yoffset":24,"frames":[{"x":336,"y":704},{"x":384,"y":704}],"height":48},"home":{"width":48,"xoffset":24,"yoffset":24,"frames":[{"x":1584,"y":656}],"height":48},"preview_bone_IK":{"width":96,"xoffset":48,"yoffset":48,"frames":[{"x":864,"y":128},{"x":960,"y":128}],"height":96},"circle":{"width":16,"xoffset":8,"yoffset":8,"frames":[{"x":192,"y":1140}],"height":16},"cross":{"width":48,"xoffset":24,"yoffset":24,"frames":[{"x":1680,"y":608}],"height":48},"text_tools_edit":{"width":36,"xoffset":18,"yoffset":18,"frames":[{"x":1548,"y":972},{"x":1584,"y":972}],"height":36},"chat":{"width":48,"xoffset":24,"yoffset":24,"frames":[{"x":1344,"y":608}],"height":48},"play_all":{"width":48,"xoffset":24,"yoffset":24,"frames":[{"x":1776,"y":560}],"height":48},"ui_panel_selection":{"height":26,"width":26,"nineslice":{"left":7,"bottom":7,"tilemode_left":1,"right":7,"top":7,"tilemode_right":1,"tilemode_top":1,"tilemode_bottom":1,"tilemode_centre":1},"xoffset":0,"yoffset":0,"frames":[{"x":1152,"y":1108}]},"icon_font":{"width":32,"xoffset":16,"yoffset":16,"frames":[{"x":384,"y":1076}],"height":32},"feedback":{"width":32,"xoffset":16,"yoffset":16,"frames":[{"x":640,"y":1076}],"height":32},"feedback_24":{"width":48,"xoffset":24,"yoffset":24,"frames":[{"x":1632,"y":560}],"height":48},"refresh_icon":{"width":48,"xoffset":24,"yoffset":24,"frames":[{"x":1584,"y":560}],"height":48},"heart":{"width":32,"xoffset":16,"yoffset":16,"frames":[{"x":1440,"y":1044}],"height":32},"arrow_back_32":{"width":64,"xoffset":32,"yoffset":32,"frames":[{"x":1920,"y":128}],"height":64},"path_tools_draw":{"width":36,"xoffset":18,"yoffset":18,"frames":[{"x":1116,"y":972},{"x":1152,"y":972}],"height":36},"discord":{"width":48,"xoffset":24,"yoffset":24,"frames":[{"x":1680,"y":512}],"height":48},"box_r2":{"height":12,"width":12,"nineslice":{"left":3,"bottom":3,"tilemode_left":0,"right":3,"top":3,"tilemode_right":0,"tilemode_top":0,"tilemode_bottom":0,"tilemode_centre":0},"xoffset":0,"yoffset":0,"frames":[{"x":1043,"y":1140},{"x":1055,"y":1140}]},"bone_tool_add":{"width":36,"xoffset":18,"yoffset":18,"frames":[{"x":1188,"y":972},{"x":1224,"y":972}],"height":36},"bone_tool_add_control":{"width":36,"xoffset":18,"yoffset":18,"frames":[{"x":612,"y":936},{"x":648,"y":936}],"height":36},"path_tools_weight_edit":{"width":36,"xoffset":18,"yoffset":18,"frames":[{"x":396,"y":936},{"x":432,"y":936}],"height":36},"new_line_shift":{"width":48,"xoffset":24,"yoffset":24,"frames":[{"x":1392,"y":512},{"x":1440,"y":512}],"height":48},"path_tools_circle_mid_point":{"width":36,"xoffset":18,"yoffset":18,"frames":[{"x":1776,"y":896},{"x":1812,"y":896}],"height":36},"bone_tool_remove":{"width":36,"xoffset":18,"yoffset":18,"frames":[{"x":324,"y":936},{"x":360,"y":936}],"height":36},"path_tools_circle":{"width":36,"xoffset":18,"yoffset":18,"frames":[{"x":1620,"y":936},{"x":1656,"y":936}],"height":36},"workshop_upload":{"width":40,"xoffset":20,"yoffset":20,"frames":[{"x":1360,"y":896}],"height":40},"path_tools_rectangle":{"width":36,"xoffset":18,"yoffset":18,"frames":[{"x":1692,"y":936},{"x":1728,"y":936}],"height":36},"code_show_line":{"width":48,"xoffset":24,"yoffset":24,"frames":[{"x":1680,"y":416},{"x":1728,"y":416}],"height":48},"path_tools_arc":{"width":36,"xoffset":18,"yoffset":18,"frames":[{"x":1908,"y":936},{"x":1944,"y":936}],"height":36},"workshop_update":{"width":40,"xoffset":20,"yoffset":20,"frames":[{"x":1200,"y":896}],"height":40},"code_show_auto":{"width":48,"xoffset":24,"yoffset":24,"frames":[{"x":1272,"y":256},{"x":1320,"y":256}],"height":48},"path_tools_line_curve":{"width":36,"xoffset":18,"yoffset":18,"frames":[{"x":1980,"y":936},{"x":0,"y":972}],"height":36},"panel_icon_element_button":{"width":128,"xoffset":64,"yoffset":64,"frames":[{"x":0,"y":0}],"height":128},"path_tools_line":{"width":36,"xoffset":18,"yoffset":18,"frames":[{"x":180,"y":972},{"x":216,"y":972}],"height":36},"path_tools_transform":{"width":36,"xoffset":18,"yoffset":18,"frames":[{"x":252,"y":972},{"x":288,"y":972}],"height":36},"code_syntax_highlight":{"width":48,"xoffset":24,"yoffset":24,"frames":[{"x":1416,"y":256},{"x":1464,"y":256}],"height":48},"panel_icon_element_choices":{"width":128,"xoffset":64,"yoffset":64,"frames":[{"x":128,"y":128}],"height":128},"bone_tool_IK":{"width":36,"xoffset":18,"yoffset":18,"frames":[{"x":324,"y":972},{"x":360,"y":972}],"height":36},"bone_tool_detach":{"width":36,"xoffset":18,"yoffset":18,"frames":[{"x":396,"y":972},{"x":432,"y":972}],"height":36},"bone_tool_mirror":{"width":36,"xoffset":18,"yoffset":18,"frames":[{"x":468,"y":972},{"x":504,"y":972}],"height":36},"bone_tool_move":{"width":36,"xoffset":18,"yoffset":18,"frames":[{"x":756,"y":972},{"x":792,"y":972}],"height":36},"icon_splash_show_on_start":{"width":48,"xoffset":24,"yoffset":24,"frames":[{"x":48,"y":320},{"x":96,"y":320}],"height":48},"panel_icon_element_color":{"width":128,"xoffset":64,"yoffset":64,"frames":[{"x":128,"y":0}],"height":128},"noti_icon_tick":{"width":40,"xoffset":20,"yoffset":20,"frames":[{"x":1000,"y":896}],"height":40},"steam_invert_24":{"width":48,"xoffset":24,"yoffset":24,"frames":[{"x":144,"y":320}],"height":48},"fluid_sim":{"width":32,"xoffset":16,"yoffset":16,"frames":[{"x":2016,"y":1044}],"height":32},"explorer":{"width":40,"xoffset":20,"yoffset":20,"frames":[{"x":960,"y":896}],"height":40},"textbox_arrow":{"width":24,"xoffset":12,"yoffset":0,"frames":[{"x":1750,"y":1108}],"height":24},"cross_12":{"width":24,"xoffset":12,"yoffset":12,"frames":[{"x":1430,"y":1108}],"height":24},"sequence_control":{"width":48,"xoffset":24,"yoffset":24,"frames":[{"x":624,"y":320},{"x":672,"y":320},{"x":720,"y":320},{"x":768,"y":320},{"x":816,"y":320},{"x":864,"y":320},{"x":912,"y":320}],"height":48},"trophy":{"width":48,"xoffset":24,"yoffset":24,"frames":[{"x":960,"y":320}],"height":48},"tunnel_create":{"width":48,"xoffset":24,"yoffset":24,"frames":[{"x":1008,"y":320}],"height":48},"pin":{"width":40,"xoffset":20,"yoffset":20,"frames":[{"x":560,"y":896},{"x":600,"y":896}],"height":40},"inspector_pb_line":{"width":48,"xoffset":24,"yoffset":24,"frames":[{"x":1104,"y":320},{"x":1152,"y":320},{"x":1200,"y":320},{"x":1248,"y":320},{"x":1296,"y":320},{"x":1344,"y":320}],"height":48},"textbox_header":{"height":12,"width":12,"nineslice":{"left":5,"bottom":5,"tilemode_left":0,"right":5,"top":5,"tilemode_right":0,"tilemode_top":0,"tilemode_bottom":0,"tilemode_centre":0},"xoffset":0,"yoffset":0,"frames":[{"x":1007,"y":1140}]},"play_sound":{"width":48,"xoffset":24,"yoffset":24,"frames":[{"x":1536,"y":320},{"x":1584,"y":320}],"height":48},"color_selector_view":{"width":48,"xoffset":24,"yoffset":24,"frames":[{"x":1632,"y":320},{"x":1680,"y":320}],"height":48},"ui_panel":{"height":12,"width":12,"nineslice":{"left":4,"bottom":4,"tilemode_left":0,"right":4,"top":4,"tilemode_right":0,"tilemode_top":0,"tilemode_bottom":0,"tilemode_centre":0},"xoffset":0,"yoffset":0,"frames":[{"x":923,"y":1140},{"x":935,"y":1140},{"x":947,"y":1140}]},"color_selector_slide":{"width":48,"xoffset":24,"yoffset":24,"frames":[{"x":1776,"y":320},{"x":1824,"y":320}],"height":48},"color_selector_range":{"width":48,"xoffset":24,"yoffset":24,"frames":[{"x":1872,"y":320},{"x":1920,"y":320}],"height":48},"icon_default":{"width":32,"xoffset":16,"yoffset":16,"frames":[{"x":1504,"y":1044}],"height":32},"steam":{"width":32,"xoffset":16,"yoffset":16,"frames":[{"x":1472,"y":1044}],"height":32},"steam_creator":{"width":32,"xoffset":16,"yoffset":16,"frames":[{"x":1216,"y":1044}],"height":32},"globe":{"width":48,"xoffset":24,"yoffset":24,"frames":[{"x":192,"y":368}],"height":48},"icon_tile_view":{"width":48,"xoffset":24,"yoffset":24,"frames":[{"x":240,"y":368},{"x":288,"y":368},{"x":336,"y":368},{"x":384,"y":368}],"height":48},"icon_split_view":{"width":48,"xoffset":24,"yoffset":24,"frames":[{"x":432,"y":368},{"x":480,"y":368},{"x":528,"y":368}],"height":48},"icon_reset_when_preview":{"width":48,"xoffset":24,"yoffset":24,"frames":[{"x":720,"y":368},{"x":768,"y":368}],"height":48},"color_picker_box":{"height":24,"width":24,"nineslice":{"left":10,"bottom":10,"tilemode_left":0,"right":10,"top":10,"tilemode_right":0,"tilemode_top":0,"tilemode_bottom":0,"tilemode_centre":0},"xoffset":0,"yoffset":0,"frames":[{"x":1262,"y":1108},{"x":1286,"y":1108}]},"star":{"width":32,"xoffset":16,"yoffset":16,"frames":[{"x":1152,"y":1044}],"height":32},"icon_preview_mode":{"width":48,"xoffset":24,"yoffset":24,"frames":[{"x":960,"y":368},{"x":1008,"y":368},{"x":1056,"y":368}],"height":48},"node_websocket_receive":{"width":128,"xoffset":128,"yoffset":128,"frames":[{"x":256,"y":0}],"height":128},"icon_gizmo":{"width":48,"xoffset":24,"yoffset":24,"frames":[{"x":1104,"y":368},{"x":1152,"y":368}],"height":48},"node_goto_thin":{"width":48,"xoffset":24,"yoffset":24,"frames":[{"x":1344,"y":368}],"height":48},"stroke_position":{"width":48,"xoffset":24,"yoffset":24,"frames":[{"x":1200,"y":368},{"x":1248,"y":368},{"x":1296,"y":368}],"height":48},"d3d_preview_settings":{"width":48,"xoffset":24,"yoffset":24,"frames":[{"x":1488,"y":368}],"height":48},"stroke_profile":{"width":48,"xoffset":24,"yoffset":24,"frames":[{"x":1392,"y":368},{"x":1440,"y":368}],"height":48},"d3d_snap_settings":{"width":48,"xoffset":24,"yoffset":24,"frames":[{"x":1344,"y":416}],"height":48},"panel_icon_element_frame":{"width":128,"xoffset":64,"yoffset":64,"frames":[{"x":384,"y":0}],"height":128},"preview_bg_black":{"width":32,"xoffset":16,"yoffset":16,"frames":[{"x":896,"y":1044}],"height":32},"preview_bg_white":{"width":32,"xoffset":16,"yoffset":16,"frames":[{"x":736,"y":1044}],"height":32},"search_24":{"width":48,"xoffset":24,"yoffset":24,"frames":[{"x":1440,"y":416}],"height":48},"preview_bg_transparent":{"width":32,"xoffset":16,"yoffset":16,"frames":[{"x":704,"y":1044}],"height":32},"add_20":{"width":40,"xoffset":20,"yoffset":20,"frames":[{"x":0,"y":896}],"height":40},"node_websocket_send":{"width":128,"xoffset":128,"yoffset":128,"frames":[{"x":512,"y":0}],"height":128},"panel_icon_element_textbox":{"width":128,"xoffset":64,"yoffset":64,"frames":[{"x":640,"y":0}],"height":128},"panel_icon_element_text":{"width":128,"xoffset":64,"yoffset":64,"frames":[{"x":768,"y":0}],"height":128},"panel_icon_element_slider":{"width":128,"xoffset":64,"yoffset":64,"frames":[{"x":896,"y":0}],"height":128},"panel_icon_element_knob":{"width":128,"xoffset":64,"yoffset":64,"frames":[{"x":1024,"y":0}],"height":128},"panel_icon_element_node_output":{"width":128,"xoffset":64,"yoffset":64,"frames":[{"x":1152,"y":0}],"height":128},"panel_icon_element_node_input":{"width":128,"xoffset":64,"yoffset":64,"frames":[{"x":1280,"y":0}],"height":128},"panel_icon_element_frame_tab":{"width":128,"xoffset":64,"yoffset":64,"frames":[{"x":1408,"y":0}],"height":128},"animate_clock":{"width":32,"xoffset":16,"yoffset":16,"frames":[{"x":384,"y":1044},{"x":416,"y":1044},{"x":448,"y":1044}],"height":32},"panel_icon_element_frame_split":{"width":128,"xoffset":64,"yoffset":64,"frames":[{"x":1792,"y":0}],"height":128},"sort_16":{"width":32,"xoffset":16,"yoffset":16,"frames":[{"x":352,"y":1044}],"height":32},"panel_icon_element_frame_scroll":{"width":128,"xoffset":64,"yoffset":64,"frames":[{"x":1920,"y":0}],"height":128},"view_pan":{"width":32,"xoffset":16,"yoffset":16,"frames":[{"x":256,"y":1044}],"height":32},"panel_icon_element_frame_grid":{"width":128,"xoffset":64,"yoffset":64,"frames":[{"x":0,"y":128}],"height":128},"hamburger_s":{"width":32,"xoffset":16,"yoffset":16,"frames":[{"x":224,"y":1044}],"height":32},"icon_cmd_enter":{"width":32,"xoffset":16,"yoffset":16,"frames":[{"x":192,"y":1044}],"height":32},"flip_d":{"width":48,"xoffset":24,"yoffset":24,"frames":[{"x":1872,"y":560}],"height":48},"rigidSim":{"width":32,"xoffset":16,"yoffset":16,"frames":[{"x":160,"y":1044}],"height":32},"add_16_select":{"width":32,"xoffset":16,"yoffset":16,"frames":[{"x":128,"y":1044}],"height":32},"timeline_color":{"width":32,"xoffset":16,"yoffset":16,"frames":[{"x":2012,"y":1008},{"x":0,"y":1044},{"x":32,"y":1044}],"height":32},"info":{"width":32,"xoffset":16,"yoffset":16,"frames":[{"x":1980,"y":1008}],"height":32},"box_r2_clr":{"height":12,"width":12,"nineslice":{"left":7,"bottom":7,"tilemode_left":0,"right":7,"top":7,"tilemode_right":0,"tilemode_top":0,"tilemode_bottom":0,"tilemode_centre":0},"xoffset":0,"yoffset":0,"frames":[{"x":899,"y":1140},{"x":911,"y":1140}]},"info_light":{"width":32,"xoffset":16,"yoffset":16,"frames":[{"x":1916,"y":1008}],"height":32},"prop_keyframe":{"width":32,"xoffset":16,"yoffset":16,"frames":[{"x":1820,"y":1008},{"x":1852,"y":1008},{"x":1884,"y":1008}],"height":32},"ui_panel_bg":{"height":24,"width":24,"nineslice":{"left":6,"bottom":6,"tilemode_left":0,"right":6,"top":6,"tilemode_right":0,"tilemode_top":0,"tilemode_bottom":0,"tilemode_centre":0},"xoffset":0,"yoffset":0,"frames":[{"x":1310,"y":1108},{"x":1334,"y":1108},{"x":1358,"y":1108},{"x":1382,"y":1108},{"x":1406,"y":1108}]},"node_use_expression":{"width":32,"xoffset":16,"yoffset":16,"frames":[{"x":1024,"y":1108},{"x":1056,"y":1108},{"x":1088,"y":1108}],"height":32},"node_dropper":{"width":32,"xoffset":16,"yoffset":16,"frames":[{"x":1692,"y":1008}],"height":32},"text_popup":{"width":40,"xoffset":20,"yoffset":20,"frames":[{"x":1400,"y":896}],"height":40},"junction_bypass":{"width":48,"xoffset":24,"yoffset":24,"frames":[{"x":720,"y":608},{"x":768,"y":608}],"height":48},"pixel_builder":{"width":32,"xoffset":16,"yoffset":16,"frames":[{"x":1948,"y":1008}],"height":32},"sort":{"width":48,"xoffset":24,"yoffset":24,"frames":[{"x":864,"y":608}],"height":48},"folder_content":{"width":48,"xoffset":24,"yoffset":24,"frames":[{"x":912,"y":608},{"x":960,"y":608}],"height":48},"ac_node":{"width":32,"xoffset":18,"yoffset":18,"frames":[{"x":64,"y":1044},{"x":96,"y":1044}],"height":32},"minus":{"width":48,"xoffset":24,"yoffset":24,"frames":[{"x":1056,"y":608}],"height":48},"ui_scrollbar":{"height":4,"width":4,"nineslice":{"left":1,"bottom":1,"tilemode_left":0,"right":1,"top":1,"tilemode_right":0,"tilemode_top":0,"tilemode_bottom":0,"tilemode_centre":0},"xoffset":0,"yoffset":0,"frames":[{"x":1346,"y":1140}]},"arrow_24":{"width":48,"xoffset":24,"yoffset":24,"frames":[{"x":1152,"y":608},{"x":1200,"y":608},{"x":1248,"y":608},{"x":1296,"y":608}],"height":48},"inspector_checkbox":{"height":40,"width":40,"nineslice":{"left":4,"bottom":4,"tilemode_left":0,"right":4,"top":4,"tilemode_right":0,"tilemode_top":0,"tilemode_bottom":0,"tilemode_centre":0},"xoffset":20,"yoffset":20,"frames":[{"x":280,"y":896},{"x":320,"y":896}]},"junc_aseprite":{"width":42,"xoffset":20,"yoffset":20,"frames":[{"x":1872,"y":848}],"height":42},"generate_layers":{"width":48,"xoffset":24,"yoffset":24,"frames":[{"x":1536,"y":608}],"height":48},"keyframe_override":{"width":48,"xoffset":24,"yoffset":24,"frames":[{"x":1584,"y":608},{"x":1632,"y":608}],"height":48},"prop_on_end":{"width":32,"xoffset":16,"yoffset":16,"frames":[{"x":928,"y":1044},{"x":960,"y":1044},{"x":992,"y":1044},{"x":1024,"y":1044}],"height":32},"mk_tree_curve_branch":{"width":48,"xoffset":24,"yoffset":24,"frames":[{"x":1728,"y":608},{"x":1776,"y":608}],"height":48},"folder_16":{"width":32,"xoffset":16,"yoffset":16,"frames":[{"x":1344,"y":1044},{"x":1376,"y":1044}],"height":32},"mk_tree_curve_length":{"width":48,"xoffset":24,"yoffset":24,"frames":[{"x":0,"y":656},{"x":48,"y":656}],"height":48},"prop_selecting":{"height":24,"width":24,"nineslice":{"left":11,"bottom":11,"tilemode_left":0,"right":11,"top":11,"tilemode_right":0,"tilemode_top":0,"tilemode_bottom":0,"tilemode_centre":0},"xoffset":0,"yoffset":0,"frames":[{"x":1678,"y":1108}]},"mk_tree_leaf_unit":{"width":48,"xoffset":24,"yoffset":24,"frames":[{"x":288,"y":656},{"x":336,"y":656}],"height":48},"smoke_sim":{"width":32,"xoffset":16,"yoffset":16,"frames":[{"x":1536,"y":1044}],"height":32},"dynadraw":{"width":48,"xoffset":24,"yoffset":24,"frames":[{"x":576,"y":656}],"height":48},"textbox_code":{"height":12,"width":12,"nineslice":{"left":5,"bottom":5,"tilemode_left":0,"right":5,"top":5,"tilemode_right":0,"tilemode_top":0,"tilemode_bottom":0,"tilemode_centre":0},"xoffset":0,"yoffset":0,"frames":[{"x":832,"y":1140}]},"button_hide":{"height":16,"width":16,"nineslice":{"left":7,"bottom":7,"tilemode_left":0,"right":7,"top":7,"tilemode_right":0,"tilemode_top":0,"tilemode_bottom":0,"tilemode_centre":0},"xoffset":0,"yoffset":0,"frames":[{"x":528,"y":1140},{"x":544,"y":1140},{"x":560,"y":1140},{"x":576,"y":1140}]},"strandSim":{"width":32,"xoffset":16,"yoffset":16,"frames":[{"x":1632,"y":1044}],"height":32},"rename":{"width":48,"xoffset":24,"yoffset":24,"frames":[{"x":1056,"y":656}],"height":48},"icon_delete":{"width":32,"xoffset":16,"yoffset":16,"frames":[{"x":1696,"y":1044}],"height":32},"node_goto":{"width":48,"xoffset":24,"yoffset":24,"frames":[{"x":1296,"y":656}],"height":48},"node_resize":{"width":32,"xoffset":32,"yoffset":32,"frames":[{"x":1728,"y":1044}],"height":32},"hamburger":{"width":48,"xoffset":24,"yoffset":24,"frames":[{"x":1536,"y":656}],"height":48},"vct":{"width":32,"xoffset":16,"yoffset":16,"frames":[{"x":1760,"y":1044}],"height":32},"panel_tab_align":{"width":32,"xoffset":16,"yoffset":16,"frames":[{"x":1856,"y":1044},{"x":1888,"y":1044},{"x":1920,"y":1044},{"x":1952,"y":1044}],"height":32},"node_frame_bg":{"height":16,"width":16,"nineslice":{"left":7,"bottom":7,"tilemode_left":0,"right":7,"top":7,"tilemode_right":0,"tilemode_top":0,"tilemode_bottom":0,"tilemode_centre":0},"xoffset":0,"yoffset":0,"frames":[{"x":592,"y":1140},{"x":608,"y":1140},{"x":624,"y":1140}]},"add_16":{"width":32,"xoffset":16,"yoffset":16,"frames":[{"x":32,"y":1076}],"height":32},"gear_16":{"width":32,"xoffset":16,"yoffset":16,"frames":[{"x":0,"y":1076}],"height":32},"canvas_rotate":{"width":36,"xoffset":18,"yoffset":18,"frames":[{"x":684,"y":972},{"x":720,"y":972}],"height":36},"value_range":{"width":48,"xoffset":24,"yoffset":24,"frames":[{"x":0,"y":704},{"x":48,"y":704}],"height":48},"canvas_flip":{"width":36,"xoffset":18,"yoffset":18,"frames":[{"x":612,"y":972},{"x":648,"y":972}],"height":36},"cross_16":{"width":32,"xoffset":16,"yoffset":16,"frames":[{"x":64,"y":1076}],"height":32},"visible_12":{"width":24,"xoffset":12,"yoffset":12,"frames":[{"x":1454,"y":1108},{"x":1478,"y":1108}],"height":24},"icon_canvas":{"width":32,"xoffset":16,"yoffset":16,"frames":[{"x":160,"y":1076}],"height":32},"cache":{"width":48,"xoffset":24,"yoffset":24,"frames":[{"x":432,"y":704}],"height":48},"message_16_grey_bubble":{"width":32,"xoffset":16,"yoffset":16,"frames":[{"x":192,"y":1076}],"height":32},"message_16_grey":{"width":32,"xoffset":16,"yoffset":16,"frames":[{"x":224,"y":1076}],"height":32},"add":{"width":48,"xoffset":24,"yoffset":24,"frames":[{"x":576,"y":704}],"height":48},"lock_12":{"width":24,"xoffset":12,"yoffset":12,"frames":[{"x":1502,"y":1108},{"x":1526,"y":1108}],"height":24},"ui_panel_tab":{"height":12,"width":12,"nineslice":{"left":5,"bottom":5,"tilemode_left":0,"right":5,"top":5,"tilemode_right":0,"tilemode_top":0,"tilemode_bottom":0,"tilemode_centre":0},"xoffset":0,"yoffset":0,"frames":[{"x":784,"y":1140},{"x":796,"y":1140},{"x":808,"y":1140},{"x":820,"y":1140}]},"panel_inspector_icon":{"width":32,"xoffset":16,"yoffset":16,"frames":[{"x":288,"y":1076}],"height":32},"tab_exit":{"width":32,"xoffset":16,"yoffset":16,"frames":[{"x":320,"y":1076}],"height":32},"node_processor_icon":{"width":32,"xoffset":16,"yoffset":16,"frames":[{"x":352,"y":1076}],"height":32},"message_16":{"width":32,"xoffset":16,"yoffset":16,"frames":[{"x":416,"y":1076}],"height":32},"button_hide_right":{"height":16,"width":16,"nineslice":{"left":7,"bottom":7,"tilemode_left":0,"right":7,"top":7,"tilemode_right":0,"tilemode_top":0,"tilemode_bottom":0,"tilemode_centre":0},"xoffset":0,"yoffset":0,"frames":[{"x":640,"y":1140},{"x":656,"y":1140},{"x":672,"y":1140},{"x":688,"y":1140}]},"button_hide_middle":{"height":16,"width":16,"nineslice":{"left":7,"bottom":7,"tilemode_left":0,"right":7,"top":7,"tilemode_right":0,"tilemode_top":0,"tilemode_bottom":0,"tilemode_centre":0},"xoffset":0,"yoffset":0,"frames":[{"x":704,"y":1140},{"x":720,"y":1140},{"x":736,"y":1140},{"x":752,"y":1140}]},"button_hide_left":{"height":16,"width":16,"nineslice":{"left":7,"bottom":7,"tilemode_left":0,"right":7,"top":7,"tilemode_right":0,"tilemode_top":0,"tilemode_bottom":0,"tilemode_centre":0},"xoffset":0,"yoffset":0,"frames":[{"x":400,"y":1140},{"x":416,"y":1140},{"x":432,"y":1140},{"x":448,"y":1140}]},"shader_alpha":{"width":48,"xoffset":24,"yoffset":24,"frames":[{"x":1152,"y":704},{"x":1200,"y":704}],"height":48},"save":{"width":48,"xoffset":24,"yoffset":24,"frames":[{"x":1248,"y":704}],"height":48},"anchor_selector":{"width":36,"xoffset":18,"yoffset":18,"frames":[{"x":1116,"y":936},{"x":1152,"y":936},{"x":1188,"y":936},{"x":1224,"y":936},{"x":1260,"y":936},{"x":1296,"y":936}],"height":36},"crop_tool":{"width":36,"xoffset":18,"yoffset":18,"frames":[{"x":828,"y":936},{"x":864,"y":936}],"height":36},"icon_active_split":{"width":24,"xoffset":12,"yoffset":12,"frames":[{"x":1654,"y":1108}],"height":24},"crop_fit_width":{"width":36,"xoffset":18,"yoffset":18,"frames":[{"x":756,"y":936},{"x":792,"y":936}],"height":36},"inspector_text_valign":{"width":48,"xoffset":24,"yoffset":24,"frames":[{"x":1584,"y":704},{"x":1632,"y":704},{"x":1680,"y":704}],"height":48},"inspector_text_halign":{"width":48,"xoffset":24,"yoffset":24,"frames":[{"x":1728,"y":704},{"x":1776,"y":704},{"x":1824,"y":704}],"height":48},"crop_fit_height":{"width":36,"xoffset":18,"yoffset":18,"frames":[{"x":684,"y":936},{"x":720,"y":936}],"height":36},"inspector_view":{"width":48,"xoffset":24,"yoffset":24,"frames":[{"x":0,"y":752},{"x":48,"y":752}],"height":48},"workshop_no_file":{"width":40,"xoffset":20,"yoffset":20,"frames":[{"x":1480,"y":896}],"height":40},"workshop_add":{"width":40,"xoffset":20,"yoffset":20,"frames":[{"x":1520,"y":896}],"height":40},"control_pin":{"width":36,"xoffset":18,"yoffset":18,"frames":[{"x":180,"y":936},{"x":216,"y":936}],"height":36},"ac_constant":{"width":32,"xoffset":18,"yoffset":18,"frames":[{"x":736,"y":1076},{"x":768,"y":1076},{"x":800,"y":1076},{"x":832,"y":1076}],"height":32},"control_add":{"width":36,"xoffset":18,"yoffset":18,"frames":[{"x":36,"y":936},{"x":72,"y":936}],"height":36},"panel_preview_icon":{"width":32,"xoffset":16,"yoffset":16,"frames":[{"x":896,"y":1076}],"height":32},"mesh_tool_delete":{"width":36,"xoffset":18,"yoffset":18,"frames":[{"x":1704,"y":896},{"x":1740,"y":896}],"height":36},"ac_function":{"width":32,"xoffset":18,"yoffset":18,"frames":[{"x":964,"y":1076}],"height":32},"text":{"width":48,"xoffset":24,"yoffset":24,"frames":[{"x":816,"y":752}],"height":48},"mesh_tool_edit":{"width":36,"xoffset":18,"yoffset":18,"frames":[{"x":1632,"y":896},{"x":1668,"y":896}],"height":36},"preview_channels":{"width":48,"xoffset":24,"yoffset":24,"frames":[{"x":912,"y":752},{"x":960,"y":752},{"x":1008,"y":752},{"x":1056,"y":752},{"x":1104,"y":752},{"x":1152,"y":752},{"x":1200,"y":752},{"x":1248,"y":752}],"height":48},"icon_64":{"width":128,"xoffset":64,"yoffset":64,"frames":[{"x":1536,"y":0}],"height":128},"node_junction_mktree":{"width":48,"xoffset":24,"yoffset":24,"frames":[{"x":1584,"y":752},{"x":1632,"y":752}],"height":48},"anchor_scale_hori":{"width":64,"xoffset":24,"yoffset":24,"frames":[{"x":1824,"y":752},{"x":1888,"y":752},{"x":1952,"y":752},{"x":0,"y":800}],"height":48},"patreon":{"width":32,"xoffset":16,"yoffset":16,"frames":[{"x":384,"y":1108}],"height":32},"node_junction_mktree_leaves":{"width":48,"xoffset":24,"yoffset":24,"frames":[{"x":64,"y":800},{"x":112,"y":800}],"height":48},"view_mode":{"width":48,"xoffset":24,"yoffset":24,"frames":[{"x":160,"y":800},{"x":208,"y":800}],"height":48},"apreset_down":{"width":64,"xoffset":32,"yoffset":32,"frames":[{"x":128,"y":256}],"height":64},"apreset_up":{"width":64,"xoffset":32,"yoffset":32,"frames":[{"x":256,"y":256}],"height":64},"anchor_rotate":{"width":48,"xoffset":24,"yoffset":24,"frames":[{"x":544,"y":800},{"x":592,"y":800},{"x":640,"y":800},{"x":688,"y":800}],"height":48},"apreset_right":{"width":64,"xoffset":32,"yoffset":32,"frames":[{"x":384,"y":256}],"height":64},"array_select_type":{"width":48,"xoffset":24,"yoffset":24,"frames":[{"x":784,"y":800},{"x":832,"y":800},{"x":880,"y":800}],"height":48},"apreset_left":{"width":64,"xoffset":32,"yoffset":32,"frames":[{"x":448,"y":256}],"height":64},"node_trigger_icon":{"width":80,"xoffset":40,"yoffset":40,"frames":[{"x":1248,"y":128},{"x":1328,"y":128}],"height":80},"mk_tree_curve_whorled":{"width":48,"xoffset":24,"yoffset":24,"frames":[{"x":1072,"y":800},{"x":1120,"y":800}],"height":48},"new_file":{"width":48,"xoffset":24,"yoffset":24,"frames":[{"x":1168,"y":800}],"height":48},"progress_bar":{"height":12,"width":12,"nineslice":{"left":5,"bottom":5,"tilemode_left":0,"right":5,"top":5,"tilemode_right":0,"tilemode_top":0,"tilemode_bottom":0,"tilemode_centre":0},"xoffset":0,"yoffset":0,"frames":[{"x":983,"y":1140},{"x":995,"y":1140}]},"image_20":{"width":40,"xoffset":20,"yoffset":20,"frames":[{"x":1280,"y":896},{"x":1320,"y":896}],"height":40},"unit_audio":{"width":48,"xoffset":24,"yoffset":24,"frames":[{"x":1360,"y":800},{"x":1408,"y":800},{"x":1456,"y":800}],"height":48},"canvas_20":{"width":40,"xoffset":20,"yoffset":20,"frames":[{"x":1240,"y":896}],"height":40},"widget_selecting":{"height":12,"width":12,"nineslice":{"left":5,"bottom":5,"tilemode_left":0,"right":5,"top":5,"tilemode_right":0,"tilemode_top":0,"tilemode_bottom":0,"tilemode_centre":0},"xoffset":0,"yoffset":0,"frames":[{"x":1019,"y":1140}]},"noti_icon_log":{"width":40,"xoffset":20,"yoffset":20,"frames":[{"x":400,"y":896},{"x":440,"y":896}],"height":40},"box_r5_clr":{"height":16,"width":16,"nineslice":{"left":7,"bottom":7,"tilemode_left":0,"right":7,"top":7,"tilemode_right":0,"tilemode_top":0,"tilemode_bottom":0,"tilemode_centre":0},"xoffset":0,"yoffset":0,"frames":[{"x":304,"y":1140},{"x":320,"y":1140}]},"tunnel_panel":{"width":48,"xoffset":24,"yoffset":24,"frames":[{"x":1696,"y":800}],"height":48},"tunnel":{"width":48,"xoffset":24,"yoffset":24,"frames":[{"x":1744,"y":800},{"x":1792,"y":800}],"height":48},"icon_random":{"width":48,"xoffset":24,"yoffset":24,"frames":[{"x":1840,"y":800}],"height":48},"refresh_20":{"width":40,"xoffset":20,"yoffset":20,"frames":[{"x":360,"y":896}],"height":40},"cursor_move":{"width":64,"xoffset":0,"yoffset":0,"frames":[{"x":896,"y":256}],"height":64},"cursor_path_anchor_detach":{"width":64,"xoffset":0,"yoffset":0,"frames":[{"x":1728,"y":128}],"height":64},"cursor_path_anchor_unmirror":{"width":64,"xoffset":0,"yoffset":0,"frames":[{"x":1152,"y":256}],"height":64},"icon_save_all":{"width":48,"xoffset":24,"yoffset":24,"frames":[{"x":192,"y":848}],"height":48},"window_exit_icon":{"width":32,"xoffset":16,"yoffset":16,"frames":[{"x":832,"y":1108}],"height":32},"dialog":{"height":32,"width":32,"nineslice":{"left":15,"bottom":15,"tilemode_left":0,"right":15,"top":15,"tilemode_right":0,"tilemode_top":0,"tilemode_bottom":0,"tilemode_centre":0},"xoffset":0,"yoffset":0,"frames":[{"x":864,"y":1108},{"x":896,"y":1108}]},"curve_type":{"width":48,"xoffset":24,"yoffset":24,"frames":[{"x":480,"y":848},{"x":528,"y":848},{"x":576,"y":848},{"x":624,"y":848}],"height":48},"refresh_16":{"width":32,"xoffset":16,"yoffset":16,"frames":[{"x":928,"y":1108}],"height":32},"curve_presets":{"width":48,"xoffset":24,"yoffset":24,"frames":[{"x":672,"y":848},{"x":720,"y":848},{"x":768,"y":848},{"x":816,"y":848}],"height":48},"loading_s":{"width":48,"xoffset":24,"yoffset":24,"frames":[{"x":864,"y":848}],"height":48},"mesh":{"width":48,"xoffset":24,"yoffset":24,"frames":[{"x":912,"y":848}],"height":48},"accept":{"width":48,"xoffset":24,"yoffset":24,"frames":[{"x":960,"y":848}],"height":48},"copy":{"width":48,"xoffset":24,"yoffset":24,"frames":[{"x":1008,"y":848}],"height":48},"paste_20":{"width":40,"xoffset":20,"yoffset":20,"frames":[{"x":40,"y":896}],"height":40},"copy_20":{"width":40,"xoffset":20,"yoffset":20,"frames":[{"x":240,"y":896}],"height":40},"palette_mask":{"height":7,"width":7,"nineslice":{"left":3,"bottom":3,"tilemode_left":0,"right":3,"top":3,"tilemode_right":0,"tilemode_top":0,"tilemode_bottom":0,"tilemode_centre":0},"xoffset":0,"yoffset":0,"frames":[{"x":1276,"y":1140},{"x":1283,"y":1140},{"x":1290,"y":1140},{"x":1297,"y":1140},{"x":1304,"y":1140},{"x":1311,"y":1140},{"x":1318,"y":1140},{"x":1325,"y":1140},{"x":1332,"y":1140},{"x":1339,"y":1140}]},"button_backdroup":{"height":16,"width":16,"nineslice":{"left":7,"bottom":7,"tilemode_left":0,"right":7,"top":7,"tilemode_right":0,"tilemode_top":0,"tilemode_bottom":0,"tilemode_centre":0},"xoffset":0,"yoffset":0,"frames":[{"x":768,"y":1140}]},"box_r5":{"height":16,"width":16,"nineslice":{"left":7,"bottom":7,"tilemode_left":0,"right":7,"top":7,"tilemode_right":0,"tilemode_top":0,"tilemode_bottom":0,"tilemode_centre":0},"xoffset":0,"yoffset":0,"frames":[{"x":272,"y":1140},{"x":288,"y":1140}]},"color_picker_dropper":{"width":48,"xoffset":24,"yoffset":24,"frames":[{"x":1488,"y":848},{"x":1536,"y":848}],"height":48},"color_wheel":{"width":48,"xoffset":24,"yoffset":24,"frames":[{"x":1584,"y":848}],"height":48},"unit_angle":{"width":48,"xoffset":24,"yoffset":24,"frames":[{"x":1632,"y":848},{"x":1680,"y":848}],"height":48},"preset":{"width":48,"xoffset":24,"yoffset":24,"frames":[{"x":1728,"y":848}],"height":48},"flip_h":{"width":48,"xoffset":24,"yoffset":24,"frames":[{"x":1776,"y":848}],"height":48},"flip_v":{"width":48,"xoffset":24,"yoffset":24,"frames":[{"x":1824,"y":848}],"height":48},"palette_mask_outline":{"height":7,"width":7,"nineslice":{"left":3,"bottom":3,"tilemode_left":0,"right":3,"top":3,"tilemode_right":0,"tilemode_top":0,"tilemode_bottom":0,"tilemode_centre":0},"xoffset":0,"yoffset":0,"frames":[{"x":1206,"y":1140},{"x":1213,"y":1140},{"x":1220,"y":1140},{"x":1227,"y":1140},{"x":1234,"y":1140},{"x":1241,"y":1140},{"x":1248,"y":1140},{"x":1255,"y":1140},{"x":1262,"y":1140},{"x":1269,"y":1140}]},"circle_toggle_8":{"width":16,"xoffset":8,"yoffset":8,"frames":[{"x":48,"y":1140},{"x":64,"y":1140}],"height":16},"inspector_surface_halign":{"width":48,"xoffset":24,"yoffset":24,"frames":[{"x":1296,"y":848},{"x":1344,"y":848},{"x":1392,"y":848}],"height":48},"wiki":{"width":48,"xoffset":24,"yoffset":24,"frames":[{"x":1440,"y":848}],"height":48},"youtube":{"width":48,"xoffset":24,"yoffset":24,"frames":[{"x":1248,"y":848}],"height":48},"inspector_surface_valign":{"width":48,"xoffset":24,"yoffset":24,"frames":[{"x":1104,"y":848},{"x":1152,"y":848},{"x":1200,"y":848}],"height":48},"addon_icon":{"width":48,"xoffset":24,"yoffset":24,"frames":[{"x":1056,"y":848}],"height":48},"icon_24_grey":{"width":48,"xoffset":24,"yoffset":24,"frames":[{"x":432,"y":848}],"height":48},"onion_skin":{"width":48,"xoffset":24,"yoffset":24,"frames":[{"x":336,"y":848},{"x":384,"y":848}],"height":48},"folder":{"width":48,"xoffset":24,"yoffset":24,"frames":[{"x":288,"y":848}],"height":48},"node_use_project":{"width":48,"xoffset":24,"yoffset":24,"frames":[{"x":1888,"y":800},{"x":1936,"y":800},{"x":1984,"y":800}],"height":48},"addon_setting":{"width":48,"xoffset":24,"yoffset":24,"frames":[{"x":1648,"y":800}],"height":48},"accept_16":{"width":32,"xoffset":16,"yoffset":16,"frames":[{"x":800,"y":1108}],"height":32},"save_auto":{"width":48,"xoffset":24,"yoffset":24,"frames":[{"x":1504,"y":800}],"height":48},"splash_thumbnail":{"width":48,"xoffset":24,"yoffset":24,"frames":[{"x":1552,"y":800},{"x":1600,"y":800}],"height":48},"noti_icon_warning":{"width":40,"xoffset":20,"yoffset":20,"frames":[{"x":720,"y":896},{"x":760,"y":896}],"height":40},"button_lime":{"height":16,"width":16,"nineslice":{"left":7,"bottom":7,"tilemode_left":0,"right":7,"top":7,"tilemode_right":0,"tilemode_top":0,"tilemode_bottom":0,"tilemode_centre":0},"xoffset":0,"yoffset":0,"frames":[{"x":1951,"y":1108},{"x":1967,"y":1108},{"x":1983,"y":1108},{"x":1999,"y":1108}]},"text_bullet":{"width":32,"xoffset":24,"yoffset":24,"frames":[{"x":640,"y":1108},{"x":672,"y":1108}],"height":32},"noti_icon_error":{"width":40,"xoffset":20,"yoffset":20,"frames":[{"x":880,"y":896},{"x":920,"y":896}],"height":40},"window_maximize_icon":{"width":32,"xoffset":16,"yoffset":16,"frames":[{"x":576,"y":1108},{"x":608,"y":1108}],"height":32},"window_minimize_icon":{"width":32,"xoffset":16,"yoffset":16,"frames":[{"x":544,"y":1108}],"height":32},"obj_auto_organize":{"width":48,"xoffset":24,"yoffset":24,"frames":[{"x":1312,"y":800}],"height":48},"window_fullscreen_icon":{"width":32,"xoffset":16,"yoffset":16,"frames":[{"x":480,"y":1108},{"x":512,"y":1108}],"height":32},"icon_preview_export":{"width":48,"xoffset":24,"yoffset":24,"frames":[{"x":1264,"y":800}],"height":48},"node_goto_16":{"width":32,"xoffset":16,"yoffset":16,"frames":[{"x":448,"y":1108}],"height":32},"apreset_10":{"width":64,"xoffset":32,"yoffset":32,"frames":[{"x":704,"y":256}],"height":64},"apreset_01":{"width":64,"xoffset":32,"yoffset":32,"frames":[{"x":64,"y":256}],"height":64},"button_right":{"height":16,"width":16,"nineslice":{"left":7,"bottom":7,"tilemode_left":0,"right":7,"top":7,"tilemode_right":0,"tilemode_top":0,"tilemode_bottom":0,"tilemode_centre":0},"xoffset":0,"yoffset":0,"frames":[{"x":2015,"y":1108},{"x":2031,"y":1108},{"x":0,"y":1140},{"x":16,"y":1140}]},"button_middle":{"height":16,"width":16,"nineslice":{"left":7,"bottom":7,"tilemode_left":0,"right":7,"top":7,"tilemode_right":0,"tilemode_top":0,"tilemode_bottom":0,"tilemode_centre":0},"xoffset":0,"yoffset":0,"frames":[{"x":128,"y":1140},{"x":144,"y":1140},{"x":160,"y":1140},{"x":176,"y":1140}]},"button_left":{"height":16,"width":16,"nineslice":{"left":7,"bottom":7,"tilemode_left":0,"right":7,"top":7,"tilemode_right":0,"tilemode_top":0,"tilemode_bottom":0,"tilemode_centre":0},"xoffset":0,"yoffset":0,"frames":[{"x":208,"y":1140},{"x":224,"y":1140},{"x":240,"y":1140},{"x":256,"y":1140}]},"minus_b":{"width":48,"xoffset":24,"yoffset":24,"frames":[{"x":864,"y":752}],"height":48},"add_b":{"width":48,"xoffset":24,"yoffset":24,"frames":[{"x":768,"y":752}],"height":48},"video":{"width":48,"xoffset":24,"yoffset":24,"frames":[{"x":720,"y":752}],"height":48},"bone_tool_scale":{"width":36,"xoffset":18,"yoffset":18,"frames":[{"x":1848,"y":896},{"x":1884,"y":896}],"height":36},"cursor_video":{"width":24,"xoffset":0,"yoffset":0,"frames":[{"x":1726,"y":1108}],"height":24},"icon_curve_connection":{"width":48,"xoffset":24,"yoffset":24,"frames":[{"x":528,"y":752},{"x":576,"y":752},{"x":624,"y":752},{"x":672,"y":752}],"height":48},"rotator_random_mode":{"width":48,"xoffset":24,"yoffset":24,"frames":[{"x":336,"y":752},{"x":384,"y":752},{"x":432,"y":752},{"x":480,"y":752}],"height":48},"palette_selecting":{"height":21,"width":21,"nineslice":{"left":10,"bottom":10,"tilemode_left":0,"right":10,"top":10,"tilemode_right":0,"tilemode_top":0,"tilemode_bottom":0,"tilemode_centre":0},"xoffset":0,"yoffset":0,"frames":[{"x":1774,"y":1108}]},"gear":{"width":48,"xoffset":24,"yoffset":24,"frames":[{"x":288,"y":752}],"height":48},"project":{"width":48,"xoffset":24,"yoffset":24,"frames":[{"x":240,"y":752}],"height":48},"group_linked_s":{"width":32,"xoffset":16,"yoffset":16,"frames":[{"x":672,"y":1076},{"x":704,"y":1076}],"height":32},"scroll_box_arrow":{"width":48,"xoffset":24,"yoffset":24,"frames":[{"x":192,"y":752}],"height":48},"canvas_tools_eraser":{"width":36,"xoffset":18,"yoffset":18,"frames":[{"x":468,"y":936},{"x":504,"y":936}],"height":36},"canvas_tools_pencil":{"width":36,"xoffset":18,"yoffset":18,"frames":[{"x":540,"y":936},{"x":576,"y":936}],"height":36},"node_junction_surface_ext":{"width":48,"xoffset":24,"yoffset":24,"frames":[{"x":96,"y":752},{"x":144,"y":752}],"height":48},"loading":{"width":128,"xoffset":64,"yoffset":64,"frames":[{"x":1664,"y":0}],"height":128},"node_junction_inspector_button":{"width":48,"xoffset":24,"yoffset":24,"frames":[{"x":1488,"y":704},{"x":1536,"y":704}],"height":48},"node_junction_inspector":{"width":48,"xoffset":24,"yoffset":24,"frames":[{"x":1392,"y":704},{"x":1440,"y":704}],"height":48},"key_display":{"height":24,"width":24,"nineslice":{"left":10,"bottom":10,"tilemode_left":0,"right":10,"top":10,"tilemode_right":0,"tilemode_top":0,"tilemode_bottom":0,"tilemode_centre":0},"xoffset":0,"yoffset":0,"frames":[{"x":1702,"y":1108}]},"noti_icon_file_load":{"width":40,"xoffset":20,"yoffset":20,"frames":[{"x":1440,"y":896}],"height":40},"accept_32":{"width":64,"xoffset":32,"yoffset":32,"frames":[{"x":0,"y":256}],"height":64},"accept_b":{"width":48,"xoffset":24,"yoffset":24,"frames":[{"x":1104,"y":704}],"height":48},"add_node":{"width":48,"xoffset":24,"yoffset":24,"frames":[{"x":1296,"y":704}],"height":48},"add_32":{"width":64,"xoffset":32,"yoffset":32,"frames":[{"x":1792,"y":128}],"height":64},"node_glow_border":{"height":32,"width":32,"nineslice":{"left":15,"bottom":15,"tilemode_left":0,"right":15,"top":15,"tilemode_right":0,"tilemode_top":0,"tilemode_bottom":0,"tilemode_centre":0},"xoffset":30,"yoffset":30,"frames":[{"x":448,"y":1076}]},"add_node_search_high":{"width":48,"xoffset":24,"yoffset":24,"frames":[{"x":960,"y":704},{"x":1008,"y":704}],"height":48},"button_path_not_found_icon":{"width":48,"xoffset":24,"yoffset":24,"frames":[{"x":912,"y":704}],"height":48},"ui_panel_tool":{"height":24,"width":24,"nineslice":{"left":18,"bottom":4,"tilemode_left":0,"right":4,"top":4,"tilemode_right":0,"tilemode_top":0,"tilemode_bottom":0,"tilemode_centre":0},"xoffset":0,"yoffset":0,"frames":[{"x":1550,"y":1108}]},"checkbox_on_start":{"width":56,"xoffset":28,"yoffset":28,"frames":[{"x":1216,"y":256}],"height":56},"circle_32":{"width":64,"xoffset":32,"yoffset":32,"frames":[{"x":1472,"y":128}],"height":64},"anchor":{"width":40,"xoffset":20,"yoffset":20,"frames":[{"x":1040,"y":896},{"x":1080,"y":896},{"x":1120,"y":896},{"x":1160,"y":896}],"height":40},"grad_blend":{"width":48,"xoffset":24,"yoffset":24,"frames":[{"x":720,"y":704}],"height":48},"icon_os_windows":{"width":64,"xoffset":32,"yoffset":32,"frames":[{"x":1664,"y":128}],"height":64},"icon_delete_24":{"width":48,"xoffset":24,"yoffset":24,"frames":[{"x":528,"y":704}],"height":48},"icon_os_linux":{"width":64,"xoffset":32,"yoffset":32,"frames":[{"x":320,"y":256}],"height":64},"minus_32":{"width":64,"xoffset":32,"yoffset":32,"frames":[{"x":1984,"y":128}],"height":64},"icon_os_mac":{"width":64,"xoffset":32,"yoffset":32,"frames":[{"x":192,"y":256}],"height":64},"unit_ref":{"width":48,"xoffset":24,"yoffset":24,"frames":[{"x":240,"y":704},{"x":288,"y":704}],"height":48},"minus_inv_16":{"width":32,"xoffset":16,"yoffset":16,"frames":[{"x":96,"y":1076}],"height":32},"prop_rotation":{"width":48,"xoffset":24,"yoffset":24,"frames":[{"x":192,"y":704}],"height":48},"node_resize_corner":{"width":48,"xoffset":48,"yoffset":48,"frames":[{"x":96,"y":704},{"x":144,"y":704}],"height":48},"prop_radius":{"width":48,"xoffset":24,"yoffset":24,"frames":[{"x":1968,"y":656}],"height":48},"prop_star_inner":{"width":48,"xoffset":24,"yoffset":24,"frames":[{"x":1920,"y":656}],"height":48},"libraries":{"width":48,"xoffset":24,"yoffset":24,"frames":[{"x":1872,"y":656}],"height":48},"prop_anchor":{"width":20,"xoffset":10,"yoffset":10,"frames":[{"x":1795,"y":1108},{"x":1815,"y":1108}],"height":20},"icon_3d_anchor":{"width":48,"xoffset":24,"yoffset":24,"frames":[{"x":1776,"y":656},{"x":1824,"y":656}],"height":48},"node_display_type":{"width":48,"xoffset":24,"yoffset":24,"frames":[{"x":1632,"y":656},{"x":1680,"y":656},{"x":1728,"y":656}],"height":48},"node_junction_group_bg":{"height":32,"width":32,"nineslice":{"left":15,"bottom":15,"tilemode_left":0,"right":15,"top":15,"tilemode_right":0,"tilemode_top":0,"tilemode_bottom":0,"tilemode_centre":0},"xoffset":0,"yoffset":0,"frames":[{"x":1792,"y":1044}]},"panel_icon_element_textarea":{"width":128,"xoffset":64,"yoffset":64,"frames":[{"x":256,"y":128}],"height":128},"anchor_bone_stick":{"width":36,"xoffset":18,"yoffset":18,"frames":[{"x":1332,"y":972},{"x":1368,"y":972}],"height":36},"node_state":{"width":48,"xoffset":24,"yoffset":24,"frames":[{"x":1344,"y":656},{"x":1392,"y":656},{"x":1440,"y":656},{"x":1488,"y":656}],"height":48},"anchor_scale":{"width":48,"xoffset":24,"yoffset":24,"frames":[{"x":1104,"y":656},{"x":1152,"y":656},{"x":1200,"y":656},{"x":1248,"y":656}],"height":48},"circle_16":{"width":32,"xoffset":16,"yoffset":16,"frames":[{"x":1664,"y":1044}],"height":32},"cursor_scale_diag":{"width":64,"xoffset":0,"yoffset":0,"frames":[{"x":1856,"y":128}],"height":64},"timeline_keyframes_content":{"height":40,"width":40,"nineslice":{"left":19,"bottom":19,"tilemode_left":0,"right":19,"top":19,"tilemode_right":0,"tilemode_top":0,"tilemode_bottom":0,"tilemode_centre":0},"xoffset":20,"yoffset":20,"frames":[{"x":480,"y":896},{"x":520,"y":896}]},"inspector_corner":{"width":48,"xoffset":24,"yoffset":24,"frames":[{"x":816,"y":656},{"x":864,"y":656},{"x":912,"y":656},{"x":960,"y":656}],"height":48},"obj_angle":{"width":48,"xoffset":24,"yoffset":24,"frames":[{"x":624,"y":656},{"x":672,"y":656},{"x":720,"y":656},{"x":768,"y":656}],"height":48},"obj_direction":{"width":48,"xoffset":24,"yoffset":24,"frames":[{"x":384,"y":656},{"x":432,"y":656},{"x":480,"y":656},{"x":528,"y":656}],"height":48},"tools_3d_side":{"width":36,"xoffset":18,"yoffset":18,"frames":[{"x":1980,"y":972},{"x":0,"y":1008}],"height":36},"obj_draw_line":{"width":48,"xoffset":24,"yoffset":24,"frames":[{"x":96,"y":656},{"x":144,"y":656},{"x":192,"y":656},{"x":240,"y":656}],"height":48},"tool_side":{"height":12,"width":12,"nineslice":{"left":4,"bottom":4,"tilemode_left":0,"right":4,"top":4,"tilemode_right":0,"tilemode_top":0,"tilemode_bottom":0,"tilemode_centre":0},"xoffset":0,"yoffset":0,"frames":[{"x":844,"y":1140},{"x":856,"y":1140}]},"obj_hemicircle":{"width":48,"xoffset":24,"yoffset":24,"frames":[{"x":1824,"y":608},{"x":1872,"y":608},{"x":1920,"y":608},{"x":1968,"y":608}],"height":48},"mkTree_leaf":{"width":32,"xoffset":16,"yoffset":16,"frames":[{"x":1184,"y":1044}],"height":32},"mkTree":{"width":32,"xoffset":16,"yoffset":16,"frames":[{"x":1056,"y":1044}],"height":32},"corner_r4":{"height":4,"width":4,"nineslice":{"left":2,"bottom":2,"tilemode_left":0,"right":1,"top":1,"tilemode_right":0,"tilemode_top":0,"tilemode_bottom":0,"tilemode_centre":0},"xoffset":0,"yoffset":0,"frames":[{"x":1350,"y":1140}]},"color_3d_selected":{"width":64,"xoffset":32,"yoffset":32,"frames":[{"x":960,"y":256},{"x":1024,"y":256},{"x":1088,"y":256}],"height":64},"color_3d":{"width":64,"xoffset":32,"yoffset":32,"frames":[{"x":512,"y":256},{"x":576,"y":256},{"x":640,"y":256}],"height":64},"cursor_path_anchor":{"width":64,"xoffset":0,"yoffset":0,"frames":[{"x":1408,"y":128}],"height":64},"prop_level":{"width":48,"xoffset":24,"yoffset":24,"frames":[{"x":1104,"y":608}],"height":48},"ui_selection":{"height":12,"width":12,"nineslice":{"left":4,"bottom":4,"tilemode_left":0,"right":4,"top":4,"tilemode_right":0,"tilemode_top":0,"tilemode_bottom":0,"tilemode_centre":0},"xoffset":0,"yoffset":0,"frames":[{"x":887,"y":1140}]},"prop_segment":{"width":48,"xoffset":24,"yoffset":24,"frames":[{"x":1008,"y":608}],"height":48},"prop_scale":{"width":48,"xoffset":24,"yoffset":24,"frames":[{"x":672,"y":608}],"height":48},"play_action":{"width":48,"xoffset":24,"yoffset":24,"frames":[{"x":816,"y":608}],"height":48},"tools_3d_scale":{"width":36,"xoffset":18,"yoffset":18,"frames":[{"x":1260,"y":1008},{"x":1296,"y":1008}],"height":36},"timeline_keyframe":{"width":32,"xoffset":16,"yoffset":16,"frames":[{"x":1724,"y":1008},{"x":1756,"y":1008},{"x":1788,"y":1008}],"height":32},"path_tools_anchor":{"width":36,"xoffset":18,"yoffset":18,"frames":[{"x":1404,"y":1008},{"x":1440,"y":1008}],"height":36},"tools_3d_rotate":{"width":36,"xoffset":18,"yoffset":18,"frames":[{"x":1332,"y":1008},{"x":1368,"y":1008}],"height":36},"tools_3d_transform":{"width":36,"xoffset":18,"yoffset":18,"frames":[{"x":1548,"y":1008},{"x":1584,"y":1008}],"height":36},"path_tools_add":{"width":36,"xoffset":18,"yoffset":18,"frames":[{"x":1476,"y":1008},{"x":1512,"y":1008}],"height":36},"prop_position":{"width":48,"xoffset":24,"yoffset":24,"frames":[{"x":624,"y":608}],"height":48},"prop_radius_inner":{"width":48,"xoffset":24,"yoffset":24,"frames":[{"x":576,"y":608}],"height":48},"value_link":{"width":48,"xoffset":24,"yoffset":24,"frames":[{"x":480,"y":608},{"x":528,"y":608}],"height":48},"undo":{"width":48,"xoffset":24,"yoffset":24,"frames":[{"x":288,"y":608}],"height":48},"inspector_area_type":{"width":48,"xoffset":24,"yoffset":24,"frames":[{"x":336,"y":608},{"x":384,"y":608},{"x":432,"y":608}],"height":48},"fill":{"width":48,"xoffset":24,"yoffset":24,"frames":[{"x":240,"y":608}],"height":48},"mappable_parameter":{"width":48,"xoffset":24,"yoffset":24,"frames":[{"x":48,"y":608},{"x":96,"y":608}],"height":48},"inspector_area":{"width":48,"xoffset":24,"yoffset":24,"frames":[{"x":144,"y":608},{"x":192,"y":608}],"height":48},"node_draw_area":{"width":40,"xoffset":40,"yoffset":40,"frames":[{"x":1996,"y":848}],"height":41},"redo":{"width":48,"xoffset":24,"yoffset":24,"frames":[{"x":0,"y":608}],"height":48},"curvable":{"width":48,"xoffset":24,"yoffset":24,"frames":[{"x":1920,"y":560},{"x":1968,"y":560}],"height":48},"obj_auto_align":{"width":48,"xoffset":24,"yoffset":24,"frames":[{"x":1824,"y":560}],"height":48},"icon_minimap":{"width":48,"xoffset":24,"yoffset":24,"frames":[{"x":1680,"y":560},{"x":1728,"y":560}],"height":48},"object_valign":{"width":48,"xoffset":24,"yoffset":24,"frames":[{"x":48,"y":848},{"x":96,"y":848},{"x":144,"y":848}],"height":48},"timeline_key_ease":{"width":32,"xoffset":16,"yoffset":16,"frames":[{"x":288,"y":1044},{"x":320,"y":1044}],"height":32},"obj_distribute_h":{"width":48,"xoffset":24,"yoffset":24,"frames":[{"x":1728,"y":512}],"height":48},"obj_distribute_v":{"width":48,"xoffset":24,"yoffset":24,"frames":[{"x":1632,"y":512}],"height":48},"canvas_mirror_diag":{"width":32,"xoffset":16,"yoffset":16,"frames":[{"x":480,"y":1044},{"x":512,"y":1044},{"x":544,"y":1044}],"height":32},"icon_grid_setting":{"width":48,"xoffset":24,"yoffset":24,"frames":[{"x":1584,"y":416},{"x":1632,"y":416}],"height":48},"canvas_mirror":{"width":32,"xoffset":16,"yoffset":16,"frames":[{"x":576,"y":1044},{"x":608,"y":1044},{"x":640,"y":1044}],"height":32},"icon_visibility":{"width":48,"xoffset":24,"yoffset":24,"frames":[{"x":1488,"y":416}],"height":48},"icon_24":{"width":48,"xoffset":24,"yoffset":24,"frames":[{"x":1536,"y":416}],"height":48},"node_bg":{"height":16,"width":16,"nineslice":{"left":7,"bottom":7,"tilemode_left":0,"right":7,"top":7,"tilemode_right":0,"tilemode_top":0,"tilemode_bottom":0,"tilemode_centre":0},"xoffset":0,"yoffset":0,"frames":[{"x":80,"y":1140},{"x":96,"y":1140},{"x":112,"y":1140}]},"arrow4_24":{"width":48,"xoffset":24,"yoffset":24,"frames":[{"x":1392,"y":416}],"height":48},"node_draw_path":{"width":40,"xoffset":40,"yoffset":40,"frames":[{"x":1956,"y":848}],"height":41},"noti_icon_file_save":{"width":40,"xoffset":20,"yoffset":20,"frames":[{"x":80,"y":896}],"height":40},"timeline_key_empty":{"width":32,"xoffset":16,"yoffset":16,"frames":[{"x":1088,"y":1044},{"x":1120,"y":1044}],"height":32},"cache_group":{"width":48,"xoffset":24,"yoffset":24,"frames":[{"x":816,"y":368}],"height":48},"view_group":{"width":48,"xoffset":24,"yoffset":24,"frames":[{"x":576,"y":368},{"x":624,"y":368},{"x":672,"y":368}],"height":48},"filter_type":{"width":48,"xoffset":24,"yoffset":24,"frames":[{"x":96,"y":368},{"x":144,"y":368}],"height":48},"timeline_hide":{"width":32,"xoffset":16,"yoffset":16,"frames":[{"x":1248,"y":1044},{"x":1280,"y":1044},{"x":1312,"y":1044}],"height":32},"timeline_keyframe_selecting":{"width":40,"xoffset":20,"yoffset":20,"frames":[{"x":120,"y":896},{"x":160,"y":896},{"x":200,"y":896}],"height":40},"add_node_bg":{"height":24,"width":12,"nineslice":{"left":6,"bottom":12,"tilemode_left":0,"right":6,"top":23,"tilemode_right":0,"tilemode_top":0,"tilemode_bottom":0,"tilemode_centre":0},"xoffset":0,"yoffset":0,"frames":[{"x":1250,"y":1108}]},"button_def":{"height":16,"width":16,"nineslice":{"left":7,"bottom":7,"tilemode_left":0,"right":7,"top":7,"tilemode_right":0,"tilemode_top":0,"tilemode_bottom":0,"tilemode_centre":0},"xoffset":0,"yoffset":0,"frames":[{"x":336,"y":1140},{"x":352,"y":1140},{"x":368,"y":1140},{"x":384,"y":1140}]},"node_junction_matrix":{"width":48,"xoffset":24,"yoffset":24,"frames":[{"x":0,"y":368},{"x":48,"y":368}],"height":48},"button_path_icon":{"width":48,"xoffset":24,"yoffset":24,"frames":[{"x":1968,"y":320}],"height":48},"color_picker_sample":{"height":24,"width":24,"nineslice":{"left":10,"bottom":10,"tilemode_left":0,"right":10,"top":10,"tilemode_right":0,"tilemode_top":0,"tilemode_bottom":0,"tilemode_centre":0},"xoffset":0,"yoffset":0,"frames":[{"x":1202,"y":1108},{"x":1226,"y":1108}]},"animate_prop_go":{"width":16,"xoffset":8,"yoffset":8,"frames":[{"x":32,"y":1140}],"height":16},"panel_graph_icon":{"width":32,"xoffset":16,"yoffset":16,"frames":[{"x":1600,"y":1044}],"height":32},"timeline_graph":{"width":24,"xoffset":12,"yoffset":12,"frames":[{"x":1178,"y":1108}],"height":24},"reverse":{"width":48,"xoffset":24,"yoffset":24,"frames":[{"x":1728,"y":320}],"height":48},"node_name_type":{"width":48,"xoffset":24,"yoffset":24,"frames":[{"x":1392,"y":320},{"x":1440,"y":320},{"x":1488,"y":320}],"height":48},"duplicate":{"width":48,"xoffset":24,"yoffset":24,"frames":[{"x":1056,"y":320}],"height":48},"path_open":{"width":48,"xoffset":24,"yoffset":24,"frames":[{"x":528,"y":320},{"x":576,"y":320}],"height":48},"path_open_20":{"width":40,"xoffset":20,"yoffset":20,"frames":[{"x":800,"y":896},{"x":840,"y":896}],"height":40},"file_save":{"width":48,"xoffset":24,"yoffset":24,"frames":[{"x":432,"y":320},{"x":480,"y":320}],"height":48},"file_load":{"width":48,"xoffset":24,"yoffset":24,"frames":[{"x":336,"y":320},{"x":384,"y":320}],"height":48},"anchor_arrow":{"width":36,"xoffset":18,"yoffset":18,"frames":[{"x":900,"y":972},{"x":936,"y":972},{"x":972,"y":972},{"x":1008,"y":972}],"height":36},"gradient_keys_blend":{"width":48,"xoffset":24,"yoffset":24,"frames":[{"x":240,"y":320},{"x":288,"y":320}],"height":48},"sort_v":{"width":48,"xoffset":24,"yoffset":24,"frames":[{"x":192,"y":320}],"height":48},"gradient_keys_distribute":{"width":48,"xoffset":24,"yoffset":24,"frames":[{"x":1944,"y":256},{"x":1992,"y":256}],"height":48},"button_hide_fill":{"height":16,"width":16,"nineslice":{"left":7,"bottom":7,"tilemode_left":0,"right":7,"top":7,"tilemode_right":0,"tilemode_top":0,"tilemode_bottom":0,"tilemode_centre":0},"xoffset":0,"yoffset":0,"frames":[{"x":1887,"y":1108},{"x":1903,"y":1108},{"x":1919,"y":1108},{"x":1935,"y":1108}]},"display_palette":{"width":48,"xoffset":24,"yoffset":24,"frames":[{"x":1848,"y":256},{"x":1896,"y":256}],"height":48},"gradient_keys_reverse":{"width":48,"xoffset":24,"yoffset":24,"frames":[{"x":1752,"y":256},{"x":1800,"y":256}],"height":48},"mastodon":{"width":48,"xoffset":24,"yoffset":24,"frames":[{"x":1704,"y":256}],"height":48},"bluesky":{"width":48,"xoffset":24,"yoffset":24,"frames":[{"x":1368,"y":256}],"height":48},"folder_add":{"width":48,"xoffset":24,"yoffset":24,"frames":[{"x":1512,"y":256},{"x":1560,"y":256}],"height":48},"twitter":{"width":48,"xoffset":24,"yoffset":24,"frames":[{"x":864,"y":704}],"height":48},"cache_remove":{"width":48,"xoffset":24,"yoffset":24,"frames":[{"x":1608,"y":256},{"x":1656,"y":256}],"height":48},"group":{"width":48,"xoffset":24,"yoffset":24,"frames":[{"x":0,"y":320}],"height":48},"node_junction_add":{"width":48,"xoffset":24,"yoffset":24,"frames":[{"x":864,"y":368},{"x":912,"y":368}],"height":48},"node_junctions_bg":{"width":48,"xoffset":24,"yoffset":24,"frames":[{"x":1536,"y":368},{"x":1584,"y":368},{"x":1632,"y":368},{"x":1680,"y":368},{"x":1728,"y":368},{"x":1776,"y":368},{"x":1824,"y":368},{"x":1872,"y":368},{"x":1920,"y":368},{"x":1968,"y":368},{"x":0,"y":416},{"x":48,"y":416},{"x":96,"y":416},{"x":144,"y":416},{"x":192,"y":416},{"x":240,"y":416},{"x":288,"y":416},{"x":336,"y":416},{"x":384,"y":416},{"x":432,"y":416},{"x":480,"y":416},{"x":528,"y":416},{"x":576,"y":416},{"x":624,"y":416},{"x":672,"y":416},{"x":720,"y":416},{"x":768,"y":416},{"x":816,"y":416},{"x":864,"y":416},{"x":912,"y":416},{"x":960,"y":416},{"x":1008,"y":416},{"x":1056,"y":416},{"x":1104,"y":416},{"x":1152,"y":416},{"x":1200,"y":416},{"x":1248,"y":416},{"x":1296,"y":416}],"height":48},"node_junctions_outline":{"width":48,"xoffset":24,"yoffset":24,"frames":[{"x":1776,"y":416},{"x":1824,"y":416},{"x":1872,"y":416},{"x":1920,"y":416},{"x":1968,"y":416},{"x":0,"y":464},{"x":48,"y":464},{"x":96,"y":464},{"x":144,"y":464},{"x":192,"y":464},{"x":240,"y":464},{"x":288,"y":464},{"x":336,"y":464},{"x":384,"y":464},{"x":432,"y":464},{"x":480,"y":464},{"x":528,"y":464},{"x":576,"y":464},{"x":624,"y":464},{"x":672,"y":464},{"x":720,"y":464},{"x":768,"y":464},{"x":816,"y":464},{"x":864,"y":464},{"x":912,"y":464},{"x":960,"y":464},{"x":1008,"y":464},{"x":1056,"y":464},{"x":1104,"y":464},{"x":1152,"y":464},{"x":1200,"y":464},{"x":1248,"y":464},{"x":1296,"y":464},{"x":1344,"y":464},{"x":1392,"y":464},{"x":1440,"y":464},{"x":1488,"y":464},{"x":1536,"y":464}],"height":48},"timeline_onion_skin":{"height":16,"width":16,"nineslice":{"left":7,"bottom":7,"tilemode_left":0,"right":7,"top":7,"tilemode_right":0,"tilemode_top":0,"tilemode_bottom":0,"tilemode_centre":0},"xoffset":16,"yoffset":16,"frames":[{"x":1855,"y":1108},{"x":1871,"y":1108}]},"strand_push":{"width":36,"xoffset":18,"yoffset":18,"frames":[{"x":1404,"y":936},{"x":1440,"y":936}],"height":36},"strand_comb":{"width":36,"xoffset":18,"yoffset":18,"frames":[{"x":1332,"y":936},{"x":1368,"y":936}],"height":36},"node_junctions_outline_hover":{"width":48,"xoffset":24,"yoffset":24,"frames":[{"x":1584,"y":464},{"x":1632,"y":464},{"x":1680,"y":464},{"x":1728,"y":464},{"x":1776,"y":464},{"x":1824,"y":464},{"x":1872,"y":464},{"x":1920,"y":464},{"x":1968,"y":464},{"x":0,"y":512},{"x":48,"y":512},{"x":96,"y":512},{"x":144,"y":512},{"x":192,"y":512},{"x":240,"y":512},{"x":288,"y":512},{"x":336,"y":512},{"x":384,"y":512},{"x":432,"y":512},{"x":480,"y":512},{"x":528,"y":512},{"x":576,"y":512},{"x":624,"y":512},{"x":672,"y":512},{"x":720,"y":512},{"x":768,"y":512},{"x":816,"y":512},{"x":864,"y":512},{"x":912,"y":512},{"x":960,"y":512},{"x":1008,"y":512},{"x":1056,"y":512},{"x":1104,"y":512},{"x":1152,"y":512},{"x":1200,"y":512},{"x":1248,"y":512},{"x":1296,"y":512},{"x":1344,"y":512}],"height":48},"strand_stretch":{"width":36,"xoffset":18,"yoffset":18,"frames":[{"x":252,"y":936},{"x":288,"y":936}],"height":36},"ui_panel_bg_cover":{"width":1,"xoffset":0,"yoffset":0,"frames":[{"x":1354,"y":1140}],"height":1},"canvas_tools_node":{"width":36,"xoffset":18,"yoffset":18,"frames":[{"x":1992,"y":896},{"x":0,"y":936}],"height":36},"strand_cut":{"width":36,"xoffset":18,"yoffset":18,"frames":[{"x":108,"y":936},{"x":144,"y":936}],"height":36},"strand_grab":{"width":36,"xoffset":18,"yoffset":18,"frames":[{"x":1920,"y":896},{"x":1956,"y":896}],"height":36},"node_junction_selecting":{"width":96,"xoffset":48,"yoffset":48,"frames":[{"x":480,"y":128}],"height":96},"node_junction_name_bg":{"height":32,"width":32,"nineslice":{"left":15,"bottom":15,"tilemode_left":0,"right":15,"top":15,"tilemode_right":0,"tilemode_top":0,"tilemode_bottom":0,"tilemode_centre":0},"xoffset":0,"yoffset":0,"frames":[{"x":996,"y":1076}]},"toolbar_check":{"width":32,"xoffset":16,"yoffset":16,"frames":[{"x":1028,"y":1076},{"x":1060,"y":1076}],"height":32},"canvas_tools_extract":{"width":36,"xoffset":18,"yoffset":18,"frames":[{"x":1560,"y":896},{"x":1596,"y":896}],"height":36},"file":{"width":48,"xoffset":24,"yoffset":24,"frames":[{"x":1488,"y":512}],"height":48},"tool_poster":{"width":32,"xoffset":16,"yoffset":16,"frames":[{"x":1188,"y":1076}],"height":32},"tool_scale":{"width":32,"xoffset":16,"yoffset":16,"frames":[{"x":1220,"y":1076}],"height":32},"tool_intensity":{"width":32,"xoffset":16,"yoffset":16,"frames":[{"x":1252,"y":1076}],"height":32},"tools_canvas_channel":{"width":32,"xoffset":16,"yoffset":16,"frames":[{"x":1284,"y":1076},{"x":1316,"y":1076},{"x":1348,"y":1076},{"x":1380,"y":1076}],"height":32},"canvas_draw_layer":{"width":32,"xoffset":16,"yoffset":16,"frames":[{"x":1412,"y":1076},{"x":1444,"y":1076},{"x":1476,"y":1076}],"height":32},"pen_pressure":{"width":32,"xoffset":16,"yoffset":16,"frames":[{"x":1508,"y":1076}],"height":32},"reset_16":{"width":32,"xoffset":16,"yoffset":16,"frames":[{"x":1540,"y":1076}],"height":32},"canvas_fill_type":{"width":32,"xoffset":16,"yoffset":16,"frames":[{"x":1572,"y":1076},{"x":1604,"y":1076},{"x":1636,"y":1076}],"height":32},"junc_visible":{"width":32,"xoffset":16,"yoffset":16,"frames":[{"x":1668,"y":1076},{"x":1700,"y":1076}],"height":32},"cursor_select":{"width":32,"xoffset":16,"yoffset":16,"frames":[{"x":1732,"y":1076},{"x":1764,"y":1076}],"height":32},"canvas_iso_angle":{"width":32,"xoffset":16,"yoffset":16,"frames":[{"x":1796,"y":1076},{"x":1828,"y":1076}],"height":32},"link":{"width":48,"xoffset":16,"yoffset":16,"frames":[{"x":1536,"y":512}],"height":48},"canvas_dither":{"width":32,"xoffset":16,"yoffset":16,"frames":[{"x":1892,"y":1076},{"x":1924,"y":1076},{"x":1956,"y":1076},{"x":1988,"y":1076}],"height":32},"stamp_16":{"width":32,"xoffset":16,"yoffset":16,"frames":[{"x":0,"y":1108}],"height":32},"tool_threshold":{"width":32,"xoffset":16,"yoffset":16,"frames":[{"x":32,"y":1108}],"height":32},"tool_fill_type":{"width":32,"xoffset":16,"yoffset":16,"frames":[{"x":64,"y":1108}],"height":32},"tag":{"width":32,"xoffset":16,"yoffset":16,"frames":[{"x":96,"y":1108}],"height":32},"tool_bg":{"width":32,"xoffset":16,"yoffset":16,"frames":[{"x":128,"y":1108}],"height":32},"tools_2d_scale":{"width":36,"xoffset":18,"yoffset":18,"frames":[{"x":972,"y":936},{"x":1008,"y":936}],"height":36},"bone":{"width":32,"xoffset":16,"yoffset":16,"frames":[{"x":160,"y":1108},{"x":192,"y":1108},{"x":224,"y":1108},{"x":256,"y":1108},{"x":288,"y":1108},{"x":320,"y":1108},{"x":352,"y":1108}],"height":32},"tools_2d_rotate":{"width":36,"xoffset":18,"yoffset":18,"frames":[{"x":1044,"y":936},{"x":1080,"y":936}],"height":36},"tools_2d_move":{"width":36,"xoffset":18,"yoffset":18,"frames":[{"x":1764,"y":936},{"x":1800,"y":936}],"height":36},"bone_tool_pose":{"width":36,"xoffset":18,"yoffset":18,"frames":[{"x":1836,"y":936},{"x":1872,"y":936}],"height":36},"canvas_tools_pattern":{"width":36,"xoffset":18,"yoffset":18,"frames":[{"x":36,"y":972},{"x":72,"y":972}],"height":36},"canvas_tools_gradient":{"width":36,"xoffset":18,"yoffset":18,"frames":[{"x":828,"y":972},{"x":864,"y":972}],"height":36},"canvas_tools_bucket":{"width":36,"xoffset":18,"yoffset":18,"frames":[{"x":1044,"y":972},{"x":1080,"y":972}],"height":36},"loop_24":{"width":48,"xoffset":24,"yoffset":24,"frames":[{"x":1584,"y":512}],"height":48},"canvas_tools_freeform":{"width":36,"xoffset":18,"yoffset":18,"frames":[{"x":1404,"y":972},{"x":1440,"y":972}],"height":36},"canvas_tool_curve_icon":{"width":36,"xoffset":18,"yoffset":18,"frames":[{"x":1692,"y":972},{"x":1728,"y":972}],"height":36},"canvas_tools_iso_cube_fill":{"width":36,"xoffset":18,"yoffset":18,"frames":[{"x":1764,"y":972},{"x":1800,"y":972}],"height":36},"canvas_tools_iso_cube_wire":{"width":36,"xoffset":18,"yoffset":18,"frames":[{"x":180,"y":1008},{"x":216,"y":1008}],"height":36},"canvas_tools_iso_cube":{"width":36,"xoffset":18,"yoffset":18,"frames":[{"x":324,"y":1008},{"x":360,"y":1008}],"height":36},"canvas_tools_ellip_fill":{"width":36,"xoffset":18,"yoffset":18,"frames":[{"x":756,"y":1008},{"x":792,"y":1008}],"height":36},"canvas_tools_ellip":{"width":36,"xoffset":18,"yoffset":18,"frames":[{"x":900,"y":1008},{"x":936,"y":1008}],"height":36},"canvas_tools_rect_fill":{"width":36,"xoffset":18,"yoffset":18,"frames":[{"x":1620,"y":1008},{"x":1656,"y":1008}],"height":36},"node_junctions_single":{"width":48,"xoffset":24,"yoffset":24,"frames":[{"x":1776,"y":512},{"x":1824,"y":512},{"x":1872,"y":512},{"x":1920,"y":512},{"x":1968,"y":512},{"x":0,"y":560},{"x":48,"y":560},{"x":96,"y":560},{"x":144,"y":560},{"x":192,"y":560},{"x":240,"y":560},{"x":288,"y":560},{"x":336,"y":560},{"x":384,"y":560},{"x":432,"y":560},{"x":480,"y":560},{"x":528,"y":560},{"x":576,"y":560},{"x":624,"y":560},{"x":672,"y":560},{"x":720,"y":560},{"x":768,"y":560},{"x":816,"y":560},{"x":864,"y":560},{"x":912,"y":560},{"x":960,"y":560},{"x":1008,"y":560},{"x":1056,"y":560},{"x":1104,"y":560},{"x":1152,"y":560},{"x":1200,"y":560},{"x":1248,"y":560},{"x":1296,"y":560},{"x":1344,"y":560},{"x":1392,"y":560},{"x":1440,"y":560},{"x":1488,"y":560},{"x":1536,"y":560}],"height":48},"canvas_tools_rect":{"width":36,"xoffset":18,"yoffset":18,"frames":[{"x":1260,"y":972},{"x":1296,"y":972}],"height":36},"tools_3d_transform_object":{"width":36,"xoffset":18,"yoffset":18,"frames":[{"x":1908,"y":972},{"x":1944,"y":972}],"height":36},"canvas_tools_magic_selection":{"width":36,"xoffset":18,"yoffset":18,"frames":[{"x":1620,"y":972},{"x":1656,"y":972}],"height":36},"canvas_tools_selection_brush":{"width":36,"xoffset":18,"yoffset":18,"frames":[{"x":252,"y":1008},{"x":288,"y":1008}],"height":36},"workshop_project":{"width":96,"xoffset":48,"yoffset":48,"frames":[{"x":672,"y":128}],"height":96},"workshop_collection":{"width":96,"xoffset":48,"yoffset":48,"frames":[{"x":1056,"y":128}],"height":96},"canvas_tools_freeform_selection":{"width":36,"xoffset":18,"yoffset":18,"frames":[{"x":1188,"y":1008},{"x":1224,"y":1008}],"height":36},"textbox":{"height":12,"width":12,"nineslice":{"left":5,"bottom":5,"tilemode_left":0,"right":5,"top":5,"tilemode_right":0,"tilemode_top":0,"tilemode_bottom":0,"tilemode_centre":0},"xoffset":0,"yoffset":0,"frames":[{"x":1086,"y":1140},{"x":1098,"y":1140},{"x":1110,"y":1140},{"x":1122,"y":1140},{"x":1134,"y":1140},{"x":1146,"y":1140}]},"canvas_tools_selection_circle":{"width":36,"xoffset":18,"yoffset":18,"frames":[{"x":108,"y":972},{"x":144,"y":972}],"height":36},"workshop_patreon":{"width":96,"xoffset":48,"yoffset":48,"frames":[{"x":1152,"y":128}],"height":96},"canvas_tools_selection_rectangle":{"width":36,"xoffset":18,"yoffset":18,"frames":[{"x":1548,"y":936},{"x":1584,"y":936}],"height":36},"cursor_add":{"width":64,"xoffset":0,"yoffset":0,"frames":[{"x":1600,"y":128}],"height":64},"cursor_remove":{"width":64,"xoffset":0,"yoffset":0,"frames":[{"x":1536,"y":128}],"height":64},"tools_1d_move":{"width":36,"xoffset":18,"yoffset":18,"frames":[{"x":900,"y":936},{"x":936,"y":936}],"height":36},"prop_gradient":{"height":32,"width":12,"nineslice":{"left":5,"bottom":5,"tilemode_left":0,"right":5,"top":5,"tilemode_right":0,"tilemode_top":0,"tilemode_bottom":0,"tilemode_centre":0},"xoffset":12,"yoffset":32,"frames":[{"x":928,"y":1076},{"x":940,"y":1076},{"x":952,"y":1076}]},"canvas_tools_pencil_surface":{"width":36,"xoffset":18,"yoffset":18,"frames":[{"x":1116,"y":1008},{"x":1152,"y":1008}],"height":36},"loop":{"width":32,"xoffset":16,"yoffset":16,"frames":[{"x":128,"y":1076}],"height":32},"canvas_flip_v":{"width":36,"xoffset":18,"yoffset":18,"frames":[{"x":108,"y":1008},{"x":144,"y":1008}],"height":36},"canvas_flip_h":{"width":36,"xoffset":18,"yoffset":18,"frames":[{"x":972,"y":1008},{"x":1008,"y":1008}],"height":36},"canvas_rotate_ccw":{"width":36,"xoffset":18,"yoffset":18,"frames":[{"x":1476,"y":936},{"x":1512,"y":936}],"height":36},"canvas_rotate_cw":{"width":36,"xoffset":18,"yoffset":18,"frames":[{"x":540,"y":972},{"x":576,"y":972}],"height":36},"canvas_resize":{"width":36,"xoffset":18,"yoffset":18,"frames":[{"x":1476,"y":972},{"x":1512,"y":972}],"height":36},"workshop_sort":{"width":48,"xoffset":24,"yoffset":24,"frames":[{"x":1392,"y":608},{"x":1440,"y":608},{"x":1488,"y":608}],"height":48},"canvas_tools_outline":{"width":36,"xoffset":18,"yoffset":18,"frames":[{"x":1836,"y":972},{"x":1872,"y":972}],"height":36},"canvas_tools_extrude":{"width":36,"xoffset":18,"yoffset":18,"frames":[{"x":36,"y":1008},{"x":72,"y":1008}],"height":36},"canvas_tools_inset":{"width":36,"xoffset":18,"yoffset":18,"frames":[{"x":828,"y":1008},{"x":864,"y":1008}],"height":36},"canvas_tools_skew":{"width":36,"xoffset":18,"yoffset":18,"frames":[{"x":1044,"y":1008},{"x":1080,"y":1008}],"height":36},"paste":{"width":48,"xoffset":24,"yoffset":24,"frames":[{"x":1008,"y":656}],"height":48},"tag_24":{"width":48,"xoffset":24,"yoffset":24,"frames":[{"x":480,"y":704}],"height":48},"animation_setting":{"width":48,"xoffset":24,"yoffset":24,"frames":[{"x":624,"y":704}],"height":48},"canvas_tools_corner":{"width":36,"xoffset":18,"yoffset":18,"frames":[{"x":396,"y":1008},{"x":432,"y":1008}],"height":36},"animation_timing":{"width":48,"xoffset":24,"yoffset":24,"frames":[{"x":672,"y":704}],"height":48},"frame_range":{"width":48,"xoffset":24,"yoffset":24,"frames":[{"x":768,"y":704},{"x":816,"y":704}],"height":48},"accept_inv_16":{"width":32,"xoffset":16,"yoffset":16,"frames":[{"x":1568,"y":1044}],"height":32},"timeline_hide_24":{"width":48,"xoffset":24,"yoffset":24,"frames":[{"x":1872,"y":704},{"x":1920,"y":704},{"x":1968,"y":704}],"height":48},"download_inv_16":{"width":32,"xoffset":16,"yoffset":16,"frames":[{"x":1824,"y":1044}],"height":32},"timeline_ease":{"width":48,"xoffset":24,"yoffset":24,"frames":[{"x":1296,"y":752},{"x":1344,"y":752},{"x":1392,"y":752},{"x":1440,"y":752},{"x":1488,"y":752},{"x":1536,"y":752}],"height":48},"icon_toggle":{"width":32,"xoffset":16,"yoffset":16,"frames":[{"x":256,"y":1076}],"height":32},"object_halign":{"width":48,"xoffset":24,"yoffset":24,"frames":[{"x":1680,"y":752},{"x":1728,"y":752},{"x":1776,"y":752}],"height":48},"arrow":{"width":32,"xoffset":16,"yoffset":16,"frames":[{"x":480,"y":1076},{"x":512,"y":1076},{"x":544,"y":1076},{"x":576,"y":1076}],"height":32},"inspector_channel":{"width":48,"xoffset":24,"yoffset":24,"frames":[{"x":352,"y":800},{"x":400,"y":800},{"x":448,"y":800},{"x":496,"y":800}],"height":48},"panel_animation_icon":{"width":32,"xoffset":16,"yoffset":16,"frames":[{"x":608,"y":1076}],"height":32},"view_zoom":{"width":32,"xoffset":16,"yoffset":16,"frames":[{"x":864,"y":1076}],"height":32},"checkbox_active":{"height":32,"width":32,"nineslice":{"left":15,"bottom":15,"tilemode_left":0,"right":15,"top":15,"tilemode_right":0,"tilemode_top":0,"tilemode_bottom":0,"tilemode_centre":0},"xoffset":0,"yoffset":0,"frames":[{"x":1092,"y":1076},{"x":1124,"y":1076}]},"cross_inv_16":{"width":32,"xoffset":16,"yoffset":16,"frames":[{"x":1156,"y":1076}],"height":32},"add_inv_16":{"width":32,"xoffset":16,"yoffset":16,"frames":[{"x":1860,"y":1076}],"height":32},"icon_canvas_24":{"width":48,"xoffset":24,"yoffset":24,"frames":[{"x":736,"y":800}],"height":48},"tool_size":{"width":32,"xoffset":16,"yoffset":16,"frames":[{"x":416,"y":1108}],"height":32},"icon_center_canvas":{"width":48,"xoffset":24,"yoffset":24,"frames":[{"x":1024,"y":800}],"height":48},"message_24":{"width":48,"xoffset":24,"yoffset":24,"frames":[{"x":1216,"y":800}],"height":48},"node_coor_pin":{"width":12,"xoffset":12,"yoffset":12,"frames":[{"x":1031,"y":1140}],"height":12},"vote_up":{"width":64,"xoffset":32,"yoffset":32,"frames":[{"x":768,"y":256}],"height":64},"search":{"width":32,"xoffset":16,"yoffset":16,"frames":[{"x":768,"y":1108}],"height":32},"vote_down":{"width":64,"xoffset":32,"yoffset":32,"frames":[{"x":832,"y":256}],"height":64},"ui_selection_range_sim_hori":{"height":12,"width":19,"nineslice":{"left":10,"bottom":4,"tilemode_left":0,"right":7,"top":4,"tilemode_right":0,"tilemode_top":0,"tilemode_bottom":0,"tilemode_centre":0},"xoffset":0,"yoffset":0,"frames":[{"x":1067,"y":1140}]},"ui_selection_range_hori":{"height":12,"width":19,"nineslice":{"left":10,"bottom":4,"tilemode_left":0,"right":7,"top":4,"tilemode_right":0,"tilemode_top":0,"tilemode_bottom":0,"tilemode_centre":0},"xoffset":0,"yoffset":0,"frames":[{"x":868,"y":1140}]},"tileset":{"width":48,"xoffset":24,"yoffset":24,"frames":[{"x":0,"y":848}],"height":48},"window_pan_icon":{"width":32,"xoffset":16,"yoffset":16,"frames":[{"x":992,"y":1108}],"height":32},"circle_hotkey":{"width":8,"xoffset":4,"yoffset":4,"frames":[{"x":1158,"y":1140},{"x":1166,"y":1140},{"x":1174,"y":1140},{"x":1182,"y":1140},{"x":1190,"y":1140},{"x":1198,"y":1140}],"height":8},"verletSim":{"width":32,"xoffset":16,"yoffset":16,"frames":[{"x":1120,"y":1108}],"height":32}}}