{
  "tooltip":"Apply mathematical operation directly on RGBA value.",
  "alias":[
    "add",
    "subtract",
    "multiply",
    "divide",
    "power",
    "root",
    "+",
    "-",
    "*",
    "\/",
    "^",
    "sin",
    "cos",
    "tan",
    "modulo",
    "round",
    "ceiling",
    "floor",
    "lerp",
    "abs",
    "fract",
    "clamp",
    "snap"
  ],
  "spr":"s_node_pixel_math",
  "pxc_version":118020.0,
  "baseNode":"Node_Pixel_Math",
  "io":[
    "surface"
  ],
  "build":"Node_create_Pixel_Math",
  "name":"Pixel Math"
}