{
  "tooltip":"Create SDF object.",
  "alias":[
    "plane",
    "box",
    "box frame",
    "box round",
    "cube",
    "sphere",
    "ellipse",
    "cut sphere",
    "cut hollow sphere",
    "torus",
    "capped torus",
    "cylinder",
    "prism",
    "capsule",
    "cone",
    "capped cone",
    "round cone",
    "3d arc",
    "pie",
    "octahedron",
    "pyramid"
  ],
  "spr":"s_node_rm_primitive",
  "pxc_version":11720.0,
  "baseNode":"Node_RM_Primitive",
  "io":[
    "surface"
  ],
  "build":"Node_create_RM_Primitive",
  "name":"RM Primitive"
}