[
    {
        "name": "Home", "nodes": []
    }, //Home
    {
        "name": "Group", "nodes": [
            { "label": "Groups" },
            "Node_Group_Input",
            "Node_Group_Output",
            "Node_Group_Thumbnail"
        ],
        "context": ["Node_Group"],
        "color": "node_blend_collection"
    }, //Group
    {
        "name": "Loop",
        "iname": "Iterate", "nodes": [
            { "label": "Groups" },
            "Node_Iterate",
            "Node_Iterator_Input",
            "Node_Iterator_Output",
            "Node_Group_Input",
            "Node_Group_Output",
            "Node_Group_Thumbnail",

            { "label": "Loops" },
            "Node_Iterator_Index",
            "Node_Iterator_Length"
        ],
        "context": ["Node_Iterate"],
        "color": "node_blend_loop"
    }, //Loop
    {
        "name": "Loop",
        "iname": "Iterate_Inline", "nodes": [
            { "label": "Loops" },
            "Node_Iterator_Index",
            "Node_Iterator_Each_Length"
        ],
        "context": ["Node_Iterate_Inline"],
        "color": "node_blend_loop"
    }, //Loop inline
    {
        "name": "Loop",
        "iname": "Iterate_Each", "nodes": [
            { "label": "Groups" },
            "Node_Group_Input",
            "Node_Group_Output",
            "Node_Group_Thumbnail",

            { "label": "Loops" },
            "Node_Iterator_Index",
            "Node_Iterator_Each_Length"
        ],
        "context": ["Node_Iterate_Each"],
        "color": "node_blend_loop"
    }, //Loop each
    {
        "name": "Loop",
        "iname": "Iterate_Each_Inline", "nodes": [
            { "label": "Loops" },
            "Node_Iterator_Index",
            "Node_Iterator_Length"
        ],
        "context": ["Node_Iterate_Each_Inline"],
        "color": "node_blend_loop"
    }, //Loop each inline
    {
        "name": "Filter",
        "iname": "Iterate_Filter", "nodes": [
            { "label": "Groups" },
            "Node_Group_Input",
            "Node_Group_Output",
            "Node_Group_Thumbnail",
            
            { "label": "Loops" },
            "Node_Iterator_Index",
            "Node_Iterator_Each_Length"
        ],
        "context": ["Node_Iterate_Filter"],
        "color": "node_blend_loop"
    }, //Loop filter
    {
        "name": "Filter",
        "iname": "Iterate_Filter_Inline", "nodes": [
            { "label": "Loops" },
            "Node_Iterator_Index",
            "Node_Iterator_Length"
        ],
        "context": ["Node_Iterate_Filter_Inline"],
        "color": "node_blend_loop"
    }, //Loop filter inline
    {
        "name": "Feedback", "nodes": [
            { "label": "Groups" },
            "Node_Feedback_Input",
            "Node_Feedback_Output",
            "Node_Group_Thumbnail"
        ],
        "context": ["Node_Feedback"],
        "color": "node_blend_feedback"
    }, //Feedback
    {
        "name": "VFX", "nodes": [
            { "label": "Groups" },
            "Node_Group_Input",
            "Node_Group_Output",
            "Node_Group_Thumbnail",
            
            { "label": "Main" },
            "Node_VFX_Spawner",
            "Node_VFX_Renderer",
            
            { "label": "Affectors" },
            "Node_VFX_Accelerate",
            "Node_VFX_Destroy",
            "Node_VFX_Attract",
            "Node_VFX_Wind",
            "Node_VFX_Vortex",
            "Node_VFX_Turbulence",
            "Node_VFX_Repel",
            "Node_VFX_Oscillate",
            "Node_VFX_Boids",
            
            { "label": "Generates" },
            "Node_VFX_Trail",
            "Node_VFX_Triangulate",
            
            { "label": "Variables" },
            "Node_VFX_Variable",
            "Node_VFX_Override"
        ],
        "context": ["Node_VFX_Group", "Node_VFX_Group_Inline"],
        "color": "node_blend_vfx"
    }, //VFX
    {
        "name": "pSystem", "nodes": [
            { "label": "System" },
            { "label": "/Particles" },
            "Node_pSystem_Spawn",
            "Node_pSystem_from_Points",
            "Node_pSystem_Render",
            "Node_pSystem_Destroy",
            "Node_pSystem_Clone",
            
            { "label": "/Mask" },
            "Node_pSystem_Mask",
            "Node_pSystem_Mask_Data",
            "Node_pSystem_Mask_Distance",
            
            { "label": "/Event" },
            "Node_pSystem_Trigger_Event",
            
            { "label": "Transform" },
            { "label": "/Transform" },
            "Node_pSystem_Transform",
            "Node_pSystem_Snap_Transform",
            "Node_pSystem_Attract",
            "Node_pSystem_Oscillate",
            "Node_pSystem_Wiggle",
            "Node_pSystem_Follow_Path",
            "Node_pSystem_Align_to_Velocity",
            "Node_pSystem_Wrap",
            
            { "label": "/Relations" },
            "Node_pSystem_Boids",
            
            { "label": "/Physics" },
            "Node_pSystem_Gravity",
            "Node_pSystem_Acceleration",
            "Node_pSystem_Collision",
            
            { "label": "Rendering" },
            { "label": "/Render" },
            "Node_pSystem_Render",
            "Node_pSystem_Render_Trail",
            "Node_pSystem_Render_Path",
            "Node_pSystem_Triangulate",
            
            { "label": "/Blending" },
            "Node_pSystem_Blend",
            "Node_pSystem_Sample_Color",
        ],
        "context": ["Node_pSystem_Inline"],
        "color": "node_blend_vfx"
    }, //pSystem
    {
        "name": "pSystem 3D", "nodes": [
            { "label": "System" },
            { "label": "/Particles" },
            "Node_pSystem_3D_Spawn",
            "Node_pSystem_3D_from_Points",
            "Node_pSystem_3D_Render_Model",
            "Node_pSystem_3D_Destroy", 
            "Node_pSystem_3D_Clone", 
            
            { "label": "/Mask" },
            "Node_pSystem_3D_Mask", 
            "Node_pSystem_3D_Mask_Data", 
            
            { "label": "Transform" },
            { "label": "/Transform" },
            "Node_pSystem_3D_Transform", 
            "Node_pSystem_3D_Snap_Transform", 
            "Node_pSystem_3D_Attract", 
            "Node_pSystem_3D_Boids", 
            "Node_pSystem_3D_Follow_Path", 
            "Node_pSystem_3D_Wiggle", 
            "Node_pSystem_3D_Align_to_Velocity", 
            
            { "label": "/Physics" },
            "Node_pSystem_3D_Gravity",
            "Node_pSystem_3D_Acceleration",
            "Node_pSystem_3D_Collision",
            
            { "label": "Rendering" },
            { "label": "/Render" },
            "Node_pSystem_3D_Render_Model",
            
            { "label": "/Generate" },
            "Node_pSystem_3D_Trail", 
            
            { "label": "/Blending" },
            "Node_pSystem_3D_Blend",
        ],
        "context": ["Node_pSystem_3D_Inline"],
        "color": "node_blend_vfx"
    }, //pSystem 3D
    {
        "name": "RigidSim", "nodes": [
            { "label": "Objects" },
            { "label": "/Surface" },
            "Node_Rigid_Object",
            "Node_Rigid_Object_Spawner",
            "Node_Rigid_Fracture",
            { "label": "/Linear" },
            "Node_Rigid_Wall",
            "Node_Rigid_Object_Segment",
            "Node_Rigid_Path_Collider",
            { "label": "/Sensor" },
            "Node_Rigid_Sensor",
            
            { "label": "Modifiers" },
            { "label": "/Force" },
            "Node_Rigid_Force_Apply",
            "Node_Rigid_Explode",
            { "label": "/Physics" },
            "Node_Rigid_Activate",
            
            { "label": "Joints" },
            "Node_Rigid_Joint_Fix",
            "Node_Rigid_Joint_Rotate",
            
            { "label": "Render" },
            "Node_Rigid_Render",
            "Node_Rigid_Render_ID",
            
            { "label": "Data" },
            { "label": "/Variable" },
            "Node_Rigid_Variable",
            "Node_Rigid_Override",
            { "label": "/Collision" },
            "Node_Rigid_Object_Get_Collision",
        ],
        "context": ["Node_Rigid_Group_Inline"],
        "color": "node_blend_simulation"
    }, //Rigidsim
    {
        "name": "SmokeSim", "nodes": [
            { "label": "Groups" },
            "Node_Smoke_Render_Output",
            
            { "label": "Domain" },
            "Node_Smoke_Domain",
            "Node_Smoke_Update",
            "Node_Smoke_Render",
            "Node_Smoke_Domain_Queue",
            
            { "label": "Smoke" },
            "Node_Smoke_Add",
            "Node_Smoke_Apply_Velocity",
            "Node_Smoke_Add_Collider",
            "Node_Smoke_Vortex",
            "Node_Smoke_Repulse",
            "Node_Smoke_Turbulence"
        ],
        "context": ["Node_Smoke_Group", "Node_Smoke_Group_Inline"],
        "color": "node_blend_smoke"
    }, //Smokesim
    {
        "name": "FLIP Fluid", "nodes": [
            { "label": "Domain" },
            "Node_FLIP_Domain",
            "Node_FLIP_Render",
            "Node_FLIP_Update",
            
            { "label": "Fluid" },
            "Node_FLIP_Spawner",
            "Node_FLIP_Destroy",
            
            { "label": "Affectors" },
            "Node_FLIP_Apply_Velocity",
            "Node_FLIP_Apply_Force",
            "Node_FLIP_Repel",
            "Node_FLIP_Vortex",
            
            { "label": "Misc" },
            "Node_FLIP_to_VFX"
        ],
        "context": ["Node_FLIP_Group_Inline"],
        "color": "node_blend_fluid"
    }, //FLIP
    {
        "name": "StrandSim", "nodes": [
            { "label": "Group" },
            "Node_Group_Input",
            "Node_Group_Output",
            
            { "label": "System" },
            "Node_Strand_Create",
            "Node_Strand_Update",
            "Node_Strand_Render",
            "Node_Strand_Render_Texture",
            
            { "label": "Affectors" },
            "Node_Strand_Gravity",
            "Node_Strand_Force_Apply",
            "Node_Strand_Break",
            "Node_Strand_Length_Adjust",
            "Node_Strand_Collision"
        ],
        "context": ["Node_Strand_Group", "Node_Strand_Group_Inline"],
        "color": "node_blend_strand"
    }, //StrandSim
    {
        "name": "VerletSim", "nodes": [
            { "label": "Objects" },
            { "label": "/Mesh" },
            "Node_VerletSim_Mesh",
            "Node_VerletSim_Mesh_Pin",
            "Node_VerletSim_Mesh_Tear",
            "Node_VerletSim_Mesh_Pleat",
            { "label": "/Path" },
            "Node_VerletSim_Path", 
            { "label": "Simulation" },
            { "label": "/Force" },
            "Node_VerletSim_Force",
            "Node_VerletSim_Drag",
            "Node_VerletSim_Wind",
            { "label": "/Render" },
            "Node_VerletSim_Step",
            "Node_VerletSim_Render",
            "Node_VerletSim_to_Path",
            { "label": "/Cache" },
            "Node_VerletSim_Mesh_Cache",
            "Node_VerletSim_Mesh_Cache_Lerp",
        ],
        "context": ["", "Node_VerletSim_Inline"],
        "color": "node_blend_strand"
    }, //VerletSim
    {
        "name": "MK Tree", "nodes": [
            { "label": "Builder" },
            { "label": "/Branches" },
            "Node_MK_Tree_Root",
            "Node_MK_Tree_Path_Root",
            "Node_MK_Tree_Branch",
            "Node_MK_Tree_Add_Branch",
            
            { "label": "/Leaves" },
            "Node_MK_Tree_Leaf",
            "Node_MK_Tree_Add_Leaf", 
            
            { "label": "Modify" },
            { "label": "/Length" },
            "Node_MK_Tree_Branch_Trim",
            "Node_MK_Tree_Grow",
            
            { "label": "/Animate" },
            "Node_MK_Tree_Attract",
            "Node_MK_Tree_Repulse",
            "Node_MK_Tree_Wiggle",
            "Node_MK_Tree_Leaf_Particle",
            
            { "label": "Render" },
            { "label": "/Render" },
            "Node_MK_Tree_Render",
            "Node_MK_Tree_Branch_To_Path",
        ],
        "context": ["Node_MK_Tree_Inline"],
        "color": "node_blend_mktree"
    }, //MK Tree
    {
        "name": "Pixel Builder", "nodes": [
            { "label": "Group" },
            "Node_Group_Input",
            "Node_Group_Output",
            "Node_PB_Output",
            "Node_PB_Dimension",

            { "label": "PBBOX" },
            { "label": "/Modify" },
            "Node_PB_Box",
            "Node_PB_Box_Mirror",
            "Node_PB_Box_Split",
            { "label": "/Get" },
            "Node_PB_Box_BBOX",
            "Node_PB_Box_Point",

            { "label": "Draw" },
            { "label": "/Shapes" },
            "Node_PB_Draw_Rectangle",
            "Node_PB_Draw_Round_Rectangle",
            "Node_PB_Draw_Trapezoid",
            "Node_PB_Draw_Quadrilateral",
            "Node_PB_Draw_Triangle",
            "Node_PB_Draw_Diamond",
            "Node_PB_Draw_Polygon",
            "Node_PB_Draw_Ellipse",
            "Node_PB_Draw_Pie",
            "Node_PB_Draw_Star",
            { "label": "/Lines" },
            "Node_PB_Draw_Line",
            "Node_PB_Draw_Curve",
            { "label": "/Surface" },
            "Node_PB_Draw_Surface",

            { "label": "Surface" },
            { "label": "/Modify" },
            "Node_PB_Draw_Surface",
            "Node_PB_Crop_PBBOX",
            "Node_PB_Filter_Mirror", 
            "Node_PB_Filter_Polar",
            { "label": "/Effects" },
            "Node_PB_FX_Highlight",
            "Node_PB_FX_Bevel", 
            "Node_PB_FX_Extrude",
            "Node_PB_FX_Shine",
        ],
        "context": ["Node_Pixel_Builder"],
        "color": "node_blend_feedback"
    }, //Pixel Builder
    
    {
        "name": "IO", "nodes": [
            { "label": "Images" },
            { "label": "/Importers" },
            "Node_Image",
            "Node_Image_gif",
            "Node_Image_Sequence",
            "Node_Image_Animated",
            "Node_SVG",
            { "label": "/Converters" },
            "Node_Image_Sheet",
            "Node_Sequence_Anim",
            "Node_Cache_Array",
            { "label": "Export" },
            "Node_Export",
            
            { "label": "Canvas" },
            "Node_Canvas",
            "Node_Canvas_Group",
            "Node_Active_Canvas",
            
            { "label": "Tileset" },
            { "label": "/Creators" },
            "Node_Tile_Tileset",
            "Node_Tile_Drawer",
            "Node_Tile_Rule",
            "Node_Tile_Convert",
            { "label": "/Exporters" },
            "Node_Tile_Render",
            "Node_Tile_Tilemap_Export",
            
            { "label": "Files" },
            "Node_Text_File_Read",
            "Node_Text_File_Write",
            "Node_CSV_File_Read",
            "Node_CSV_File_Write",
            "Node_Json_File_Read",
            "Node_Json_File_Write",
            "Node_WAV_File_Read",
            "Node_WAV_File_Write",
            "Node_XML_File_Read",
            "Node_XML_File_Write",
            "Node_Byte_File_Read",
            "Node_Byte_File_Write",
            "Node_Directory_Search",
            
            { "label": "Aseprite" },
            "Node_ASE_File_Read",
            "Node_ASE_layer",
            "Node_ASE_Tag",
            "Node_ASE_Tileset",
            
            { "label": "Krita" },
            "Node_Krita_File_Read",
            "Node_Krita_layer",
            
            { "label": "ORA" },
            "Node_ORA_File_Read",
            "Node_ORA_layer",
            
            { "label": "External" },
            { "label": "/Devices" },
            "Node_Spout_Send",
            "Node_MIDI_In",
            { "label": "/Network" },
            "Node_Websocket_Receiver",
            "Node_Websocket_Sender",
            "Node_HTTP_request",
            "Node_HTTP_Request_File",
            
            { "label": "Gamemaker" },
            "Node_GMRoom"
        ]
    }, //IO
    {
        "name": "Transform", "nodes": [
            { "label": "Transforms" },
            { "label": "/Transforms" },
            "Node_Transform",
            "Node_Scale",
            "Node_Downscale",
            "Node_Scale_Algo",
            "Node_Offset",
            "Node_Align_Content",
            { "label": "/Mirror" },
            "Node_Flip",
            "Node_Mirror",
            "Node_Mirror_Polar",
            
            { "label": "Crops" },
            "Node_Crop",
            "Node_Crop_Content",
            
            { "label": "Warps" },
            "Node_Warp",
            "Node_Skew",
            "Node_Bend",
            "Node_Mesh_Warp",
            "Node_Grid_Warp",
            "Node_Polar",
            "Node_Wrap_Area",
            
            { "label": "Others" },
            "Node_Composite",
            "Node_9Slice",
            "Node_Padding",
            { "label": "/Tiling" },
            "Node_Tile",
            "Node_Tile_Random",
        ]
    }, //Transform
    {
        "name": "Filter", "nodes": [
            { "label": "Combines" },
            "Node_Blend",
            "Node_Combine_RGB",
            "Node_Combine_HSV",
            "Node_Override_Channel",
            "Node_UV_Blend", 
            
            { "label": "Blurs" },
            { "label": "/Kernel-based" },
            "Node_Blur",
            "Node_Blur_Simple",
            "Node_Blur_Contrast",
            "Node_Blur_Box",
            "Node_Blur_Shape",
            "Node_High_Pass",
            "Node_FXAA",
            { "label": "/Linear" },
            "Node_Blur_Directional",
            "Node_Blur_Slope",
            "Node_Blur_Zoom",
            "Node_Blur_Radial",
            "Node_Blur_Path",
            "Node_Smear",
            { "label": "/Non-Linear" },
            "Node_Blur_Bokeh",
            "Node_Average",
            "Node_Kuwahara",
            "Node_Symmetric_NN",
            "Node_Brush_Linear",
            
            { "label": "Warps" },
            { "label": "/Effects" },
            "Node_Mirror",
            "Node_Mirror_Polar",
            "Node_Dilate",
            "Node_Spherize",
            "Node_Displace",
            "Node_Morph_Surface",
            "Node_Liquefy",
            "Node_Flow_Path",
            "Node_Refract",
            "Node_Fluffify",
            { "label": "/Mappers" },
            "Node_Texture_Remap",
            "Node_Time_Remap",
            "Node_Shape_Map",
            
            { "label": "Effects" },
            { "label": "/Basics" },
            "Node_Outline",
            "Node_Glow",
            "Node_Shadow",
            "Node_Blobify",
            "Node_SDF",
            "Node_Surface_Replace",
            "Node_PB_FX_Bevel", 
            "Node_PB_FX_Shine", 
            { "label": "/Post Processing" },
            "Node_Bloom",
            "Node_Blend_Edge",
            "Node_Chromatic_Aberration",
            "Node_Vignette",
            "Node_JPEG",
            "Node_Grain",
            { "label": "/Convolutions" },
            "Node_Convolution",
            "Node_Edge_Detect",
            "Node_Local_Analyze",
            "Node_Erode",
            "Node_Corner",
            { "label": "/Pixel Operations" },
            "Node_Pixel_Math",
            "Node_Atlas",
            "Node_Pixel_Cloud",
            "Node_Pixel_Sort",
            "Node_Shuffle",
            { "label": "/Lights" },
            "Node_2D_light",
            "Node_Shadow_Cast",
            "Node_2D_Extrude",
            { "label": "/Animations" },
            "Node_Interlaced",
            "Node_Trail",
            { "label": "/Analyze" },
            "Node_Edge_Detect",
            "Node_Curvature",
            "Node_Hough_Transform",
            
            { "label": "Colors" },
            { "label": "/Replacements" },
            "Node_Color_replace",
            "Node_Colors_Replace",
            "Node_Color_Remove",
            "Node_Color_Separate",
            { "label": "/Colorizers" },
            "Node_Colorize",
            "Node_Posterize",
            "Node_Dither",
            "Node_Dither_Diffuse",
            "Node_Bit_Reduce",
            "Node_Palette_Shift",
            "Node_Multiply_Alpha",
            { "label": "/Conversions" },
            "Node_BW",
            "Node_Greyscale",
            "Node_RGB_Channel",
            "Node_HSV_Channel",
            "Node_Alpha_Grey",
            "Node_Grey_Alpha",
            { "label": "/Adjustments" },
            "Node_Color_Select",
            "Node_Color_adjust",
            "Node_Level",
            "Node_Level_Selector",
            "Node_Normalize",
            "Node_Curve",
            "Node_Curve_HSV",
            "Node_Invert",
            "Node_Threshold",
            "Node_XDoG_Threshold",
            "Node_Alpha_Cutoff",
            "Node_Gamma_Map",
            "Node_Tonemap_ACE",
            "Node_Color_Blind",
            
            { "label": "Fixes" },
            "Node_De_Corner",
            "Node_De_Stray",
            "Node_Gap_Contract",
        ]
    }, //Filter
    {
        "name": "3D", "nodes": [
            { "label": "2D Operations" },
            "Node_3D_Transform_Image",
            "Node_Normal",
            "Node_Normal_Light",
            "Node_Bevel",
            "Node_PB_FX_Bevel", 
            "Node_Sprite_Stack",
            "Node_Ambient_Occlusion",
            
            { "label": "Scenes" },
            "Node_3D_Camera",
            "Node_3D_Camera_Set",
            "Node_3D_Scene",
            "Node_3D_Affector",
            
            { "label": "Materials" },
            "Node_3D_Material",
            
            { "label": "Meshes" },
            { "label": "/Creators" },
            "Node_3D_Mesh_Obj",
            "Node_3D_Mesh_Plane",
            "Node_3D_Mesh_Cube",
            "Node_3D_Mesh_Cylinder",
            "Node_3D_Mesh_Sphere_UV",
            "Node_3D_Mesh_Sphere_Ico",
            "Node_3D_Mesh_Cone",
            "Node_3D_Mesh_Torus",
            "Node_3D_Mesh_Terrain",
            "Node_3D_Mesh_Wall_Builder",
            "Node_3D_Mesh_Extrude",
            "Node_3D_Mesh_Extrude_Mesh",
            "Node_3D_Mesh_Path_Extrude",
            "Node_3D_Mesh_Path_Revolve",
            "Node_3D_Mesh_Json",
            { "label": "/Exporters" },
            "Node_3D_Mesh_Export",
            "Node_3D_Mesh_Stack_Slice",
            "Node_3D_Mesh_Vertex_Points",
            
            { "label": "Light" },
            "Node_3D_Light_Directional",
            "Node_3D_Light_Point",
            
            { "label": "Modify" },
            { "label": "/Meshes" },
            "Node_3D_Transform",
            "Node_3D_Transform_Scene",
            "Node_3D_Mirror",
            "Node_3D_Round_Vertex",
            "Node_3D_Displace",
            "Node_3D_Set_Origin",
            "Node_3D_Subdivide",
            "Node_3D_Get_Data",
            { "label": "/Instances" },
            "Node_3D_Repeat",
            { "label": "/Materials" },
            "Node_3D_Set_Material",
            "Node_3D_UV_Remap",
            
            { "label": "VFX" },
            "Node_3D_Instancer", 
            "Node_3D_Particle", 
            
            { "label": "Points" },
            "Node_Scatter_Points_3D",
            "Node_Scatter_Point_Lattice_3D",
            "Node_Point_3D_Camera",
            "Node_3D_Point_Affector",
            
            { "label": "Ray Marching" },
            "Node_RM_Primitive",
            "Node_RM_Combine",
            "Node_RM_Render",
            "Node_RM_Terrain",
            "Node_RM_Cloud"
        ]
    }, //3D
    {
        "name": "Generate", "nodes": [
            { "label": "Colors" },
            { "label": "/Simple" },
            "Node_Solid",
            { "label": "/Gradient" },
            "Node_Gradient",
            "Node_Gradient_Cos",
            "Node_Gradient_Points",
            { "label": "/Texture" },
            "Node_Sky",
            
            { "label": "Drawer" },
            { "label": "/Draw" },
            "Node_Canvas",
            "Node_Tile_Drawer",
            "Node_Text",
            { "label": "/Shape" },
            "Node_Line",
            "Node_Shape",
            "Node_Shape_Fast",
            "Node_Shape_Polygon",
            "Node_Random_Shape",
            { "label": "/Path" },
            "Node_Path_Profile",
            "Node_Ribbon",
            { "label": "/Data" },
            "Node_Plot_Linear",
            "Node_Interpret_Number",
            "Node_Interpret_Matrix",
            "Node_Cross_Section",
            { "label": "/Pixel Builder" },
            "Node_Pixel_Builder",
            
            { "label": "Noises" },
            { "label": "/Basics" },
            "Node_Noise",
            "Node_Noise_Blue",
            "Node_Perlin",
            "Node_Noise_Simplex",
            "Node_Cellular",
            "Node_Noise_Aniso",
            "Node_Perlin_Extra",
            "Node_Voronoi_Extra",
            { "label": "/Artistics" },
            "Node_Fold_Noise",
            "Node_Noise_Strand",
            "Node_Gabor_Noise",
            "Node_Shard_Noise",
            "Node_Wavelet_Noise",
            "Node_Caustic",
            "Node_Noise_Bubble",
            "Node_Flow_Noise",
            "Node_Noise_Cristal",
            "Node_Honeycomb_Noise",
            
            { "label": "Patterns" },
            { "label": "/Basics" },
            "Node_Stripe",
            "Node_Zigzag",
            "Node_Checker",
            "Node_Dotted", 
            { "label": "/Grids" },
            "Node_Grid",
            "Node_Grid_Tri",
            "Node_Grid_Hex",
            "Node_Grid_Pentagonal",
            "Node_Kisrhombille",
            { "label": "/Tiles" },
            "Node_Pytagorean_Tile",
            "Node_Herringbone_Tile",
            "Node_Random_Tile",
            { "label": "/Others" },
            "Node_Box_Pattern",
            "Node_Recursive_Subdiv",
            "Node_Quasicrystal",
            "Node_Pixel_Sampler",
            "Node_Julia_Set",
            "Node_Maze_Pattern",
            "Node_Weave",
            
            { "label": "Populate" },
            { "label": "/Repeat" },
            "Node_Repeat",
            "Node_Repeat_Texture",
            { "label": "/Scatter" },
            "Node_Scatter",
            "Node_Scatter_Sampler",
            
            { "label": "Simulation" },
            { "label": "/Simulation" },
            "Node_Particle",
            "Node_pSystem_Inline",
            "Node_pSystem_3D_Inline",
            "Node_VFX_Group_Inline",
            "Node_Rigid_Group_Inline",
            "Node_FLIP_Group_Inline",
            "Node_Smoke_Group_Inline",
            "Node_Strand_Group_Inline",
            "Node_VerletSim_Inline",
            { "label": "/Diffusion" },
            "Node_Diffuse",
            "Node_RD",
            { "label": "/Markov" },
            "Node_Markov", 
            "Node_Markov_Gradient", 
            
            { "label": "Region" },
            "Node_Seperate_Shape",
            "Node_Region_Fill",
            "Node_Flood_Fill",
            
            { "label": "UV" },
            { "label": "/Create" },
            "Node_UV_Cartesian", 
            "Node_UV_Polar", 
            "Node_UV_Area", 
            "Node_UV_Height", 
            { "label": "/Modify" },
            "Node_UV_Blend", 
            
            { "label": "MK Effects" },
            "Node_MK_Rain",
            "Node_MK_GridBalls",
            "Node_MK_GridFlip",
            "Node_MK_Saber",
            "Node_MK_Cable",
            "Node_MK_Tile",
            "Node_MK_Flag",
            "Node_MK_Brownian",
            "Node_MK_Fall",
            "Node_MK_Tree_Inline",
            "Node_MK_Blinker",
            "Node_MK_Flare",
            "Node_MK_Delay_Machine",
            "Node_MK_Fracture",
            "Node_MK_Sparkle",
            "Node_MK_Grass",
            "Node_MK_Subpixel",
            "Node_MK_Parallax", 
            "Node_MK_Dialog", 
            "Node_MK_Pile", 
            // "Node_MK_Smoke", 
            "Node_MK_Panels", 
            "Node_MK_IsoCube", 
            "Node_MK_Isoextrude", 
        ]
    }, //Generate
    {
        "name": "Compose", "nodes": [
            { "label": "Composes" },
            { "label": "/Combine" },
            "Node_Blend",
            "Node_Composite",
            "Node_Camera",
            "Node_UV_Blend", 
            "Node_Weld", 
            { "label": "/Align" },
            "Node_Stack",
            "Node_Image_Grid",
            "Node_Render_Sprite_Sheet",
            "Node_Pack_Sprites",
            { "label": "/Tag" },
            "Node_Surface_Tag",
            "Node_Composite_Tag",
            { "label": "/Depth" },
            "Node_Blend_Height",
            "Node_Blend_Depth",
            
            { "label": "Armature" },
            { "label": "/Build" },
            "Node_Armature",
            "Node_Armature_Bone",
            "Node_Armature_IK",
            "Node_Armature_Subdivide",
            "Node_Armature_Mirror",
            { "label": "/Pose" },
            "Node_Armature_Pose",
            "Node_Armature_Pose_Bone",
            "Node_Armature_Pose_Stagger",
            { "label": "/Bind" },
            "Node_Armature_Bind",
            "Node_Armature_Mesh_Rig",
            { "label": "/Convertors" },
            "Node_Armature_From_Path", 
            "Node_Armature_Path",
            "Node_Armature_Sample",
            
            { "label": "Export" },
            "Node_Export", 
            
            { "label": "Decompose" },
            "Node_Separate", 
            "Node_Seperate_Shape", 
        ]
    }, //Compose
    {
        "name": "Values", "nodes": [
            { "label": "Raw data" },
            "Node_Number",
            "Node_Number_Simple",
            "Node_Boolean",
            "Node_String",
            "Node_Path",
            "Node_Area",
            "Node_Padding_Data",
            "Node_Corner_Data",
            "Node_Rotation_Range_Data",
            "Node_Rotation_Random_Data",
            
            { "label": "Numbers" },
            { "label": "/Creators" },
            "Node_Number",
            "Node_Number_Simple",
            "Node_To_Number",
            "Node_Random",
            "Node_Transform_Array",
            { "label": "/Operators" },
            "Node_Math",
            "Node_Equation",
            "Node_Statistic",
            "Node_Base_Convert",
            "Node_FFT",
            "Node_Differential",
            { "label": "/Points" },
            "Node_Scatter_Points",
            "Node_Scatter_Point_Lattice",
            "Node_Scatter_Points_3D",
            "Node_Scatter_Point_Lattice_3D",
            "Node_Move_Point",
            "Node_Point_In_Area",
            "Node_Point_SDF",
            "Node_Point_3D_Camera",
            "Node_Surface_To_Points",
            { "label": "/Surfaces" },
            "Node_Interpret_Number",
            
            { "label": "Vector" },
            { "label": "/Creators" },
            "Node_Vector2",
            "Node_Vector3",
            "Node_Vector4",
            { "label": "/Components" },
            "Node_Vector_Split",
            "Node_Vector_Swizzle",
            { "label": "/Operators" },
            "Node_Vector_Math",
            "Node_Vector_Magnitude",
            "Node_Vector_Direction",
            "Node_Vector_Normalize",
            "Node_Vector_Dot",
            "Node_Vector_Cross_2D",
            "Node_Vector_Cross_3D",
            "Node_Vector_Polar_To_Cart",
            "Node_Vector_Cart_To_Polar",
            { "label": "/Points" },
            "Node_Scatter_Points",
            "Node_Scatter_Point_Lattice",
            "Node_Scatter_Points_3D",
            "Node_Scatter_Point_Lattice_3D",
            "Node_Move_Point",
            "Node_Point_In_Area",
            "Node_Point_SDF",
            "Node_Point_3D_Camera",
            "Node_Surface_To_Points",
            { "label": "/Quarternion" },
            "Node_Quarternion_Lookat", 
            "Node_Quarternion_From_Euler", 
            "Node_Quarternion_To_Euler", 
            
            {"label": "Matrix"},
            {"label": "/Creators"},
            "Node_Matrix",
            "Node_Matrix_Identity",
            "Node_Matrix_Transform_2D",
            "Node_Matrix_Transform_3D",
            {"label": "/Getters"},
            "Node_Matrix_Get",
            "Node_Matrix_Get_Vector",
            "Node_Matrix_Eigen",
            "Node_Matrix_Det",
            {"label": "/Operators"},
            "Node_Matrix_Set",
            "Node_Matrix_Set_Vector",
            "Node_Matrix_Math",
            "Node_Matrix_Multiply_Vector",
            "Node_Matrix_Invert",
            "Node_Matrix_Transpose",
            "Node_Matrix_Crop",
            {"label": "/Convertors"},
            "Node_Matrix_To_Array",
            {"label": "/Surfaces"},
            "Node_Interpret_Matrix",
            "Node_Matrix_Color_Apply",
            "Node_Convolution",
            
            { "label": "Texts" },
            { "label": "/Creators" },
            "Node_String",
            "Node_To_Text",
            "Node_Unicode",
            "Node_Font_Bitmap",
            { "label": "/Info" },
            "Node_String_Length",
            "Node_String_Get_Char",
            "Node_Datetime_Get",
            { "label": "/Operators" },
            "Node_String_Replace",
            "Node_String_Merge",
            "Node_String_Join",
            "Node_String_Split",
            "Node_String_Trim",
            "Node_String_Format",
            "Node_String_Count",
            "Node_String_Delete",
            "Node_String_Change_Case",
            "Node_Buffer_to_String",
            { "label": "/RegEx" },
            "Node_String_Regex_Match",
            "Node_String_Regex_Search",
            "Node_String_Regex_Replace",
            { "label": "/Filename" },
            "Node_Path_Separate_Folder",
            
            { "label": "Arrays" },
            { "label": "/Creators" },
            "Node_Array",
            "Node_Array_Range",
            "Node_Array_CSV_Parse",
            { "label": "/Info" },
            "Node_Array_Length",
            "Node_Array_Get",
            "Node_Array_Sample",
            "Node_Array_Find",
            { "label": "/Operators" },
            "Node_Array_Set",
            "Node_Array_Add",
            "Node_Array_Split",
            "Node_Array_Insert",
            "Node_Array_Remove",
            "Node_Array_Trim",
            "Node_Array_Reverse",
            "Node_Array_Shift",
            "Node_Array_Rearrange",
            "Node_Array_Zip",
            "Node_Array_Copy",
            "Node_Array_Partition",
            "Node_Array_Convolute",
            "Node_Array_Composite",
            "Node_Array_Shuffle",
            "Node_Array_Unique",
            "Node_Array_Boolean_Opr",
            "Node_Array_Flattern",
            "Node_Array_Transpose",
            { "label": "/Group Operators" },
            "Node_Array_Sort",
            "Node_Iterate_Each_Inline",
            "Node_Iterate_Filter_Inline",
            "Node_Iterate_Sort_Inline",
            
            { "label": "Paths" },
            { "label": "/Creators" },
            "Node_Path",
            "Node_Path_Smooth",
            "Node_Path_Shape",
            "Node_Path_Builder",
            "Node_Path_L_System",
            "Node_Path_From_Mask",
            "Node_Path_Plot",
            "Node_Path_3D",
            "Node_Path_Shape_3D",
            "Node_Path_3D_Camera",
            "Node_Path_Anchor",
            { "label": "/Modifiers" },
            "Node_Path_Transform",
            "Node_Path_Map_Area",
            "Node_Path_Shift",
            "Node_Path_Trim",
            "Node_Path_Wave",
            "Node_Path_Spiral",
            "Node_Path_Reverse",
            "Node_Path_Weight_Adjust",
            "Node_Path_Offset",
            { "label": "/Combine" },
            "Node_Path_Array",
            "Node_Path_Repeat",
            "Node_Path_Scatter",
            "Node_Path_Bridge",
            "Node_Path_Blend",
            "Node_Path_Flattern",
            { "label": "/To Number" },
            "Node_Path_Sample",
            "Node_Path_Bake",
            "Node_Path_Length",
            { "label": "/To Surface" },
            "Node_Path_Fill",
            "Node_Path_Map",
            "Node_Path_Morph",
            "Node_Path_SDF",
            { "label": "/Segments" },
            "Node_Segment_Filter",
            "Node_Points_Triangulate",
            
            { "label": "Boolean" },
            "Node_Boolean",
            "Node_Compare",
            "Node_Logic",
            
            { "label": "Trigger" },
            "Node_Trigger",
            "Node_Trigger_Bool",
            
            { "label": "Struct" },
            "Node_Struct",
            "Node_Struct_Get",
            "Node_Struct_Set",
            "Node_Struct_JSON_Parse",
            
            { "label": "Mesh" },
            "Node_Mesh_Create_Path",
            "Node_Mesh_Create_Lattice",
            "Node_Mesh_Transform",
            
            { "label": "Atlas" },
            "Node_Atlas_Draw",
            "Node_Atlas_Get",
            "Node_Atlas_Set",
            "Node_Atlas_Struct",
            "Node_Atlas_Affector", 
            
            { "label": "Surface" },
            "Node_Surface_data",
            "Node_Surface_Is_Empty",
            "Node_IsoSurf",
            "Node_Surface_From_Buffer",
            
            { "label": "Buffer" },
            "Node_Surface_To_Buffer",
            "Node_Buffer_to_String"
        ]
    }, //Values
    {
        "name": "Color", "nodes": [
            { "label": "Colors" },
            { "label": "/Creators" },
            "Node_Color",
            "Node_Color_RGB",
            "Node_Color_HSV",
            "Node_Color_OKLCH",
            { "label": "/Data" },
            "Node_Color_Data",
            "Node_Color_to_RGB",
            "Node_Color_to_HSV",
            "Node_Color_to_OKLCH",
            { "label": "/Operators" },
            "Node_Color_Math",
            "Node_Color_Mix",
            { "label": "/Surfaces" },
            "Node_Sampler",
            "Node_Find_Pixel",
            "Node_Pixel_Extract",
            
            { "label": "Palettes" },
            { "label": "/Creators" },
            "Node_Palette",
            "Node_Palette_Extract",
            { "label": "/Modifiers" },
            "Node_Palette_Sort",
            "Node_Palette_Shrink",
            "Node_Palette_Replace",
            
            { "label": "Gradient" },
            { "label": "/Creators" },
            "Node_Gradient_Out",
            "Node_Gradient_Palette",
            { "label": "/Modifiers" },
            "Node_Gradient_Shift",
            "Node_Gradient_Replace_Color",
            { "label": "/Data" },
            "Node_Gradient_Extract",
            "Node_Gradient_Sample"
        ]
    }, //Color
    {
        "name": "Animation", "nodes": [
            { "label": "Animations" },
            "Node_Rate_Remap",
            "Node_Delay",
            "Node_Delay_Value",
            "Node_Stagger",
            "Node_Revert",
            "Node_Anim_Loop",
            
            { "label": "Value" },
            "Node_Counter",
            "Node_Anim_Curve",
            "Node_Fn_WaveTable",
            "Node_Wiggler",
            "Node_Fn_Ease",
            "Node_Fn_Math",
            "Node_Fn_SmoothStep",
            
            { "label": "Audio" },
            { "label": "/Files" },
            "Node_WAV_File_Read",
            "Node_WAV_File_Write",
            { "label": "/Analyzers" },
            "Node_Audio_Window",
            "Node_Audio_Loudness",
            "Node_FFT",
            { "label": "/Renders" },
            "Node_Plot_Linear"
        ]
    }, //Animation
    {
        "name": "Misc", "nodes": [
            { "label": "Control" },
            "Node_Condition",
            "Node_Switch",
            "Node_Threshold_Switch",
            "Node_Animation_Control",
            
            { "label": "Groups" },
            "Node_Group",
            "Node_Feedback",
            "Node_Iterate",
            "Node_Iterate_Each_Inline",
            "Node_Iterate_Each_File_Inline",
            "Node_Iterate_Filter_Inline",
            
            { "label": "Lua" },
            "Node_Lua_Global",
            "Node_Lua_Surface",
            "Node_Lua_Compute",
            
            { "label": "Shader" },
            "Node_HLSL",
            
            { "label": "Organize" },
            "Node_Pin",
            "Node_Array_Pin",
            "Node_Frame",
            "Node_Tunnel_In",
            "Node_Tunnel_Out",
            "Node_Display_Text",
            "Node_Display_Image",
            
            { "label": "Cache" },
            "Node_Cache",
            "Node_Cache_Results",
            "Node_Cache_Array",
            "Node_Cache_Value_Array",
            
            { "label": "Debug" },
            "Node_Print",
            "Node_Widget_Test",
            "Node_Graph_Preview",
            "Node_Slideshow",
            
            { "label": "Project" },
            "Node_Project_Data",
            "Node_Project_Layer",
            "Node_Layer_Output", 
            "Node_Project_Output",
            
            { "label": "System" },
            "Node_Argument",
            "Node_Terminal_Trigger",
            "Node_Shell",
            "Node_Monitor_Capture",
            "Node_Application_In",
            "Node_Application_Out",
            "Node_Assert",
            "Node_Image_Grid_Patreon",
            "Node_Image_List_Bug",
            "Node_UI_Delay",
        ]
    }, //Misc
    {
        "iname": "pcx_Variable",
        "globalContext": "pcx", "name": "Variable", "nodes": [
            "Node_PCX_var",
            "Node_PCX_fn_var"
        ]
    }, //pcx_Variable
    {
        "iname": "pcx_Functions",
        "globalContext": "pcx", "name": "Functions", "nodes": [
            "Node_PCX_Equation",
            
            { "label": "Numbers" },
            "Node_PCX_fn_Math",
            "Node_PCX_fn_Random",
            
            { "label": "Surface" },
            "Node_PCX_fn_Surface_Width",
            "Node_PCX_fn_Surface_Height",
            
            { "label": "Array" },
            "Node_PCX_Array_Get",
            "Node_PCX_Array_Set"
        ]
    }, //pcx_Functions
    {
        "iname": "pcx_Flow_Control",
        "globalContext": "pcx", "name": "Flow Control", "nodes": [
            "Node_PCX_Condition"
        ]
    } //pcx_Flow_Control
]